thisN,thisTrialN,thisRepN,instructionType,instructionSymbol,action,stimText,stimAudio,stimVideo,movement,keyBlockResponse.keys,keyBlockResponse.rt,keyBlockResponse.duration,trainingTrials_block.thisRepN,trainingTrials_block.thisTrialN,trainingTrials_block.thisN,trainingTrials_block.thisIndex,blockLoop.thisRepN,blockLoop.thisTrialN,blockLoop.thisN,blockLoop.thisIndex,trialsLoop.thisRepN,trialsLoop.thisTrialN,trialsLoop.thisN,trialsLoop.thisIndex,pause.thisRepN,pause.thisTrialN,pause.thisN,pause.thisIndex,halfTimeLoop.thisRepN,halfTimeLoop.thisTrialN,halfTimeLoop.thisN,halfTimeLoop.thisIndex,thisRow.t,notes,welcomeScreen.started,textWelcome.started,keyWelcome.started,welcomeScreen.stopped,keyWelcome.keys,keyWelcome.rt,keyWelcome.duration,explanationScreen.started,textExplanation.started,keyExplanationResponse.started,explanationScreen.stopped,keyExplanationResponse.keys,keyExplanationResponse.rt,keyExplanationResponse.duration,expInstructSpeak.started,textInstructSpeak.started,imageSpeak.started,textInstructSpeak_continue.started,keyInstructSpeak_continue.started,expInstructSpeak.stopped,keyInstructSpeak_continue.keys,keyInstructSpeak_continue.rt,keyInstructSpeak_continue.duration,expInstructHand.started,textInstructHand.started,keyInstructHand_continue.started,textInstructHand_continue.started,imageInstructHand.started,expInstructHand.stopped,keyInstructHand_continue.keys,keyInstructHand_continue.rt,keyInstructHand_continue.duration,expInstructBoth.started,textInstructBoth.started,imageInstructBoth.started,keyresponseInstructBoth.started,textInstructBoth_continue.started,expInstructBoth.stopped,keyresponseInstructBoth.keys,keyresponseInstructBoth.rt,keyresponseInstructBoth.duration,blockTrials.started,textBlockOne.started,keyBlockResponse.started,blockTrials.stopped,blockLoop.keyBlockResponse.keys,blockLoop.keyBlockResponse.rt,blockLoop.keyBlockResponse.duration,image_aspect,trials.started,iti.started,iti.stopped,trialStart.started,trialStart.stopped,movieGesture.started,soundStimulus.started,soundStimulus.stopped,movieGesture.stopped,instructionImage.started,instructionImage.stopped,actionCue.started,audioGoCue.started,audioGoCue.stopped,actionCue.stopped,trials.stopped,halfTime.started,textHalfTime.started,halfTime.stopped,goodbyeScreen.started,textGoodbye.started,goodbyeScreen.stopped,participant,session,date,expName,expVersion,psychopyVersion,frameRate,expStart,
,,,,,,,,,,,,,,,,,,,,,,,,,,,,,,,,,,,0.05555540000023029,0.057313499999963824,0.057313499999963824,39.17815849999988,space,39.10872999999992,None,,,,,,,,,,,,,,,,,,,,,,,,,,,,,,,,,,,,,,,,,,,,,,,,,,,,,,,,,,,,,,,,,BCI02,001,2025-12-12_10h20.03.735,CoSpeechGestures,,2025.1.1,59.95139141183242,2025-12-12 10h20.18.187367 -0600,
,,,,,,,,,,,,,,,,,,,,,,,,,,,,,,,,,,,,,,,,,,39.17819039999995,39.19269519999989,39.19269519999989,69.97647710000001,space,30.770109100000354,None,,,,,,,,,,,,,,,,,,,,,,,,,,,,,,,,,,,,,,,,,,,,,,,,,,,,,,,,,,BCI02,001,2025-12-12_10h20.03.735,CoSpeechGestures,,2025.1.1,59.95139141183242,2025-12-12 10h20.18.187367 -0600,
,,,,,,,,,,,,,,,,,,,,,,,,,,,,,,,,,,,,,,,,,,,,,,,,,69.97650460000023,69.99291140000014,69.99291140000014,69.99291140000014,69.99291140000014,74.87636770000017,space,4.866882900000292,None,,,,,,,,,,,,,,,,,,,,,,,,,,,,,,,,,,,,,,,,,,,,,,,,,BCI02,001,2025-12-12_10h20.03.735,CoSpeechGestures,,2025.1.1,59.95139141183242,2025-12-12 10h20.18.187367 -0600,
,,,,,,,,,,,,,,,,,,,,,,,,,,,,,,,,,,,,,,,,,,,,,,,,,,,,,,,,,,74.87639459999991,74.89293839999982,74.89293839999982,74.89293839999982,74.89293839999982,77.00979920000009,space,2.1116187000002355,None,,,,,,,,,,,,,,,,,,,,,,,,,,,,,,,,,,,,,,,,BCI02,001,2025-12-12_10h20.03.735,CoSpeechGestures,,2025.1.1,59.95139141183242,2025-12-12 10h20.18.187367 -0600,
,,,,,,,,,,,,,,,,,,,,,,,,,,,,,,,,,,,,,,,,,,,,,,,,,,,,,,,,,,,,,,,,,,,77.01014410000016,77.02625480000006,77.02625480000006,77.02625480000006,77.02625480000006,84.75987600000008,space,7.733341699999983,None,,,,,,,,,,,,,,,,,,,,,,,,,,,,,,,BCI02,001,2025-12-12_10h20.03.735,CoSpeechGestures,,2025.1.1,59.95139141183242,2025-12-12 10h20.18.187367 -0600,
0,0,0,gesture,images/hand.png,go,"outside",audios/outside.wav,videos/outside_clip.mp4,arm,space,155.21646820000024,None,,,,,0,0,0,0,0,0,0,0,,,,,,,,,240.1688677000002,,,,,,,,,,,,,,,,,,,,,,,,,,,,,,,,,,,,,,,,,,,84.77368119999983,84.77624980000019,84.77624980000019,239.99402800000007,space,155.21646820000024,None,1.0,240.1671311,240.1688677000002,241.99399630000016,241.99399630000016,242.99408670000003,242.99408670000003,243.49383616666663,245.2938250000002,246.09539790000008,246.09539790000008,248.49388230000022,248.49388230000022,248.49385956666654,249.49387019999995,251.2771972999999,250.97734750000018,,,,,,,BCI02,001,2025-12-12_10h20.03.735,CoSpeechGestures,,2025.1.1,59.95139141183242,2025-12-12 10h20.18.187367 -0600,
1,1,0,speech_gesture,images/speak_gesture.png,go,"peace",audios/peace.wav,videos/peace_clip.mp4,digits,space,155.21646820000024,None,,,,,0,0,0,0,0,1,1,1,,,,,,,,,251.2771972999999,,,,,,,,,,,,,,,,,,,,,,,,,,,,,,,,,,,,,,,,,,,,,,,,,,2.663076923076923,251.2747402,251.2771972999999,252.99390410000024,252.99390410000024,253.99427400000013,253.99427400000013,254.49392706666666,255.8607710000001,257.0952510000002,257.0952510000002,259.49403310000025,259.49403310000025,259.4939369666665,260.49390790000007,262.26095350000014,261.9773921000001,,,,,,,BCI02,001,2025-12-12_10h20.03.735,CoSpeechGestures,,2025.1.1,59.95139141183242,2025-12-12 10h20.18.187367 -0600,
2,2,0,speech_no,images/speak.png,nogo,"peace",audios/peace.wav,videos/peace_clip.mp4,digits,space,155.21646820000024,None,,,,,0,0,0,0,0,2,2,2,,,,,,,,,262.26095350000014,,,,,,,,,,,,,,,,,,,,,,,,,,,,,,,,,,,,,,,,,,,,,,,,,,1.0,262.25972219999994,262.26095350000014,263.9939611,263.9939611,264.99425440000005,264.99425440000005,265.49399026666674,266.86062390000006,268.09174710000025,268.09174710000025,270.49403040000016,270.49403040000016,270.4940088666665,271.49706000000015,273.2497527999999,272.9775537999999,,,,,,,BCI02,001,2025-12-12_10h20.03.735,CoSpeechGestures,,2025.1.1,59.95139141183242,2025-12-12 10h20.18.187367 -0600,
3,3,0,gesture,images/hand.png,go,"good luck",audios/goodluck2.wav,videos/goodluck_clip.mp4,digits,space,155.21646820000024,None,,,,,0,0,0,0,0,3,3,3,,,,,,,,,273.2497527999999,,,,,,,,,,,,,,,,,,,,,,,,,,,,,,,,,,,,,,,,,,,,,,,,,,1.0,273.2486786999998,273.2497527999999,274.99399829999993,274.99399829999993,275.99425930000007,275.99425930000007,276.49401276666663,277.9773212,279.09608049999997,279.09608049999997,281.4940652999999,281.4940652999999,281.49407916666655,282.4941481999999,284.2566270000002,283.9775631000002,,,,,,,BCI02,001,2025-12-12_10h20.03.735,CoSpeechGestures,,2025.1.1,59.95139141183242,2025-12-12 10h20.18.187367 -0600,
4,4,0,speech_gesture,images/speak_gesture.png,go,"peace",audios/peace.wav,videos/peace_clip.mp4,digits,space,155.21646820000024,None,,,,,0,0,0,0,0,4,4,4,,,,,,,,,284.2566270000002,,,,,,,,,,,,,,,,,,,,,,,,,,,,,,,,,,,,,,,,,,,,,,,,,,2.663076923076923,284.2520333000002,284.2566270000002,285.99422890000005,285.99422890000005,286.99438020000025,286.99438020000025,287.49423066666645,288.87742609999987,290.1152255000002,290.1152255000002,292.49412540000003,292.49412540000003,292.49414316666684,293.4971467999999,295.2562971000002,294.9775346000001,,,,,,,BCI02,001,2025-12-12_10h20.03.735,CoSpeechGestures,,2025.1.1,59.95139141183242,2025-12-12 10h20.18.187367 -0600,
5,5,0,speech_gesture,images/speak_gesture.png,go,"yes",audios/yes.wav,videos/yes_clip.mp4,digits,space,155.21646820000024,None,,,,,0,0,0,0,0,5,5,5,,,,,,,,,295.2562971000002,,,,,,,,,,,,,,,,,,,,,,,,,,,,,,,,,,,,,,,,,,,,,,,,,,2.663076923076923,295.2549103000001,295.2562971000002,296.9944405000001,296.9944405000001,297.99479199999996,297.99479199999996,298.4944943666667,300.1944914999999,301.10310519999985,301.10310519999985,303.4946528999999,303.4946528999999,303.49453326666685,304.49457399999983,306.25380499999983,305.9807329,,,,,,,BCI02,001,2025-12-12_10h20.03.735,CoSpeechGestures,,2025.1.1,59.95139141183242,2025-12-12 10h20.18.187367 -0600,
6,6,0,speech,images/speak.png,go,"outside",audios/outside.wav,videos/outside_clip.mp4,arm,space,155.21646820000024,None,,,,,0,0,0,0,0,6,6,6,,,,,,,,,306.25380499999983,,,,,,,,,,,,,,,,,,,,,,,,,,,,,,,,,,,,,,,,,,,,,,,,,,1.0,306.25241749999986,306.25380499999983,307.99452710000014,307.99452710000014,308.9943404999999,308.9943404999999,309.4941980666665,311.29404840000007,312.1030372,312.1030372,314.49461740000015,314.49461740000015,314.49455656666646,315.49462159999985,317.25717250000025,316.9781581000002,,,,,,,BCI02,001,2025-12-12_10h20.03.735,CoSpeechGestures,,2025.1.1,59.95139141183242,2025-12-12 10h20.18.187367 -0600,
7,7,0,speech_gesture,images/speak_gesture.png,go,"OK",audios/OK.wav,videos/ok_clip.mp4,digits,space,155.21646820000024,None,,,,,0,0,0,0,0,7,7,7,,,,,,,,,317.25717250000025,,,,,,,,,,,,,,,,,,,,,,,,,,,,,,,,,,,,,,,,,,,,,,,,,,2.663076923076923,317.2555514999999,317.25717250000025,318.9946009999999,318.9946009999999,319.99436719999994,319.99436719999994,320.4942649666666,321.71078990000024,323.1000687999999,323.1000687999999,325.4946553,325.4946553,325.4941610666667,326.49470900000006,328.2448929000002,327.98161900000014,,,,,,,BCI02,001,2025-12-12_10h20.03.735,CoSpeechGestures,,2025.1.1,59.95139141183242,2025-12-12 10h20.18.187367 -0600,
8,8,0,speech_gesture,images/speak_gesture.png,go,"goodbye",audios/goodbye.wav,videos/goodbye_clip.mp4,wrist,space,155.21646820000024,None,,,,,0,0,0,0,0,8,8,8,,,,,,,,,328.2448929000002,,,,,,,,,,,,,,,,,,,,,,,,,,,,,,,,,,,,,,,,,,,,,,,,,,2.663076923076923,328.24060199999985,328.2448929000002,329.9948094000001,329.9948094000001,330.9944749000001,330.9944749000001,331.49416216666646,333.4948588000002,334.09107129999984,334.09107129999984,336.49468780000007,336.49468780000007,336.4946783666667,337.4946596,339.28778109999985,338.9781803000001,,,,,,,BCI02,001,2025-12-12_10h20.03.735,CoSpeechGestures,,2025.1.1,59.95139141183242,2025-12-12 10h20.18.187367 -0600,
9,9,0,speech_gesture,images/speak_gesture.png,go,"cutting",audios/cutting.wav,videos/cutting_clip.mp4,arm,space,155.21646820000024,None,,,,,0,0,0,0,0,9,9,9,,,,,,,,,339.28778109999985,,,,,,,,,,,,,,,,,,,,,,,,,,,,,,,,,,,,,,,,,,,,,,,,,,2.663076923076923,339.2864559999998,339.28778109999985,340.9947022000001,340.9947022000001,341.99444619999986,341.99444619999986,342.4949244666666,344.22756329999993,345.1108276,345.1108276,347.49422540000023,347.49422540000023,347.49476086666687,348.49816740000006,350.2454289000002,349.9777545000002,,,,,,,BCI02,001,2025-12-12_10h20.03.735,CoSpeechGestures,,2025.1.1,59.95139141183242,2025-12-12 10h20.18.187367 -0600,
10,10,0,speech,images/speak.png,go,"sweeping",audios/sweeping.wav,videos/sweeping_clip.mp4,arm,space,155.21646820000024,None,,,,,0,0,0,0,0,10,10,10,,,,,,,,,350.2454289000002,,,,,,,,,,,,,,,,,,,,,,,,,,,,,,,,,,,,,,,,,,,,,,,,,,1.0,350.2442500000002,350.2454289000002,351.9947649999999,351.9947649999999,352.99447280000004,352.99447280000004,353.4943126666665,355.29426969999986,356.09651889999986,356.09651889999986,358.4943112000001,358.4943112000001,358.49481826666647,359.4948322,361.2308191000002,360.98076889999993,,,,,,,BCI02,001,2025-12-12_10h20.03.735,CoSpeechGestures,,2025.1.1,59.95139141183242,2025-12-12 10h20.18.187367 -0600,
11,11,0,speech,images/speak.png,go,"outside",audios/outside.wav,videos/outside_clip.mp4,arm,space,155.21646820000024,None,,,,,0,0,0,0,0,11,11,11,,,,,,,,,361.2308191000002,,,,,,,,,,,,,,,,,,,,,,,,,,,,,,,,,,,,,,,,,,,,,,,,,,1.0,361.2282958999999,361.2308191000002,362.9943524,362.9943524,363.99467270000014,363.99467270000014,364.49503236666646,366.2948086000001,367.1157521,367.1157521,369.49486290000004,369.49486290000004,369.4948882666665,370.4948806000002,372.2662934,371.9808987000001,,,,,,,BCI02,001,2025-12-12_10h20.03.735,CoSpeechGestures,,2025.1.1,59.95139141183242,2025-12-12 10h20.18.187367 -0600,
12,12,0,speech_gesture,images/speak_gesture.png,go,"bumpy",audios/bumpy.wav,videos/bumpy_clip.mp4,wrist,space,155.21646820000024,None,,,,,0,0,0,0,0,12,12,12,,,,,,,,,372.2662934,,,,,,,,,,,,,,,,,,,,,,,,,,,,,,,,,,,,,,,,,,,,,,,,,,2.663076923076923,372.26469540000016,372.2662934,373.9943512,373.9943512,374.9946199000001,374.9946199000001,375.49498186666665,377.3284349999999,378.1068240999998,378.1068240999998,380.4949181000002,380.4949181000002,380.4950062666669,381.49935099999993,383.2175901999999,382.9785213,,,,,,,BCI02,001,2025-12-12_10h20.03.735,CoSpeechGestures,,2025.1.1,59.95139141183242,2025-12-12 10h20.18.187367 -0600,
13,13,0,speech_gesture,images/speak_gesture.png,go,"good luck",audios/goodluck2.wav,videos/goodluck_clip.mp4,digits,space,155.21646820000024,None,,,,,0,0,0,0,0,13,13,13,,,,,,,,,383.2175901999999,,,,,,,,,,,,,,,,,,,,,,,,,,,,,,,,,,,,,,,,,,,,,,,,,,2.663076923076923,383.2165759999998,383.2175901999999,384.9950675,384.9950675,385.9947065000001,385.9947065000001,386.4950826666666,387.9778154999999,389.11298399999987,389.11298399999987,391.49493889999985,391.49493889999985,391.4949860666668,392.49495909999996,394.2207235000001,393.98109650000015,,,,,,,BCI02,001,2025-12-12_10h20.03.735,CoSpeechGestures,,2025.1.1,59.95139141183242,2025-12-12 10h20.18.187367 -0600,
14,14,0,speech_gesture,images/speak_gesture.png,go,"cutting",audios/cutting.wav,videos/cutting_clip.mp4,arm,space,155.21646820000024,None,,,,,0,0,0,0,0,14,14,14,,,,,,,,,394.2207235000001,,,,,,,,,,,,,,,,,,,,,,,,,,,,,,,,,,,,,,,,,,,,,,,,,,2.663076923076923,394.21684330000016,394.2207235000001,395.9950997000001,395.9950997000001,396.99471570000014,396.99471570000014,397.4945529666668,399.22831750000023,400.1078867000001,400.1078867000001,402.4950027,402.4950027,402.4950356666666,403.49502470000016,405.24573929999997,404.9786156,,,,,,,BCI02,001,2025-12-12_10h20.03.735,CoSpeechGestures,,2025.1.1,59.95139141183242,2025-12-12 10h20.18.187367 -0600,
15,15,0,speech_gesture,images/speak_gesture.png,go,"hang loose",audios/hangloose.wav,videos/hangloose_clip.mp4,digits,space,155.21646820000024,None,,,,,0,0,0,0,0,15,15,15,,,,,,,,,405.24573929999997,,,,,,,,,,,,,,,,,,,,,,,,,,,,,,,,,,,,,,,,,,,,,,,,,,2.663076923076923,405.2442947999998,405.24573929999997,406.9950893,406.9950893,407.9948115000002,407.9948115000002,408.4951041666666,410.1279005000001,411.0911741,411.0911741,413.4950398000001,413.4950398000001,413.4950806666668,414.4950761,416.2446291000001,415.9785781999999,,,,,,,BCI02,001,2025-12-12_10h20.03.735,CoSpeechGestures,,2025.1.1,59.95139141183242,2025-12-12 10h20.18.187367 -0600,
16,16,0,speech_gesture,images/speak_gesture.png,go,"OK",audios/OK.wav,videos/ok_clip.mp4,digits,space,155.21646820000024,None,,,,,0,0,0,0,0,16,16,16,,,,,,,,,416.2446291000001,,,,,,,,,,,,,,,,,,,,,,,,,,,,,,,,,,,,,,,,,,,,,,,,,,2.663076923076923,416.24324549999983,416.2446291000001,417.9951215000001,417.9951215000001,418.99484740000025,418.99484740000025,419.4951303666669,420.7113159999999,422.1138977999999,422.1138977999999,424.4946767000001,424.4946767000001,424.4951477666666,425.49461340000016,427.2520519999998,426.9786960000001,,,,,,,BCI02,001,2025-12-12_10h20.03.735,CoSpeechGestures,,2025.1.1,59.95139141183242,2025-12-12 10h20.18.187367 -0600,
17,17,0,speech,images/speak.png,go,"yes",audios/yes.wav,videos/yes_clip.mp4,digits,space,155.21646820000024,None,,,,,0,0,0,0,0,17,17,17,,,,,,,,,427.2520519999998,,,,,,,,,,,,,,,,,,,,,,,,,,,,,,,,,,,,,,,,,,,,,,,,,,1.0,427.2507150000001,427.2520519999998,428.99510199999986,428.99510199999986,429.9948823999998,429.9948823999998,430.49469006666664,432.17803300000014,433.11353640000016,433.11353640000016,435.49472319999995,435.49472319999995,435.4951845666667,436.4952271000002,438.2179756999999,437.9786417999999,,,,,,,BCI02,001,2025-12-12_10h20.03.735,CoSpeechGestures,,2025.1.1,59.95139141183242,2025-12-12 10h20.18.187367 -0600,
18,18,0,speech_no,images/speak.png,nogo,"good luck",audios/goodluck2.wav,videos/goodluck_clip.mp4,digits,space,155.21646820000024,None,,,,,0,0,0,0,0,18,18,18,,,,,,,,,438.2179756999999,,,,,,,,,,,,,,,,,,,,,,,,,,,,,,,,,,,,,,,,,,,,,,,,,,1.0,438.2168657000002,438.2179756999999,439.99469769999996,439.99469769999996,440.99494989999994,440.99494989999994,441.4952479666665,442.9781011,444.0954935999998,444.0954935999998,446.4952612000002,446.4952612000002,446.49523366666676,447.49526060000017,449.24701860000005,448.97872480000024,,,,,,,BCI02,001,2025-12-12_10h20.03.735,CoSpeechGestures,,2025.1.1,59.95139141183242,2025-12-12 10h20.18.187367 -0600,
19,19,0,speech_gesture,images/speak_gesture.png,go,"what",audios/what.wav,videos/what_clip.mp4,wrist,space,155.21646820000024,None,,,,,0,0,0,0,0,19,19,19,,,,,,,,,449.24701860000005,,,,,,,,,,,,,,,,,,,,,,,,,,,,,,,,,,,,,,,,,,,,,,,,,,2.663076923076923,449.24577980000004,449.24701860000005,450.99541279999994,450.99541279999994,451.99501740000005,451.99501740000005,452.4948208666667,453.8453076999999,455.0923237000002,455.0923237000002,457.49544620000006,457.49544620000006,457.4948262666669,458.4947778999999,460.23639319999984,459.9782107000001,,,,,,,BCI02,001,2025-12-12_10h20.03.735,CoSpeechGestures,,2025.1.1,59.95139141183242,2025-12-12 10h20.18.187367 -0600,
20,20,0,speech,images/speak.png,go,"yes",audios/yes.wav,videos/yes_clip.mp4,digits,space,155.21646820000024,None,,,,,0,0,0,0,0,20,20,20,,,,,,,,,460.23639319999984,,,,,,,,,,,,,,,,,,,,,,,,,,,,,,,,,,,,,,,,,,,,,,,,,,1.0,460.2351165,460.23639319999984,461.9953661999998,461.9953661999998,462.99565459999985,462.99565459999985,463.4948556666666,465.1782140999999,466.1023530000002,466.1023530000002,468.49533969999993,468.49533969999993,468.49549746666685,469.4953872000001,471.2499149,470.97878470000023,,,,,,,BCI02,001,2025-12-12_10h20.03.735,CoSpeechGestures,,2025.1.1,59.95139141183242,2025-12-12 10h20.18.187367 -0600,
21,21,0,speech_gesture,images/speak_gesture.png,go,"good luck",audios/goodluck2.wav,videos/goodluck_clip.mp4,digits,space,155.21646820000024,None,,,,,0,0,0,0,0,21,21,21,,,,,,,,,471.2499149,,,,,,,,,,,,,,,,,,,,,,,,,,,,,,,,,,,,,,,,,,,,,,,,,,2.663076923076923,471.2485197000001,471.2499149,472.99554369999987,472.99554369999987,473.99514009999984,473.99514009999984,474.4949331666669,475.9789168000002,477.10275619999993,477.10275619999993,479.4953931,479.4953931,479.49542136666673,480.4955894999998,482.21891989999995,481.97831159999987,,,,,,,BCI02,001,2025-12-12_10h20.03.735,CoSpeechGestures,,2025.1.1,59.95139141183242,2025-12-12 10h20.18.187367 -0600,
22,22,0,speech_gesture,images/speak_gesture.png,go,"outside",audios/outside.wav,videos/outside_clip.mp4,arm,space,155.21646820000024,None,,,,,0,0,0,0,0,22,22,22,,,,,,,,,482.21891989999995,,,,,,,,,,,,,,,,,,,,,,,,,,,,,,,,,,,,,,,,,,,,,,,,,,2.663076923076923,482.21752049999986,482.21891989999995,483.99561730000005,483.99561730000005,484.99521920000007,484.99521920000007,485.4950266666667,487.2950457000002,488.10937939999985,488.10937939999985,490.4956000000002,490.4956000000002,490.49547946666667,491.49490860000014,493.1882703000001,492.9790766000001,,,,,,,BCI02,001,2025-12-12_10h20.03.735,CoSpeechGestures,,2025.1.1,59.95139141183242,2025-12-12 10h20.18.187367 -0600,
23,23,0,gesture,images/hand.png,go,"OK",audios/OK.wav,videos/ok_clip.mp4,digits,space,155.21646820000024,None,,,,,0,0,0,0,0,23,23,23,,,,,,,,,493.1882703000001,,,,,,,,,,,,,,,,,,,,,,,,,,,,,,,,,,,,,,,,,,,,,,,,,,1.0,493.1870543,493.1882703000001,494.99550739999995,494.99550739999995,495.9958142999999,495.9958142999999,496.49500866666654,497.71205850000024,499.0855621999999,499.0855621999999,501.49553920000017,501.49553920000017,501.49504666666667,502.49527320000016,504.23907569999983,503.9786733000001,,,,,,,BCI02,001,2025-12-12_10h20.03.735,CoSpeechGestures,,2025.1.1,59.95139141183242,2025-12-12 10h20.18.187367 -0600,
24,24,0,speech_gesture,images/speak_gesture.png,go,"goodbye",audios/goodbye.wav,videos/goodbye_clip.mp4,wrist,space,155.21646820000024,None,,,,,0,0,0,0,0,24,24,24,,,,,,,,,504.23907569999983,,,,,,,,,,,,,,,,,,,,,,,,,,,,,,,,,,,,,,,,,,,,,,,,,,2.663076923076923,504.2374448999999,504.23907569999983,505.9950818000002,505.9950818000002,506.99527639999997,506.99527639999997,507.49511166666684,509.49505069999987,510.10107389999985,510.10107389999985,512.4955574,512.4955574,512.4956489666667,513.4957018,515.2434407999999,514.9785109,,,,,,,BCI02,001,2025-12-12_10h20.03.735,CoSpeechGestures,,2025.1.1,59.95139141183242,2025-12-12 10h20.18.187367 -0600,
25,25,0,gesture,images/hand.png,go,"sweeping",audios/sweeping.wav,videos/sweeping_clip.mp4,arm,space,155.21646820000024,None,,,,,0,0,0,0,0,25,25,25,,,,,,,,,515.2434407999999,,,,,,,,,,,,,,,,,,,,,,,,,,,,,,,,,,,,,,,,,,,,,,,,,,1.0,515.2422461000001,515.2434407999999,516.9955958,516.9955958,517.9956139999999,517.9956139999999,518.4956685666668,520.2955523,521.0946953000002,521.0946953000002,523.4956261000002,523.4956261000002,523.4956910666667,524.4950623,526.2609228000001,525.9786533000001,,,,,,,BCI02,001,2025-12-12_10h20.03.735,CoSpeechGestures,,2025.1.1,59.95139141183242,2025-12-12 10h20.18.187367 -0600,
26,26,0,speech,images/speak.png,go,"cutting",audios/cutting.wav,videos/cutting_clip.mp4,arm,space,155.21646820000024,None,,,,,0,0,0,0,0,26,26,26,,,,,,,,,526.2609228000001,,,,,,,,,,,,,,,,,,,,,,,,,,,,,,,,,,,,,,,,,,,,,,,,,,1.0,526.2598002,526.2609228000001,527.9956216999999,527.9956216999999,528.9959109000001,528.9959109000001,529.4951585666665,531.2284937,532.0878892999999,532.0878892999999,534.4958236000002,534.4958236000002,534.4957169666666,535.4958381000001,537.2274934000002,536.9816790999998,,,,,,,BCI02,001,2025-12-12_10h20.03.735,CoSpeechGestures,,2025.1.1,59.95139141183242,2025-12-12 10h20.18.187367 -0600,
27,27,0,gesture,images/hand.png,go,"bumpy",audios/bumpy.wav,videos/bumpy_clip.mp4,wrist,space,155.21646820000024,None,,,,,0,0,0,0,0,27,27,27,,,,,,,,,537.2274934000002,,,,,,,,,,,,,,,,,,,,,,,,,,,,,,,,,,,,,,,,,,,,,,,,,,1.0,537.2263607999998,537.2274934000002,538.9952217,538.9952217,539.9954430000003,539.9954430000003,540.4952618666669,542.3304896999998,543.0814817,543.0814817,545.4957304999998,545.4957304999998,545.4957750666665,546.4957350999998,548.2001820999999,547.9786715999999,,,,,,,BCI02,001,2025-12-12_10h20.03.735,CoSpeechGestures,,2025.1.1,59.95139141183242,2025-12-12 10h20.18.187367 -0600,
28,28,0,speech_gesture,images/speak_gesture.png,go,"stop",audios/stop2.wav,videos/stop_clip.mp4,wrist,space,155.21646820000024,None,,,,,0,0,0,0,0,28,28,28,,,,,,,,,548.2001820999999,,,,,,,,,,,,,,,,,,,,,,,,,,,,,,,,,,,,,,,,,,,,,,,,,,2.663076923076923,548.1989057000001,548.2001820999999,549.9952481999999,549.9952481999999,550.9962952999999,550.9962952999999,551.4960092666668,553.0791457,554.0989726000003,554.0989726000003,556.4957981000002,556.4957981000002,556.4953118666665,557.4958099,559.2246848999998,558.9793675999999,,,,,,,BCI02,001,2025-12-12_10h20.03.735,CoSpeechGestures,,2025.1.1,59.95139141183242,2025-12-12 10h20.18.187367 -0600,
29,29,0,speech_gesture,images/speak_gesture.png,go,"sweeping",audios/sweeping.wav,videos/sweeping_clip.mp4,arm,space,155.21646820000024,None,,,,,0,0,0,0,0,29,29,29,,,,,,,,,559.2246848999998,,,,,,,,,,,,,,,,,,,,,,,,,,,,,,,,,,,,,,,,,,,,,,,,,,2.663076923076923,559.2232807,559.2246848999998,560.9953721000002,560.9953721000002,561.9956175000002,561.9956175000002,562.4953628666665,564.2953719000002,565.1082074000001,565.1082074000001,567.4958452000001,567.4958452000001,567.4960079666669,568.4959555999999,570.2357792000003,569.9793092,,,,,,,BCI02,001,2025-12-12_10h20.03.735,CoSpeechGestures,,2025.1.1,59.95139141183242,2025-12-12 10h20.18.187367 -0600,
30,30,0,speech,images/speak.png,go,"peace",audios/peace.wav,videos/peace_clip.mp4,digits,space,155.21646820000024,None,,,,,0,0,0,0,0,30,30,30,,,,,,,,,570.2357792000003,,,,,,,,,,,,,,,,,,,,,,,,,,,,,,,,,,,,,,,,,,,,,,,,,,1.0,570.2345017000002,570.2357792000003,571.9958483,571.9958483,572.9956017999998,572.9956017999998,573.4960510666667,574.8620602000001,576.1023691999999,576.1023691999999,578.4959010000002,578.4959010000002,578.4959218666665,579.4958654000002,581.2260460000002,580.9793564000001,,,,,,,BCI02,001,2025-12-12_10h20.03.735,CoSpeechGestures,,2025.1.1,59.95139141183242,2025-12-12 10h20.18.187367 -0600,
31,31,0,speech,images/speak.png,go,"hang loose",audios/hangloose.wav,videos/hangloose_clip.mp4,digits,space,155.21646820000024,None,,,,,0,0,0,0,0,31,31,31,,,,,,,,,581.2260460000002,,,,,,,,,,,,,,,,,,,,,,,,,,,,,,,,,,,,,,,,,,,,,,,,,,1.0,581.2236917999999,581.2260460000002,582.9959337999999,582.9959337999999,583.9956723,583.9956723,584.4954580666665,586.1287717999999,587.1002468000001,587.1002468000001,589.4959769000002,589.4959769000002,589.4959763666668,590.4959613999999,592.2292127999999,591.9830735999999,,,,,,,BCI02,001,2025-12-12_10h20.03.735,CoSpeechGestures,,2025.1.1,59.95139141183242,2025-12-12 10h20.18.187367 -0600,
32,32,0,speech_gesture,images/speak_gesture.png,go,"goodbye",audios/goodbye.wav,videos/goodbye_clip.mp4,wrist,space,155.21646820000024,None,,,,,0,0,0,0,0,32,32,32,,,,,,,,,592.2292127999999,,,,,,,,,,,,,,,,,,,,,,,,,,,,,,,,,,,,,,,,,,,,,,,,,,2.663076923076923,592.2240258000002,592.2292127999999,593.9961191000002,593.9961191000002,594.9959407000001,594.9959407000001,595.4954939666666,597.4960756999999,598.0856746,598.0856746,600.4955688999999,600.4955688999999,600.4960180666665,601.4958236000002,603.2189352,602.9820103000002,,,,,,,BCI02,001,2025-12-12_10h20.03.735,CoSpeechGestures,,2025.1.1,59.95139141183242,2025-12-12 10h20.18.187367 -0600,
33,33,0,speech,images/speak.png,go,"outside",audios/outside.wav,videos/outside_clip.mp4,arm,space,155.21646820000024,None,,,,,0,0,0,0,0,33,33,33,,,,,,,,,603.2189352,,,,,,,,,,,,,,,,,,,,,,,,,,,,,,,,,,,,,,,,,,,,,,,,,,1.0,603.2175987,603.2189352,604.9960541,604.9960541,605.9958038999998,605.9958038999998,606.4955522666667,608.2960714000001,609.0917746,609.0917746,611.4960664999999,611.4960664999999,611.4962190666668,612.4960621,614.2393665,613.9795414999999,,,,,,,BCI02,001,2025-12-12_10h20.03.735,CoSpeechGestures,,2025.1.1,59.95139141183242,2025-12-12 10h20.18.187367 -0600,
34,34,0,gesture,images/hand.png,go,"goodbye",audios/goodbye.wav,videos/goodbye_clip.mp4,wrist,space,155.21646820000024,None,,,,,0,0,0,0,0,34,34,34,,,,,,,,,614.2393665,,,,,,,,,,,,,,,,,,,,,,,,,,,,,,,,,,,,,,,,,,,,,,,,,,1.0,614.2382686000001,614.2393665,615.9955786999999,615.9955786999999,616.9958569999999,616.9958569999999,617.4956303666665,619.4960558000002,620.0750017999999,620.0750017999999,622.4961920999999,622.4961920999999,622.4956556666668,623.4961315,625.2393252000002,624.9831767000001,,,,,,,BCI02,001,2025-12-12_10h20.03.735,CoSpeechGestures,,2025.1.1,59.95139141183242,2025-12-12 10h20.18.187367 -0600,
35,35,0,speech_gesture,images/speak_gesture.png,go,"what",audios/what.wav,videos/what_clip.mp4,wrist,space,155.21646820000024,None,,,,,0,0,0,0,0,35,35,35,,,,,,,,,625.2393252000002,,,,,,,,,,,,,,,,,,,,,,,,,,,,,,,,,,,,,,,,,,,,,,,,,,2.663076923076923,625.2363902000002,625.2393252000002,626.9963302000001,626.9963302000001,627.9964662000002,627.9964662000002,628.4957007666665,629.8456676999999,631.1000174999999,631.1000174999999,633.4956698000001,633.4956698000001,633.4961740666665,634.4962995999999,636.2153902999999,635.9796855999998,,,,,,,BCI02,001,2025-12-12_10h20.03.735,CoSpeechGestures,,2025.1.1,59.95139141183242,2025-12-12 10h20.18.187367 -0600,
36,36,0,speech,images/speak.png,go,"yes",audios/yes.wav,videos/yes_clip.mp4,digits,space,155.21646820000024,None,,,,,0,0,0,0,0,36,36,36,,,,,,,,,636.2153902999999,,,,,,,,,,,,,,,,,,,,,,,,,,,,,,,,,,,,,,,,,,,,,,,,,,1.0,636.2141620000002,636.2153902999999,637.9963318999999,637.9963318999999,638.9959061999998,638.9959061999998,639.4957153666667,641.1795416,642.0888421999998,642.0888421999998,644.4963140999998,644.4963140999998,644.4961967666666,645.4962043999999,647.245363,646.9798827,,,,,,,BCI02,001,2025-12-12_10h20.03.735,CoSpeechGestures,,2025.1.1,59.95139141183242,2025-12-12 10h20.18.187367 -0600,
37,37,0,speech_gesture,images/speak_gesture.png,go,"outside",audios/outside.wav,videos/outside_clip.mp4,arm,space,155.21646820000024,None,,,,,0,0,0,0,0,37,37,37,,,,,,,,,647.245363,,,,,,,,,,,,,,,,,,,,,,,,,,,,,,,,,,,,,,,,,,,,,,,,,,2.663076923076923,647.2423824000002,647.245363,648.9962366999998,648.9962366999998,649.9959846000002,649.9959846000002,650.4957525666666,652.2957698999999,653.0842249000002,653.0842249000002,655.4962679,655.4962679,655.4964039666668,656.5125398999999,658.2539434999999,657.9822353,,,,,,,BCI02,001,2025-12-12_10h20.03.735,CoSpeechGestures,,2025.1.1,59.95139141183242,2025-12-12 10h20.18.187367 -0600,
38,38,0,speech,images/speak.png,go,"good luck",audios/goodluck2.wav,videos/goodluck_clip.mp4,digits,space,155.21646820000024,None,,,,,0,0,0,0,0,38,38,38,,,,,,,,,658.2539434999999,,,,,,,,,,,,,,,,,,,,,,,,,,,,,,,,,,,,,,,,,,,,,,,,,,1.0,658.2509150000001,658.2539434999999,659.9963115,659.9963115,660.9966172,660.9966172,661.4958359666668,662.9798119000002,664.0807362,664.0807362,666.4963793000002,666.4963793000002,666.4963867666668,667.4959982999999,669.2339483999999,668.9797896,,,,,,,BCI02,001,2025-12-12_10h20.03.735,CoSpeechGestures,,2025.1.1,59.95139141183242,2025-12-12 10h20.18.187367 -0600,
39,39,0,speech_gesture,images/speak_gesture.png,go,"yes",audios/yes.wav,videos/yes_clip.mp4,digits,space,155.21646820000024,None,,,,,0,0,0,0,0,39,39,39,,,,,,,,,669.2339483999999,,,,,,,,,,,,,,,,,,,,,,,,,,,,,,,,,,,,,,,,,,,,,,,,,,2.663076923076923,669.2326604,669.2339483999999,670.9958873999999,670.9958873999999,671.9961066999999,671.9961066999999,672.4958969666666,674.1798443000002,675.0959214,675.0959214,677.4959076,677.4959076,677.4964453666669,678.4958584999999,680.2114634,679.9792938,,,,,,,BCI02,001,2025-12-12_10h20.03.735,CoSpeechGestures,,2025.1.1,59.95139141183242,2025-12-12 10h20.18.187367 -0600,
40,40,0,gesture,images/hand.png,go,"goodbye",audios/goodbye.wav,videos/goodbye_clip.mp4,wrist,space,155.21646820000024,None,,,,,0,0,0,0,0,40,40,40,,,,,,,,,680.2114634,,,,,,,,,,,,,,,,,,,,,,,,,,,,,,,,,,,,,,,,,,,,,,,,,,1.0,680.2100965,680.2114634,681.9964282999999,681.9964282999999,682.9961853,682.9961853,683.4965312666666,685.4982381,686.1090367000002,686.1090367000002,688.4959331,688.4959331,688.4959923666668,689.4970788999999,691.2187481000001,690.9800245000001,,,,,,,BCI02,001,2025-12-12_10h20.03.735,CoSpeechGestures,,2025.1.1,59.95139141183242,2025-12-12 10h20.18.187367 -0600,
41,41,0,speech,images/speak.png,go,"what",audios/what.wav,videos/what_clip.mp4,wrist,space,155.21646820000024,None,,,,,0,0,0,0,0,41,41,41,,,,,,,,,691.2187481000001,,,,,,,,,,,,,,,,,,,,,,,,,,,,,,,,,,,,,,,,,,,,,,,,,,1.0,691.2176518000001,691.2187481000001,692.9960096,692.9960096,693.9961979999998,693.9961979999998,694.4960389666669,695.8459738000001,697.0812369,697.0812369,699.4964491999999,699.4964491999999,699.4960217666669,700.4966662000002,702.2210027000001,701.9826686000001,,,,,,,BCI02,001,2025-12-12_10h20.03.735,CoSpeechGestures,,2025.1.1,59.95139141183242,2025-12-12 10h20.18.187367 -0600,
42,42,0,speech,images/speak.png,go,"OK,audios/OK.wav,videos/ok_clip.mp4,digits,space,155.21646820000024,None,,,,,0,0,0,0,0,42,42,42,,,,,,,,,702.2210027000001,,,,,,,,,,,,,,,,,,,,,,,,,,,,,,,,,,,,,,,,,,,,,,,,,,1.0,702.2199037,702.2210027000001,703.9966718999999,703.9966718999999,704.9962209999999,704.9962209999999,705.4960376666666,706.7127135000001,708.0985817000001,708.0985817000001,710.4960463000002,710.4960463000002,710.4966659666668,711.4964776000002,713.2442286999999,712.9800322000001,,,,,,,BCI02,001,2025-12-12_10h20.03.735,CoSpeechGestures,,2025.1.1,59.95139141183242,2025-12-12 10h20.18.187367 -0600,
43,43,0,gesture,images/hand.png,go,"good luck",audios/goodluck2.wav,videos/goodluck_clip.mp4,digits,space,155.21646820000024,None,,,,,0,0,0,0,0,43,43,43,,,,,,,,,713.2442286999999,,,,,,,,,,,,,,,,,,,,,,,,,,,,,,,,,,,,,,,,,,,,,,,,,,1.0,713.2431105999999,713.2442286999999,714.9961410999999,714.9961410999999,715.9964238000002,715.9964238000002,716.4961150666666,717.9795865000001,719.1027984000002,719.1027984000002,721.4968669999998,721.4968669999998,721.4965897666668,722.4966282999999,724.2444464,723.9801947000001,,,,,,,BCI02,001,2025-12-12_10h20.03.735,CoSpeechGestures,,2025.1.1,59.95139141183242,2025-12-12 10h20.18.187367 -0600,
44,44,0,gesture,images/hand.png,go,"sweeping",audios/sweeping.wav,videos/sweeping_clip.mp4,arm,space,155.21646820000024,None,,,,,0,0,0,0,0,44,44,44,,,,,,,,,724.2444464,,,,,,,,,,,,,,,,,,,,,,,,,,,,,,,,,,,,,,,,,,,,,,,,,,1.0,724.2432666,724.2444464,725.9966484000001,725.9966484000001,726.9969773000003,726.9969773000003,727.4967254666665,729.2966191,730.0880617000003,730.0880617000003,732.4966374999999,732.4966374999999,732.4966612666665,733.4968030999999,735.2500553,734.9827473,,,,,,,BCI02,001,2025-12-12_10h20.03.735,CoSpeechGestures,,2025.1.1,59.95139141183242,2025-12-12 10h20.18.187367 -0600,
45,45,0,gesture,images/hand.png,go,"what",audios/what.wav,videos/what_clip.mp4,wrist,space,155.21646820000024,None,,,,,0,0,0,0,0,45,45,45,,,,,,,,,735.2500553,,,,,,,,,,,,,,,,,,,,,,,,,,,,,,,,,,,,,,,,,,,,,,,,,,1.0,735.2489446,735.2500553,736.9968468000002,736.9968468000002,737.9964104999999,737.9964104999999,738.4964915666667,739.8464268000002,741.1055056,741.1055056,743.4962725,743.4962725,743.4968860666665,744.4967459999998,746.2163985000002,745.9796901,,,,,,,BCI02,001,2025-12-12_10h20.03.735,CoSpeechGestures,,2025.1.1,59.95139141183242,2025-12-12 10h20.18.187367 -0600,
46,46,0,gesture,images/hand.png,go,"bumpy",audios/bumpy.wav,videos/bumpy_clip.mp4,wrist,space,155.21646820000024,None,,,,,0,0,0,0,0,46,46,46,,,,,,,,,746.2163985000002,,,,,,,,,,,,,,,,,,,,,,,,,,,,,,,,,,,,,,,,,,,,,,,,,,1.0,746.2152466000002,746.2163985000002,747.9962519999999,747.9962519999999,748.9964877000002,748.9964877000002,749.4962680666665,751.3302791000001,752.0794409,752.0794409,754.4967480999999,754.4967480999999,754.4968783666666,755.4988942999998,757.2589311000002,756.9827378,,,,,,,BCI02,001,2025-12-12_10h20.03.735,CoSpeechGestures,,2025.1.1,59.95139141183242,2025-12-12 10h20.18.187367 -0600,
47,47,0,gesture,images/hand.png,go,"yes",audios/yes.wav,videos/yes_clip.mp4,digits,space,155.21646820000024,None,,,,,0,0,0,0,0,47,47,47,,,,,,,,,757.2589311000002,,,,,,,,,,,,,,,,,,,,,,,,,,,,,,,,,,,,,,,,,,,,,,,,,,1.0,757.2551409000002,757.2589311000002,758.9969265,758.9969265,759.9970911999999,759.9970911999999,760.4963037666669,762.1968000000002,763.0872946,763.0872946,765.4967812,765.4967812,765.4968146666668,766.4963391000001,768.2357044,767.9827301999999,,,,,,,BCI02,001,2025-12-12_10h20.03.735,CoSpeechGestures,,2025.1.1,59.95139141183242,2025-12-12 10h20.18.187367 -0600,
48,48,0,gesture,images/hand.png,go,"cutting",audios/cutting.wav,videos/cutting_clip.mp4,arm,space,155.21646820000024,None,,,,,0,0,0,0,0,48,48,48,,,,,,,,,768.2357044,,,,,,,,,,,,,,,,,,,,,,,,,,,,,,,,,,,,,,,,,,,,,,,,,,1.0,768.2346062000001,768.2357044,769.9968053000002,769.9968053000002,770.9966049999998,770.9966049999998,771.4968229666667,773.230172,774.0985234999998,774.0985234999998,776.4968236,776.4968236,776.4968503666666,777.4964897,779.2545991000002,778.9802986,,,,,,,BCI02,001,2025-12-12_10h20.03.735,CoSpeechGestures,,2025.1.1,59.95139141183242,2025-12-12 10h20.18.187367 -0600,
49,49,0,speech_gesture,images/speak_gesture.png,go,"stop",audios/stop2.wav,videos/stop_clip.mp4,wrist,space,155.21646820000024,None,,,,,0,0,0,0,0,49,49,49,,,,,,,,,779.2545991000002,,,,,,,,,,,,,,,,,,,,,,,,,,,,,,,,,,,,,,,,,,,,,,,,,,2.663076923076923,779.2515346999999,779.2545991000002,780.9965566000001,780.9965566000001,781.9966512000001,781.9966512000001,782.4969877666665,784.0797763,785.0872662000002,785.0872662000002,787.4970434000002,787.4970434000002,787.4969633666667,788.4976019000001,790.2215434,789.9800761000001,,,,,,,BCI02,001,2025-12-12_10h20.03.735,CoSpeechGestures,,2025.1.1,59.95139141183242,2025-12-12 10h20.18.187367 -0600,
50,50,0,gesture,images/hand.png,go,"yes",audios/yes.wav,videos/yes_clip.mp4,digits,space,155.21646820000024,None,,,,,0,0,0,0,0,50,50,50,,,,,,,,,790.2215434,,,,,,,,,,,,,,,,,,,,,,,,,,,,,,,,,,,,,,,,,,,,,,,,,,1.0,790.2185540999999,790.2215434,791.997132,791.997132,792.9969593000001,792.9969593000001,793.4964605666667,795.1965986,796.1007003,796.1007003,798.4968015,798.4968015,798.4970168666666,799.4971878000001,801.2256831,800.9829672000001,,,,,,,BCI02,001,2025-12-12_10h20.03.735,CoSpeechGestures,,2025.1.1,59.95139141183242,2025-12-12 10h20.18.187367 -0600,
51,51,0,speech,images/speak.png,go,"stop",audios/stop2.wav,videos/stop_clip.mp4,wrist,space,155.21646820000024,None,,,,,0,0,0,0,0,51,51,51,,,,,,,,,801.2256831,,,,,,,,,,,,,,,,,,,,,,,,,,,,,,,,,,,,,,,,,,,,,,,,,,1.0,801.2245179000001,801.2256831,802.9964897999998,802.9964897999998,803.9967384000001,803.9967384000001,804.4969994666665,806.0798743999999,807.0946537,807.0946537,809.4970566000002,809.4970566000002,809.4965678666665,810.4984396,812.2330784000001,811.9806259000002,,,,,,,BCI02,001,2025-12-12_10h20.03.735,CoSpeechGestures,,2025.1.1,59.95139141183242,2025-12-12 10h20.18.187367 -0600,
52,52,0,speech,images/speak.png,go,"what",audios/what.wav,videos/what_clip.mp4,wrist,space,155.21646820000024,None,,,,,0,0,0,0,0,52,52,52,,,,,,,,,812.2330784000001,,,,,,,,,,,,,,,,,,,,,,,,,,,,,,,,,,,,,,,,,,,,,,,,,,1.0,812.2319594,812.2330784000001,813.9972088999998,813.9972088999998,814.9968511000002,814.9968511000002,815.4971391666666,816.8470747000001,818.0815520000001,818.0815520000001,820.4966247000002,820.4966247000002,820.4970878666666,821.4975494,823.2700247000002,822.9800834000002,,,,,,,BCI02,001,2025-12-12_10h20.03.735,CoSpeechGestures,,2025.1.1,59.95139141183242,2025-12-12 10h20.18.187367 -0600,
53,53,0,gesture,images/hand.png,go,"peace",audios/peace.wav,videos/peace_clip.mp4,digits,space,155.21646820000024,None,,,,,0,0,0,0,0,53,53,53,,,,,,,,,823.2700247000002,,,,,,,,,,,,,,,,,,,,,,,,,,,,,,,,,,,,,,,,,,,,,,,,,,1.0,823.2676239000002,823.2700247000002,824.9971140000002,824.9971140000002,825.9969044999998,825.9969044999998,826.4966701666665,827.8638698999998,829.1075464999999,829.1075464999999,831.4974310000002,831.4974310000002,831.4971351666666,832.4966847000001,834.2263335000002,833.9828707000001,,,,,,,BCI02,001,2025-12-12_10h20.03.735,CoSpeechGestures,,2025.1.1,59.95139141183242,2025-12-12 10h20.18.187367 -0600,
54,54,0,gesture_no,images/hand.png,nogo,"goodbye",audios/goodbye.wav,videos/goodbye_clip.mp4,wrist,space,155.21646820000024,None,,,,,0,0,0,0,0,54,54,54,,,,,,,,,834.2263335000002,,,,,,,,,,,,,,,,,,,,,,,,,,,,,,,,,,,,,,,,,,,,,,,,,,1.0,834.2252165999998,834.2263335000002,835.9971961000001,835.9971961000001,836.9969240999999,836.9969240999999,837.4967010666667,839.4991101,840.0745400999999,840.0745400999999,842.4967867,842.4967867,842.4971928666666,843.497253,845.2309596,844.9806588000001,,,,,,,BCI02,001,2025-12-12_10h20.03.735,CoSpeechGestures,,2025.1.1,59.95139141183242,2025-12-12 10h20.18.187367 -0600,
55,55,0,gesture,images/hand.png,go,"stop",audios/stop2.wav,videos/stop_clip.mp4,wrist,space,155.21646820000024,None,,,,,0,0,0,0,0,55,55,55,,,,,,,,,845.2309596,,,,,,,,,,,,,,,,,,,,,,,,,,,,,,,,,,,,,,,,,,,,,,,,,,1.0,845.2282128000002,845.2309596,846.997343,846.997343,847.9975918999999,847.9975918999999,848.4968891666665,850.0800754000002,851.0991936,851.0991936,853.4972596000002,853.4972596000002,853.4972567666666,854.4966780999998,856.2290091,855.9832332999999,,,,,,,BCI02,001,2025-12-12_10h20.03.735,CoSpeechGestures,,2025.1.1,59.95139141183242,2025-12-12 10h20.18.187367 -0600,
56,56,0,gesture_no,images/hand.png,nogo,"good luck",audios/goodluck2.wav,videos/goodluck_clip.mp4,digits,space,155.21646820000024,None,,,,,0,0,0,0,0,56,56,56,,,,,,,,,856.2290091,,,,,,,,,,,,,,,,,,,,,,,,,,,,,,,,,,,,,,,,,,,,,,,,,,1.0,856.2266276,856.2290091,857.9968159,857.9968159,858.9977583,858.9977583,859.4973589666668,860.9802003,862.1155125999999,862.1155125999999,864.4973832000001,864.4973832000001,864.4973027666667,865.4982338,867.2323408000002,866.9832101000002,,,,,,,BCI02,001,2025-12-12_10h20.03.735,CoSpeechGestures,,2025.1.1,59.95139141183242,2025-12-12 10h20.18.187367 -0600,
57,57,0,gesture,images/hand.png,go,"OK",audios/OK.wav,videos/ok_clip.mp4,digits,space,155.21646820000024,None,,,,,0,0,0,0,0,57,57,57,,,,,,,,,867.2323408000002,,,,,,,,,,,,,,,,,,,,,,,,,,,,,,,,,,,,,,,,,,,,,,,,,,1.0,867.2310284,867.2323408000002,868.9973195000002,868.9973195000002,869.9970767999998,869.9970767999998,870.4973780666667,871.7136814999999,873.0952060999998,873.0952060999998,875.4973389000002,875.4973389000002,875.4972808666669,876.4975567000001,878.2374356,877.9804432000001,,,,,,,BCI02,001,2025-12-12_10h20.03.735,CoSpeechGestures,,2025.1.1,59.95139141183242,2025-12-12 10h20.18.187367 -0600,
0,0,0,speech,images/speak.png,go,"good luck",audios/goodluck2.wav,videos/goodluck_clip.mp4,digits,space,155.21646820000024,None,,,,,0,0,0,0,0,58,58,58,,,,,0,0,0,0,889.1178464999998,,,,,,,,,,,,,,,,,,,,,,,,,,,,,,,,,,,,,,,,,,,,,,,,,,1.0,878.2362948,878.2374356,879.9973706999999,879.9973706999999,880.9971792000001,880.9971792000001,881.4969141666668,882.9802202000001,884.0843322999999,884.0843322999999,886.4975766000002,886.4975766000002,886.4973845666666,887.4970555999998,889.1178464999998,888.9834185,889.1159158,889.1178464999998,918.9977695000002,,,,BCI02,001,2025-12-12_10h20.03.735,CoSpeechGestures,,2025.1.1,59.95139141183242,2025-12-12 10h20.18.187367 -0600,
58,58,0,speech,images/speak.png,go,"good luck",audios/goodluck2.wav,videos/goodluck_clip.mp4,digits,space,155.21646820000024,None,,,,,0,0,0,0,0,58,58,58,,,,,,,,,,,,,,,,,,,,,,,,,,,,,,,,,,,,,,,,,,,,,,,,,,,,,,,,,,,,,,,,,,,,,,,,,,,,,,,,,,BCI02,001,2025-12-12_10h20.03.735,CoSpeechGestures,,2025.1.1,59.95139141183242,2025-12-12 10h20.18.187367 -0600,
59,59,0,gesture,images/hand.png,go,"goodbye",audios/goodbye.wav,videos/goodbye_clip.mp4,wrist,space,155.21646820000024,None,,,,,0,0,0,0,0,59,59,59,,,,,,,,,919.1347747999998,,,,,,,,,,,,,,,,,,,,,,,,,,,,,,,,,,,,,,,,,,,,,,,,,,1.0,919.1336449999999,919.1347747999998,920.9977144999998,920.9977144999998,921.9980022,921.9980022,922.4970861666668,924.5002734999998,925.0935049999998,925.0935049999998,927.4976148000001,927.4976148000001,927.4976370666666,928.4974495000001,930.2470290000001,929.9833988,,,,,,,BCI02,001,2025-12-12_10h20.03.735,CoSpeechGestures,,2025.1.1,59.95139141183242,2025-12-12 10h20.18.187367 -0600,
60,60,0,speech_gesture,images/speak_gesture.png,go,"what",audios/what.wav,videos/what_clip.mp4,wrist,space,155.21646820000024,None,,,,,0,0,0,0,0,60,60,60,,,,,,,,,930.2470290000001,,,,,,,,,,,,,,,,,,,,,,,,,,,,,,,,,,,,,,,,,,,,,,,,,,2.663076923076923,930.2454302000001,930.2470290000001,931.9977613000001,931.9977613000001,932.9973413000002,932.9973413000002,933.4976888666667,934.8477231000002,936.0993558,936.0993558,938.497652,938.497652,938.4976590666668,939.4978673999999,941.2286383000001,940.9806838,,,,,,,BCI02,001,2025-12-12_10h20.03.735,CoSpeechGestures,,2025.1.1,59.95139141183242,2025-12-12 10h20.18.187367 -0600,
61,61,0,gesture,images/hand.png,go,"peace",audios/peace.wav,videos/peace_clip.mp4,digits,space,155.21646820000024,None,,,,,0,0,0,0,0,61,61,61,,,,,,,,,941.2286383000001,,,,,,,,,,,,,,,,,,,,,,,,,,,,,,,,,,,,,,,,,,,,,,,,,,1.0,941.2274791,941.2286383000001,942.9976929,942.9976929,943.9980108,943.9980108,944.4972266666666,945.8644474000002,947.1006498000002,947.1006498000002,949.4972265000001,949.4972265000001,949.4976509666665,950.4991780999999,952.2141212000001,951.9806167000002,,,,,,,BCI02,001,2025-12-12_10h20.03.735,CoSpeechGestures,,2025.1.1,59.95139141183242,2025-12-12 10h20.18.187367 -0600,
62,62,0,gesture,images/hand.png,go,"yes",audios/yes.wav,videos/yes_clip.mp4,digits,space,155.21646820000024,None,,,,,0,0,0,0,0,62,62,62,,,,,,,,,952.2141212000001,,,,,,,,,,,,,,,,,,,,,,,,,,,,,,,,,,,,,,,,,,,,,,,,,,1.0,952.2129678000001,952.2141212000001,953.9979428000001,953.9979428000001,954.9981137999998,954.9981137999998,955.4972892666667,957.1978660999998,958.0932833000002,958.0932833000002,960.4977773999999,960.4977773999999,960.4974836666668,961.5014688000001,963.2398896,962.9838543000001,,,,,,,BCI02,001,2025-12-12_10h20.03.735,CoSpeechGestures,,2025.1.1,59.95139141183242,2025-12-12 10h20.18.187367 -0600,
63,63,0,gesture_no,images/hand.png,nogo,"sweeping",audios/sweeping.wav,videos/sweeping_clip.mp4,arm,space,155.21646820000024,None,,,,,0,0,0,0,0,63,63,63,,,,,,,,,963.2398896,,,,,,,,,,,,,,,,,,,,,,,,,,,,,,,,,,,,,,,,,,,,,,,,,,1.0,963.2388005000003,963.2398896,964.9972785999998,964.9972785999998,965.9975306000001,965.9975306000001,966.4973214666668,968.2973158,969.1025869999999,969.1025869999999,971.4978472000003,971.4978472000003,971.4974469666665,972.4993508000002,974.2291823999999,973.9812858,,,,,,,BCI02,001,2025-12-12_10h20.03.735,CoSpeechGestures,,2025.1.1,59.95139141183242,2025-12-12 10h20.18.187367 -0600,
64,64,0,speech,images/speak.png,go,"bumpy",audios/bumpy.wav,videos/bumpy_clip.mp4,wrist,space,155.21646820000024,None,,,,,0,0,0,0,0,64,64,64,,,,,,,,,974.2291823999999,,,,,,,,,,,,,,,,,,,,,,,,,,,,,,,,,,,,,,,,,,,,,,,,,,1.0,974.2280673999999,974.2291823999999,975.9978529999998,975.9978529999998,976.9976565999996,976.9976565999996,977.4973790666666,979.3307541000004,980.0830248000002,980.0830248000002,982.4979063999999,982.4979063999999,982.4979165666666,983.4984654,985.2308726000001,984.9813328999999,,,,,,,BCI02,001,2025-12-12_10h20.03.735,CoSpeechGestures,,2025.1.1,59.95139141183242,2025-12-12 10h20.18.187367 -0600,
65,65,0,gesture,images/hand.png,go,"peace",audios/peace.wav,videos/peace_clip.mp4,digits,space,155.21646820000024,None,,,,,0,0,0,0,0,65,65,65,,,,,,,,,985.2308726000001,,,,,,,,,,,,,,,,,,,,,,,,,,,,,,,,,,,,,,,,,,,,,,,,,,1.0,985.2297503999998,985.2308726000001,986.9974401,986.9974401,987.9983924999997,987.9983924999997,988.4974328666669,989.8648413999999,991.100786,991.100786,993.4979045999999,993.4979045999999,993.4979077666669,994.5143832000003,996.2192366999998,995.9839654999996,,,,,,,BCI02,001,2025-12-12_10h20.03.735,CoSpeechGestures,,2025.1.1,59.95139141183242,2025-12-12 10h20.18.187367 -0600,
66,66,0,gesture,images/hand.png,go,"cutting",audios/cutting.wav,videos/cutting_clip.mp4,arm,space,155.21646820000024,None,,,,,0,0,0,0,0,66,66,66,,,,,,,,,996.2192366999998,,,,,,,,,,,,,,,,,,,,,,,,,,,,,,,,,,,,,,,,,,,,,,,,,,1.0,996.2181633,996.2192366999998,997.9979622000001,997.9979622000001,998.9976643,998.9976643,999.4974852666667,1001.2308156999998,1002.0991212999998,1002.0991212999998,1004.4978996,1004.4978996,1004.4979585666663,1005.5021355999997,1007.2497658000002,1006.9811909,,,,,,,BCI02,001,2025-12-12_10h20.03.735,CoSpeechGestures,,2025.1.1,59.95139141183242,2025-12-12 10h20.18.187367 -0600,
67,67,0,speech_gesture,images/speak_gesture.png,go,"cutting",audios/cutting.wav,videos/cutting_clip.mp4,arm,space,155.21646820000024,None,,,,,0,0,0,0,0,67,67,67,,,,,,,,,1007.2497658000002,,,,,,,,,,,,,,,,,,,,,,,,,,,,,,,,,,,,,,,,,,,,,,,,,,2.663076923076923,1007.2447777999996,1007.2497658000002,1008.9982295,1008.9982295,1009.9977282999998,1009.9977282999998,1010.4976085666669,1012.2308798000004,1013.0877707,1013.0877707,1015.4980237,1015.4980237,1015.4981677666667,1016.4976770000003,1018.2409183999998,1017.9849303999999,,,,,,,BCI02,001,2025-12-12_10h20.03.735,CoSpeechGestures,,2025.1.1,59.95139141183242,2025-12-12 10h20.18.187367 -0600,
68,68,0,gesture,images/hand.png,go,"outside",audios/outside.wav,videos/outside_clip.mp4,arm,space,155.21646820000024,None,,,,,0,0,0,0,0,68,68,68,,,,,,,,,1018.2409183999998,,,,,,,,,,,,,,,,,,,,,,,,,,,,,,,,,,,,,,,,,,,,,,,,,,1.0,1018.2379265999998,1018.2409183999998,1019.9980696000002,1019.9980696000002,1020.9977706,1020.9977706,1021.4983350666664,1023.2980943000002,1024.0894463000004,1024.0894463000004,1026.4980898000003,1026.4980898000003,1026.498246766667,1027.4980720000003,1029.2401575000004,1028.9838896,,,,,,,BCI02,001,2025-12-12_10h20.03.735,CoSpeechGestures,,2025.1.1,59.95139141183242,2025-12-12 10h20.18.187367 -0600,
69,69,0,gesture,images/hand.png,go,"hang loose",audios/hangloose.wav,videos/hangloose_clip.mp4,digits,space,155.21646820000024,None,,,,,0,0,0,0,0,69,69,69,,,,,,,,,1029.2401575000004,,,,,,,,,,,,,,,,,,,,,,,,,,,,,,,,,,,,,,,,,,,,,,,,,,1.0,1029.2390198000003,1029.2401575000004,1030.9981261000003,1030.9981261000003,1031.9978291999996,1031.9978291999996,1032.4976672666664,1034.1142885999998,1035.1051432000004,1035.1051432000004,1037.4982989999999,1037.4982989999999,1037.4976935666666,1038.4979652000002,1040.2358757000002,1039.9815770000005,,,,,,,BCI02,001,2025-12-12_10h20.03.735,CoSpeechGestures,,2025.1.1,59.95139141183242,2025-12-12 10h20.18.187367 -0600,
70,70,0,speech,images/speak.png,go,"OK,audios/OK.wav,videos/ok_clip.mp4,digits,space,155.21646820000024,None,,,,,0,0,0,0,0,70,70,70,,,,,,,,,1040.2358757000002,,,,,,,,,,,,,,,,,,,,,,,,,,,,,,,,,,,,,,,,,,,,,,,,,,1.0,1040.2347283,1040.2358757000002,1041.9977097,1041.9977097,1042.9979021,1042.9979021,1043.4983919666668,1044.7143557999998,1046.1140268999998,1046.1140268999998,1048.4981994,1048.4981994,1048.4983521666666,1049.4982448,1051.2458884999996,1050.9817106,,,,,,,BCI02,001,2025-12-12_10h20.03.735,CoSpeechGestures,,2025.1.1,59.95139141183242,2025-12-12 10h20.18.187367 -0600,
71,71,0,gesture,images/hand.png,go,"sweeping",audios/sweeping.wav,videos/sweeping_clip.mp4,arm,space,155.21646820000024,None,,,,,0,0,0,0,0,71,71,71,,,,,,,,,1051.2458884999996,,,,,,,,,,,,,,,,,,,,,,,,,,,,,,,,,,,,,,,,,,,,,,,,,,1.0,1051.2447844999997,1051.2458884999996,1052.9983757999998,1052.9983757999998,1053.9983519999996,1053.9983519999996,1054.4977327666668,1056.2983127999996,1057.0871448999997,1057.0871448999997,1059.4983918999997,1059.4983918999997,1059.4977431666669,1060.4979451,1062.2431970999996,1061.9839545000004,,,,,,,BCI02,001,2025-12-12_10h20.03.735,CoSpeechGestures,,2025.1.1,59.95139141183242,2025-12-12 10h20.18.187367 -0600,
72,72,0,speech_gesture,images/speak_gesture.png,go,"bumpy",audios/bumpy.wav,videos/bumpy_clip.mp4,wrist,space,155.21646820000024,None,,,,,0,0,0,0,0,72,72,72,,,,,,,,,1062.2431970999996,,,,,,,,,,,,,,,,,,,,,,,,,,,,,,,,,,,,,,,,,,,,,,,,,,2.663076923076923,1062.2415790000005,1062.2431970999996,1063.9983683,1063.9983683,1064.9980144,1064.9980144,1065.4982641666668,1067.3485044999998,1068.0944069999996,1068.0944069999996,1070.4983297999997,1070.4983297999997,1070.4978463666669,1071.5016649,1073.2156281999996,1072.9812812,,,,,,,BCI02,001,2025-12-12_10h20.03.735,CoSpeechGestures,,2025.1.1,59.95139141183242,2025-12-12 10h20.18.187367 -0600,
73,73,0,speech_gesture,images/speak_gesture.png,go,"stop",audios/stop2.wav,videos/stop_clip.mp4,wrist,space,155.21646820000024,None,,,,,0,0,0,0,0,73,73,73,,,,,,,,,1073.2156281999996,,,,,,,,,,,,,,,,,,,,,,,,,,,,,,,,,,,,,,,,,,,,,,,,,,2.663076923076923,1073.2147020000002,1073.2156281999996,1074.9983406000001,1074.9983406000001,1075.9981206000002,1075.9981206000002,1076.4978421666667,1078.0811654999998,1079.0868081999997,1079.0868081999997,1081.4985115999998,1081.4985115999998,1081.4978854666663,1082.4985815999999,1084.259199,1083.9854684000002,,,,,,,BCI02,001,2025-12-12_10h20.03.735,CoSpeechGestures,,2025.1.1,59.95139141183242,2025-12-12 10h20.18.187367 -0600,
74,74,0,speech,images/speak.png,go,"bumpy",audios/bumpy.wav,videos/bumpy_clip.mp4,wrist,space,155.21646820000024,None,,,,,0,0,0,0,0,74,74,74,,,,,,,,,1084.259199,,,,,,,,,,,,,,,,,,,,,,,,,,,,,,,,,,,,,,,,,,,,,,,,,,1.0,1084.255795,1084.259199,1085.9985634000004,1085.9985634000004,1086.9984845,1086.9984845,1087.4979184666665,1089.3318086,1090.0868474,1090.0868474,1092.4984081000002,1092.4984081000002,1092.4985598666665,1093.4979635999998,1095.2180528,1094.9813364000001,,,,,,,BCI02,001,2025-12-12_10h20.03.735,CoSpeechGestures,,2025.1.1,59.95139141183242,2025-12-12 10h20.18.187367 -0600,
75,75,0,speech,images/speak.png,go,"hang loose",audios/hangloose.wav,videos/hangloose_clip.mp4,digits,space,155.21646820000024,None,,,,,0,0,0,0,0,75,75,75,,,,,,,,,1095.2180528,,,,,,,,,,,,,,,,,,,,,,,,,,,,,,,,,,,,,,,,,,,,,,,,,,1.0,1095.2167829,1095.2180528,1096.9979818000002,1096.9979818000002,1097.9981771000002,1097.9981771000002,1098.4979870666668,1100.1153647,1101.0764215,1101.0764215,1103.4984802999998,1103.4984802999998,1103.4984437666665,1104.5008724,1106.2382301999996,1105.9814422,,,,,,,BCI02,001,2025-12-12_10h20.03.735,CoSpeechGestures,,2025.1.1,59.95139141183242,2025-12-12 10h20.18.187367 -0600,
76,76,0,speech,images/speak.png,go,"OK,audios/OK.wav,videos/ok_clip.mp4,digits,space,155.21646820000024,None,,,,,0,0,0,0,0,76,76,76,,,,,,,,,1106.2382301999996,,,,,,,,,,,,,,,,,,,,,,,,,,,,,,,,,,,,,,,,,,,,,,,,,,1.0,1106.2359096,1106.2382301999996,1107.9984162,1107.9984162,1108.9982804,1108.9982804,1109.498053366667,1110.7160264000004,1112.0823991999996,1112.0823991999996,1114.4984885000003,1114.4984885000003,1114.4980249666671,1115.4985090999999,1117.2249517,1116.9856059000003,,,,,,,BCI02,001,2025-12-12_10h20.03.735,CoSpeechGestures,,2025.1.1,59.95139141183242,2025-12-12 10h20.18.187367 -0600,
77,77,0,gesture,images/hand.png,go,"what",audios/what.wav,videos/what_clip.mp4,wrist,space,155.21646820000024,None,,,,,0,0,0,0,0,77,77,77,,,,,,,,,1117.2249517,,,,,,,,,,,,,,,,,,,,,,,,,,,,,,,,,,,,,,,,,,,,,,,,,,1.0,1117.2225525000003,1117.2249517,1118.9984769000002,1118.9984769000002,1119.9988697999997,1119.9988697999997,1120.4980610666664,1121.8480553,1123.0914530999999,1123.0914530999999,1125.4986226,1125.4986226,1125.4985391666671,1126.4986531000004,1128.2716053000004,1127.9845364000003,,,,,,,BCI02,001,2025-12-12_10h20.03.735,CoSpeechGestures,,2025.1.1,59.95139141183242,2025-12-12 10h20.18.187367 -0600,
78,78,0,speech_gesture,images/speak_gesture.png,go,"yes",audios/yes.wav,videos/yes_clip.mp4,digits,space,155.21646820000024,None,,,,,0,0,0,0,0,78,78,78,,,,,,,,,1128.2716053000004,,,,,,,,,,,,,,,,,,,,,,,,,,,,,,,,,,,,,,,,,,,,,,,,,,2.663076923076923,1128.2703650000003,1128.2716053000004,1129.9986095000004,1129.9986095000004,1130.9983705000004,1130.9983705000004,1131.4981209666669,1133.1814737000004,1134.1230733000002,1134.1230733000002,1136.4986430999998,1136.4986430999998,1136.4985399666668,1137.4997746999998,1139.2338966999996,1138.9820330000002,,,,,,,BCI02,001,2025-12-12_10h20.03.735,CoSpeechGestures,,2025.1.1,59.95139141183242,2025-12-12 10h20.18.187367 -0600,
79,79,0,speech_gesture,images/speak_gesture.png,go,"outside",audios/outside.wav,videos/outside_clip.mp4,arm,space,155.21646820000024,None,,,,,0,0,0,0,0,79,79,79,,,,,,,,,1139.2338966999996,,,,,,,,,,,,,,,,,,,,,,,,,,,,,,,,,,,,,,,,,,,,,,,,,,2.663076923076923,1139.2299959000002,1139.2338966999996,1140.9986393,1140.9986393,1141.9984304,1141.9984304,1142.4987331666664,1144.2988935000003,1145.093366,1145.093366,1147.4986201000002,1147.4986201000002,1147.4988503666666,1148.5003646000005,1150.2407608000003,1149.9846971999996,,,,,,,BCI02,001,2025-12-12_10h20.03.735,CoSpeechGestures,,2025.1.1,59.95139141183242,2025-12-12 10h20.18.187367 -0600,
80,80,0,speech,images/speak.png,go,"hang loose",audios/hangloose.wav,videos/hangloose_clip.mp4,digits,space,155.21646820000024,None,,,,,0,0,0,0,0,80,80,80,,,,,,,,,1150.2407608000003,,,,,,,,,,,,,,,,,,,,,,,,,,,,,,,,,,,,,,,,,,,,,,,,,,1.0,1150.2377456000004,1150.2407608000003,1151.9987229999997,1151.9987229999997,1152.9985075000004,1152.9985075000004,1153.4987576666665,1155.1316042999997,1156.1005219999997,1156.1005219999997,1158.4987308999998,1158.4987308999998,1158.4987319666664,1159.499804,1161.2034118000001,1160.9822408999999,,,,,,,BCI02,001,2025-12-12_10h20.03.735,CoSpeechGestures,,2025.1.1,59.95139141183242,2025-12-12 10h20.18.187367 -0600,
81,81,0,gesture,images/hand.png,go,"stop",audios/stop2.wav,videos/stop_clip.mp4,wrist,space,155.21646820000024,None,,,,,0,0,0,0,0,81,81,81,,,,,,,,,1161.2034118000001,,,,,,,,,,,,,,,,,,,,,,,,,,,,,,,,,,,,,,,,,,,,,,,,,,1.0,1161.2023108000003,1161.2034118000001,1162.9987542999997,1162.9987542999997,1163.9984949999998,1163.9984949999998,1164.4983078666667,1166.0821462000004,1167.1170843999998,1167.1170843999998,1169.4987849,1169.4987849,1169.498770866667,1170.5008802000002,1172.2285098000002,1171.9817432,,,,,,,BCI02,001,2025-12-12_10h20.03.735,CoSpeechGestures,,2025.1.1,59.95139141183242,2025-12-12 10h20.18.187367 -0600,
82,82,0,gesture,images/hand.png,go,"hang loose",audios/hangloose.wav,videos/hangloose_clip.mp4,digits,space,155.21646820000024,None,,,,,0,0,0,0,0,82,82,82,,,,,,,,,1172.2285098000002,,,,,,,,,,,,,,,,,,,,,,,,,,,,,,,,,,,,,,,,,,,,,,,,,,1.0,1172.2273895999997,1172.2285098000002,1173.9989489999998,1173.9989489999998,1174.9991818999997,1174.9991818999997,1175.4988948666671,1177.1318855999998,1178.0971114000004,1178.0971114000004,1180.4983708,1180.4983708,1180.4983732666662,1181.4990243000002,1183.2173658000002,1182.9822838,,,,,,,BCI02,001,2025-12-12_10h20.03.735,CoSpeechGestures,,2025.1.1,59.95139141183242,2025-12-12 10h20.18.187367 -0600,
83,83,0,speech_gesture,images/speak_gesture.png,go,"good luck",audios/goodluck2.wav,videos/goodluck_clip.mp4,digits,space,155.21646820000024,None,,,,,0,0,0,0,0,83,83,83,,,,,,,,,1183.2173658000002,,,,,,,,,,,,,,,,,,,,,,,,,,,,,,,,,,,,,,,,,,,,,,,,,,2.663076923076923,1183.2162068999996,1183.2173658000002,1184.9990054999998,1184.9990054999998,1185.9991919000004,1185.9991919000004,1186.4984370666664,1187.9817345000001,1189.081916,1189.081916,1191.4990275,1191.4990275,1191.4984264666666,1192.4997024000004,1194.2562363999996,1193.9849907999997,,,,,,,BCI02,001,2025-12-12_10h20.03.735,CoSpeechGestures,,2025.1.1,59.95139141183242,2025-12-12 10h20.18.187367 -0600,
84,84,0,gesture,images/hand.png,go,"outside",audios/outside.wav,videos/outside_clip.mp4,arm,space,155.21646820000024,None,,,,,0,0,0,0,0,84,84,84,,,,,,,,,1194.2562363999996,,,,,,,,,,,,,,,,,,,,,,,,,,,,,,,,,,,,,,,,,,,,,,,,,,1.0,1194.2549182000002,1194.2562363999996,1195.9990967000003,1195.9990967000003,1196.9986554999996,1196.9986554999996,1197.4984582666668,1199.2989624000002,1200.0980820000004,1200.0980820000004,1202.4989515999996,1202.4989515999996,1202.4988895666668,1203.4994059,1205.2529535000003,1204.9824289999997,,,,,,,BCI02,001,2025-12-12_10h20.03.735,CoSpeechGestures,,2025.1.1,59.95139141183242,2025-12-12 10h20.18.187367 -0600,
85,85,0,speech,images/speak.png,go,"goodbye",audios/goodbye.wav,videos/goodbye_clip.mp4,wrist,space,155.21646820000024,None,,,,,0,0,0,0,0,85,85,85,,,,,,,,,1205.2529535000003,,,,,,,,,,,,,,,,,,,,,,,,,,,,,,,,,,,,,,,,,,,,,,,,,,1.0,1205.2518663,1205.2529535000003,1206.9990962000002,1206.9990962000002,1207.9987641999996,1207.9987641999996,1208.499200866667,1210.5039176,1211.1193641,1211.1193641,1213.4989799000004,1213.4989799000004,1213.499026966667,1214.4994889,1216.2388203,1215.9824374999998,,,,,,,BCI02,001,2025-12-12_10h20.03.735,CoSpeechGestures,,2025.1.1,59.95139141183242,2025-12-12 10h20.18.187367 -0600,
86,86,0,speech_gesture,images/speak_gesture.png,go,"OK",audios/OK.wav,videos/ok_clip.mp4,digits,space,155.21646820000024,None,,,,,0,0,0,0,0,86,86,86,,,,,,,,,1216.2388203,,,,,,,,,,,,,,,,,,,,,,,,,,,,,,,,,,,,,,,,,,,,,,,,,,2.663076923076923,1216.237231,1216.2388203,1217.9992186,1217.9992186,1218.9994907,1218.9994907,1219.4986222666669,1220.7324183,1222.1027597000002,1222.1027597000002,1224.4993096999997,1224.4993096999997,1224.4991533666664,1225.5004762999997,1227.2395692,1226.9851841,,,,,,,BCI02,001,2025-12-12_10h20.03.735,CoSpeechGestures,,2025.1.1,59.95139141183242,2025-12-12 10h20.18.187367 -0600,
87,87,0,speech_gesture,images/speak_gesture.png,go,"hang loose",audios/hangloose.wav,videos/hangloose_clip.mp4,digits,space,155.21646820000024,None,,,,,0,0,0,0,0,87,87,87,,,,,,,,,1227.2395692,,,,,,,,,,,,,,,,,,,,,,,,,,,,,,,,,,,,,,,,,,,,,,,,,,2.663076923076923,1227.2385007000003,1227.2395692,1228.9990850000004,1228.9990850000004,1229.9987895000004,1229.9987895000004,1230.4986431666669,1232.1152831,1233.0990906999996,1233.0990906999996,1235.4993297,1235.4993297,1235.4987360666667,1236.4987105,1238.2358567,1237.9825380000002,,,,,,,BCI02,001,2025-12-12_10h20.03.735,CoSpeechGestures,,2025.1.1,59.95139141183242,2025-12-12 10h20.18.187367 -0600,
88,88,0,gesture,images/hand.png,go,"hang loose",audios/hangloose.wav,videos/hangloose_clip.mp4,digits,space,155.21646820000024,None,,,,,0,0,0,0,0,88,88,88,,,,,,,,,1238.2358567,,,,,,,,,,,,,,,,,,,,,,,,,,,,,,,,,,,,,,,,,,,,,,,,,,1.0,1238.2346169000002,1238.2358567,1239.9991123,1239.9991123,1240.9988725000003,1240.9988725000003,1241.498701366667,1243.115366,1244.107003,1244.107003,1246.4992890000003,1246.4992890000003,1246.4987065666667,1247.5023939000002,1249.2125975999998,1248.9822129000004,,,,,,,BCI02,001,2025-12-12_10h20.03.735,CoSpeechGestures,,2025.1.1,59.95139141183242,2025-12-12 10h20.18.187367 -0600,
89,89,0,speech,images/speak.png,go,"sweeping",audios/sweeping.wav,videos/sweeping_clip.mp4,arm,space,155.21646820000024,None,,,,,0,0,0,0,0,89,89,89,,,,,,,,,1249.2125975999998,,,,,,,,,,,,,,,,,,,,,,,,,,,,,,,,,,,,,,,,,,,,,,,,,,1.0,1249.2114671,1249.2125975999998,1250.9991627999998,1250.9991627999998,1251.9995133000002,1251.9995133000002,1252.498741366667,1254.2992313000004,1255.0785374999996,1255.0785374999996,1257.4989370000003,1257.4989370000003,1257.498735166667,1258.5021573000004,1260.2493130000003,1259.9854077,,,,,,,BCI02,001,2025-12-12_10h20.03.735,CoSpeechGestures,,2025.1.1,59.95139141183242,2025-12-12 10h20.18.187367 -0600,
90,90,0,speech_gesture,images/speak_gesture.png,go,"sweeping",audios/sweeping.wav,videos/sweeping_clip.mp4,arm,space,155.21646820000024,None,,,,,0,0,0,0,0,90,90,90,,,,,,,,,1260.2493130000003,,,,,,,,,,,,,,,,,,,,,,,,,,,,,,,,,,,,,,,,,,,,,,,,,,2.663076923076923,1260.2480016999998,1260.2493130000003,1261.9988192,1261.9988192,1262.9989782000002,1262.9989782000002,1263.4987546666664,1265.2987667999996,1266.0742231000004,1266.0742231000004,1268.4987502000004,1268.4987502000004,1268.4988302666663,1269.5005866000001,1271.2709733000002,1270.9828536000005,,,,,,,BCI02,001,2025-12-12_10h20.03.735,CoSpeechGestures,,2025.1.1,59.95139141183242,2025-12-12 10h20.18.187367 -0600,
91,91,0,speech_gesture,images/speak_gesture.png,go,"bumpy",audios/bumpy.wav,videos/bumpy_clip.mp4,wrist,space,155.21646820000024,None,,,,,0,0,0,0,0,91,91,91,,,,,,,,,1271.2709733000002,,,,,,,,,,,,,,,,,,,,,,,,,,,,,,,,,,,,,,,,,,,,,,,,,,2.663076923076923,1271.2695856,1271.2709733000002,1272.9994361999998,1272.9994361999998,1273.9989942000002,1273.9989942000002,1274.4988436666665,1276.3328675000002,1277.1056288,1277.1056288,1279.4993954000001,1279.4993954000001,1279.4993030666667,1280.5013725999997,1282.2149811,1281.9823114,,,,,,,BCI02,001,2025-12-12_10h20.03.735,CoSpeechGestures,,2025.1.1,59.95139141183242,2025-12-12 10h20.18.187367 -0600,
92,92,0,speech,images/speak.png,go,"sweeping",audios/sweeping.wav,videos/sweeping_clip.mp4,arm,space,155.21646820000024,None,,,,,0,0,0,0,0,92,92,92,,,,,,,,,1282.2149811,,,,,,,,,,,,,,,,,,,,,,,,,,,,,,,,,,,,,,,,,,,,,,,,,,1.0,1282.2137174999998,1282.2149811,1283.9995153999998,1283.9995153999998,1284.9991089000005,1284.9991089000005,1285.4988848666665,1287.2988719000004,1288.1083453,1288.1083453,1290.4994501,1290.4994501,1290.4994106666666,1291.4993782000001,1293.2363441999996,1292.9855928999996,,,,,,,BCI02,001,2025-12-12_10h20.03.735,CoSpeechGestures,,2025.1.1,59.95139141183242,2025-12-12 10h20.18.187367 -0600,
93,93,0,speech_gesture,images/speak_gesture.png,go,"hang loose",audios/hangloose.wav,videos/hangloose_clip.mp4,digits,space,155.21646820000024,None,,,,,0,0,0,0,0,93,93,93,,,,,,,,,1293.2363441999996,,,,,,,,,,,,,,,,,,,,,,,,,,,,,,,,,,,,,,,,,,,,,,,,,,2.663076923076923,1293.2347476000004,1293.2363441999996,1294.9989004999998,1294.9989004999998,1295.9991151000004,1295.9991151000004,1296.4989351666666,1298.1163577999996,1299.0955181,1299.0955181,1301.4989156000001,1301.4989156000001,1301.4994968666663,1302.5005512999996,1304.2487916999999,1303.9828801000003,,,,,,,BCI02,001,2025-12-12_10h20.03.735,CoSpeechGestures,,2025.1.1,59.95139141183242,2025-12-12 10h20.18.187367 -0600,
94,94,0,speech_gesture,images/speak_gesture.png,go,"sweeping",audios/sweeping.wav,videos/sweeping_clip.mp4,arm,space,155.21646820000024,None,,,,,0,0,0,0,0,94,94,94,,,,,,,,,1304.2487916999999,,,,,,,,,,,,,,,,,,,,,,,,,,,,,,,,,,,,,,,,,,,,,,,,,,2.663076923076923,1304.2448502999996,1304.2487916999999,1305.9994675999997,1305.9994675999997,1306.9993188999997,1306.9993188999997,1307.4995677666668,1309.2990196,1310.1063408999999,1310.1063408999999,1312.4989765,1312.4989765,1312.499484066667,1313.5029912999998,1315.2412764,1314.985498,,,,,,,BCI02,001,2025-12-12_10h20.03.735,CoSpeechGestures,,2025.1.1,59.95139141183242,2025-12-12 10h20.18.187367 -0600,
95,95,0,speech,images/speak.png,go,"good luck",audios/goodluck2.wav,videos/goodluck_clip.mp4,digits,space,155.21646820000024,None,,,,,0,0,0,0,0,95,95,95,,,,,,,,,1315.2412764,,,,,,,,,,,,,,,,,,,,,,,,,,,,,,,,,,,,,,,,,,,,,,,,,,1.0,1315.2382825000004,1315.2412764,1316.9995349,1316.9995349,1317.9993635,1317.9993635,1318.499750766667,1319.9656843000002,1321.0950272999999,1321.0950272999999,1323.4995694,1323.4995694,1323.4990762666669,1324.4995801000005,1326.2329895000003,1325.9855370000005,,,,,,,BCI02,001,2025-12-12_10h20.03.735,CoSpeechGestures,,2025.1.1,59.95139141183242,2025-12-12 10h20.18.187367 -0600,
96,96,0,gesture,images/hand.png,go,"bumpy",audios/bumpy.wav,videos/bumpy_clip.mp4,wrist,space,155.21646820000024,None,,,,,0,0,0,0,0,96,96,96,,,,,,,,,1326.2329895000003,,,,,,,,,,,,,,,,,,,,,,,,,,,,,,,,,,,,,,,,,,,,,,,,,,1.0,1326.2318229000002,1326.2329895000003,1327.9991146000002,1327.9991146000002,1328.9992432999998,1328.9992432999998,1329.4990943666664,1331.332413,1332.0956943,1332.0956943,1334.4996739999997,1334.4996739999997,1334.4995859666662,1335.4997321,1337.2452068000002,1336.9825389999996,,,,,,,BCI02,001,2025-12-12_10h20.03.735,CoSpeechGestures,,2025.1.1,59.95139141183242,2025-12-12 10h20.18.187367 -0600,
97,97,0,speech,images/speak.png,go,"cutting",audios/cutting.wav,videos/cutting_clip.mp4,arm,space,155.21646820000024,None,,,,,0,0,0,0,0,97,97,97,,,,,,,,,1337.2452068000002,,,,,,,,,,,,,,,,,,,,,,,,,,,,,,,,,,,,,,,,,,,,,,,,,,1.0,1337.2440636000001,1337.2452068000002,1338.9991170000003,1338.9991170000003,1339.9993922000003,1339.9993922000003,1340.499219966667,1342.2324532000002,1343.0975170000002,1343.0975170000002,1345.4991683999997,1345.4991683999997,1345.4996537666668,1346.4996527000003,1348.1983228999998,1347.9833055,,,,,,,BCI02,001,2025-12-12_10h20.03.735,CoSpeechGestures,,2025.1.1,59.95139141183242,2025-12-12 10h20.18.187367 -0600,
98,98,0,speech,images/speak.png,go,"peace",audios/peace.wav,videos/peace_clip.mp4,digits,space,155.21646820000024,None,,,,,0,0,0,0,0,98,98,98,,,,,,,,,1348.1983228999998,,,,,,,,,,,,,,,,,,,,,,,,,,,,,,,,,,,,,,,,,,,,,,,,,,1.0,1348.197236,1348.1983228999998,1349.9997885000002,1349.9997885000002,1350.9995347000004,1350.9995347000004,1351.499185466667,1352.8658622000003,1354.1011043999997,1354.1011043999997,1356.4998095,1356.4998095,1356.4997048666667,1357.4998450000003,1359.2159118999998,1358.9832335,,,,,,,BCI02,001,2025-12-12_10h20.03.735,CoSpeechGestures,,2025.1.1,59.95139141183242,2025-12-12 10h20.18.187367 -0600,
99,99,0,gesture,images/hand.png,go,"good luck",audios/goodluck2.wav,videos/goodluck_clip.mp4,digits,space,155.21646820000024,None,,,,,0,0,0,0,0,99,99,99,,,,,,,,,1359.2159118999998,,,,,,,,,,,,,,,,,,,,,,,,,,,,,,,,,,,,,,,,,,,,,,,,,,1.0,1359.2147809999997,1359.2159118999998,1360.9998770000002,1360.9998770000002,1361.9994052000002,1361.9994052000002,1362.4992552666665,1363.9825903,1365.0729380000002,1365.0729380000002,1367.4999266000004,1367.4999266000004,1367.4997701666664,1368.4997759999997,1370.2324218000003,1369.9831594999996,,,,,,,BCI02,001,2025-12-12_10h20.03.735,CoSpeechGestures,,2025.1.1,59.95139141183242,2025-12-12 10h20.18.187367 -0600,
100,100,0,speech,images/speak.png,go,"goodbye",audios/goodbye.wav,videos/goodbye_clip.mp4,wrist,space,155.21646820000024,None,,,,,0,0,0,0,0,100,100,100,,,,,,,,,1370.2324218000003,,,,,,,,,,,,,,,,,,,,,,,,,,,,,,,,,,,,,,,,,,,,,,,,,,1.0,1370.2300963999996,1370.2324218000003,1371.9999047000001,1371.9999047000001,1372.9995095000004,1372.9995095000004,1373.4992994666666,1375.5022146000001,1376.1041225,1376.1041225,1378.4997750000002,1378.4997750000002,1378.4998487666664,1379.5024243999997,1381.2397941999998,1380.9829112999996,,,,,,,BCI02,001,2025-12-12_10h20.03.735,CoSpeechGestures,,2025.1.1,59.95139141183242,2025-12-12 10h20.18.187367 -0600,
101,101,0,gesture,images/hand.png,go,"what",audios/what.wav,videos/what_clip.mp4,wrist,space,155.21646820000024,None,,,,,0,0,0,0,0,101,101,101,,,,,,,,,1381.2397941999998,,,,,,,,,,,,,,,,,,,,,,,,,,,,,,,,,,,,,,,,,,,,,,,,,,1.0,1381.2374525000005,1381.2397941999998,1383.0000092,1383.0000092,1383.9995588000002,1383.9995588000002,1384.4993608666666,1385.8493519000003,1387.0974004,1387.0974004,1389.5000883000002,1389.5000883000002,1389.4999763666667,1390.5042313000004,1392.2524497000004,1391.9833467999997,,,,,,,BCI02,001,2025-12-12_10h20.03.735,CoSpeechGestures,,2025.1.1,59.95139141183242,2025-12-12 10h20.18.187367 -0600,
102,102,0,gesture,images/hand.png,go,"cutting",audios/cutting.wav,videos/cutting_clip.mp4,arm,space,155.21646820000024,None,,,,,0,0,0,0,0,102,102,102,,,,,,,,,1392.2524497000004,,,,,,,,,,,,,,,,,,,,,,,,,,,,,,,,,,,,,,,,,,,,,,,,,,1.0,1392.2512557999999,1392.2524497000004,1393.9998852999997,1393.9998852999997,1394.9996266999997,1394.9996266999997,1395.499400566667,1397.2332649999998,1398.1039426999996,1398.1039426999996,1400.4999226999998,1400.4999226999998,1400.4999198666667,1401.5000147,1403.1996187000004,1402.9828472999998,,,,,,,BCI02,001,2025-12-12_10h20.03.735,CoSpeechGestures,,2025.1.1,59.95139141183242,2025-12-12 10h20.18.187367 -0600,
103,103,0,speech,images/speak.png,go,"stop",audios/stop2.wav,videos/stop_clip.mp4,wrist,space,155.21646820000024,None,,,,,0,0,0,0,0,103,103,103,,,,,,,,,1403.1996187000004,,,,,,,,,,,,,,,,,,,,,,,,,,,,,,,,,,,,,,,,,,,,,,,,,,1.0,1403.1972784999998,1403.1996187000004,1405.0000840000002,1405.0000840000002,1405.9997503000004,1405.9997503000004,1406.4994609666667,1408.0828892,1409.0956532999999,1409.0956532999999,1411.5000385000003,1411.5000385000003,1411.4999881666665,1412.5023438999997,1414.2350851,1413.9860829,,,,,,,BCI02,001,2025-12-12_10h20.03.735,CoSpeechGestures,,2025.1.1,59.95139141183242,2025-12-12 10h20.18.187367 -0600,
104,104,0,speech,images/speak.png,go,"cutting",audios/cutting.wav,videos/cutting_clip.mp4,arm,space,155.21646820000024,None,,,,,0,0,0,0,0,104,104,104,,,,,,,,,1414.2350851,,,,,,,,,,,,,,,,,,,,,,,,,,,,,,,,,,,,,,,,,,,,,,,,,,1.0,1414.2322869,1414.2350851,1416.0001427999996,1416.0001427999996,1416.9997867000002,1416.9997867000002,1417.4995218666666,1419.2328564999998,1420.0967749000001,1420.0967749000001,1422.5001631000005,1422.5001631000005,1422.5000428666665,1423.5030391,1425.2503629000003,1424.9862111000002,,,,,,,BCI02,001,2025-12-12_10h20.03.735,CoSpeechGestures,,2025.1.1,59.95139141183242,2025-12-12 10h20.18.187367 -0600,
105,105,0,speech_no,images/speak.png,nogo,"goodbye",audios/goodbye.wav,videos/goodbye_clip.mp4,wrist,space,155.21646820000024,None,,,,,0,0,0,0,0,105,105,105,,,,,,,,,1425.2503629000003,,,,,,,,,,,,,,,,,,,,,,,,,,,,,,,,,,,,,,,,,,,,,,,,,,1.0,1425.2491996999997,1425.2503629000003,1426.9995835,1426.9995835,1427.9997660999998,1427.9997660999998,1428.4995778666664,1430.4995504999997,1431.1164937000003,1431.1164937000003,1433.5000729000003,1433.5000729000003,1433.4995732666669,1434.5036802000004,1436.2382912000003,1435.9835171000004,,,,,,,BCI02,001,2025-12-12_10h20.03.735,CoSpeechGestures,,2025.1.1,59.95139141183242,2025-12-12 10h20.18.187367 -0600,
106,106,0,speech,images/speak.png,go,"goodbye",audios/goodbye.wav,videos/goodbye_clip.mp4,wrist,space,155.21646820000024,None,,,,,0,0,0,0,0,106,106,106,,,,,,,,,1436.2382912000003,,,,,,,,,,,,,,,,,,,,,,,,,,,,,,,,,,,,,,,,,,,,,,,,,,1.0,1436.2371554000001,1436.2382912000003,1438.0001104000003,1438.0001104000003,1439.0005177000003,1439.0005177000003,1439.4996150666668,1441.5038133999997,1442.1061687000001,1442.1061687000001,1444.5001819999998,1444.5001819999998,1444.5002681666667,1445.5034375000005,1447.244541,1446.9830646999999,,,,,,,BCI02,001,2025-12-12_10h20.03.735,CoSpeechGestures,,2025.1.1,59.95139141183242,2025-12-12 10h20.18.187367 -0600,
107,107,0,speech,images/speak.png,go,"bumpy",audios/bumpy.wav,videos/bumpy_clip.mp4,wrist,space,155.21646820000024,None,,,,,0,0,0,0,0,107,107,107,,,,,,,,,1447.244541,,,,,,,,,,,,,,,,,,,,,,,,,,,,,,,,,,,,,,,,,,,,,,,,,,1.0,1447.2433924999996,1447.244541,1448.9996619000003,1448.9996619000003,1449.9999202,1449.9999202,1450.499685566667,1452.3334633000004,1453.0886165000002,1453.0886165000002,1455.4997745,1455.4997745,1455.5000791666664,1456.5032870000005,1458.2159640999998,1457.9871258000003,,,,,,,BCI02,001,2025-12-12_10h20.03.735,CoSpeechGestures,,2025.1.1,59.95139141183242,2025-12-12 10h20.18.187367 -0600,
108,108,0,gesture,images/hand.png,go,"stop",audios/stop2.wav,videos/stop_clip.mp4,wrist,space,155.21646820000024,None,,,,,0,0,0,0,0,108,108,108,,,,,,,,,1458.2159640999998,,,,,,,,,,,,,,,,,,,,,,,,,,,,,,,,,,,,,,,,,,,,,,,,,,1.0,1458.2148588,1458.2159640999998,1460.0005056,1460.0005056,1460.9999798999997,1460.9999798999997,1461.500312166667,1463.0830826000001,1464.0949798000001,1464.0949798000001,1466.5003230000002,1466.5003230000002,1466.5002430666666,1467.5036251000001,1469.2765596999998,1468.9832284000004,,,,,,,BCI02,001,2025-12-12_10h20.03.735,CoSpeechGestures,,2025.1.1,59.95139141183242,2025-12-12 10h20.18.187367 -0600,
109,109,0,speech_gesture,images/speak_gesture.png,go,"peace",audios/peace.wav,videos/peace_clip.mp4,digits,space,155.21646820000024,None,,,,,0,0,0,0,0,109,109,109,,,,,,,,,1469.2765596999998,,,,,,,,,,,,,,,,,,,,,,,,,,,,,,,,,,,,,,,,,,,,,,,,,,2.663076923076923,1469.2715223000005,1469.2765596999998,1471.0002599999998,1471.0002599999998,1472.0005069999997,1472.0005069999997,1472.4997651666665,1473.8664649000002,1475.1094080000003,1475.1094080000003,1477.5002752,1477.5002752,1477.500269866667,1478.5034318999997,1480.2570782000003,1479.9874072000002,,,,,,,BCI02,001,2025-12-12_10h20.03.735,CoSpeechGestures,,2025.1.1,59.95139141183242,2025-12-12 10h20.18.187367 -0600,
110,110,0,speech,images/speak.png,go,"stop",audios/stop2.wav,videos/stop_clip.mp4,wrist,space,155.21646820000024,None,,,,,0,0,0,0,0,110,110,110,,,,,,,,,1480.2570782000003,,,,,,,,,,,,,,,,,,,,,,,,,,,,,,,,,,,,,,,,,,,,,,,,,,1.0,1480.2540575000003,1480.2570782000003,1482.0004135,1482.0004135,1483.0006640000001,1483.0006640000001,1483.4998822666669,1485.0838279999998,1486.0991647,1486.0991647,1488.5003398,1488.5003398,1488.5003069666666,1489.5027152000002,1491.2311544000004,1490.9863203000004,,,,,,,BCI02,001,2025-12-12_10h20.03.735,CoSpeechGestures,,2025.1.1,59.95139141183242,2025-12-12 10h20.18.187367 -0600,
111,111,0,speech,images/speak.png,go,"what",audios/what.wav,videos/what_clip.mp4,wrist,space,155.21646820000024,None,,,,,0,0,0,0,0,111,111,111,,,,,,,,,1491.2311544000004,,,,,,,,,,,,,,,,,,,,,,,,,,,,,,,,,,,,,,,,,,,,,,,,,,1.0,1491.2300334000001,1491.2311544000004,1493.0003453999998,1493.0003453999998,1494.0007425000003,1494.0007425000003,1494.499886466667,1495.8505420000001,1497.0936388,1497.0936388,1499.5004031999997,1499.5004031999997,1499.500381066667,1500.5004152000001,1502.2459974000003,1501.9838781999997,,,,,,,BCI02,001,2025-12-12_10h20.03.735,CoSpeechGestures,,2025.1.1,59.95139141183242,2025-12-12 10h20.18.187367 -0600,
112,112,0,gesture_no,images/hand.png,nogo,"cutting",audios/cutting.wav,videos/cutting_clip.mp4,arm,space,155.21646820000024,None,,,,,0,0,0,0,0,112,112,112,,,,,,,,,1502.2459974000003,,,,,,,,,,,,,,,,,,,,,,,,,,,,,,,,,,,,,,,,,,,,,,,,,,1.0,1502.2421544,1502.2459974000003,1504.0004465000002,1504.0004465000002,1505.0007214999996,1505.0007214999996,1505.500038166667,1507.2333110999998,1508.0884145999999,1508.0884145999999,1510.5006088999999,1510.5006088999999,1510.5004646666669,1511.5031674000002,1513.2341201,1512.9836415,,,,,,,BCI02,001,2025-12-12_10h20.03.735,CoSpeechGestures,,2025.1.1,59.95139141183242,2025-12-12 10h20.18.187367 -0600,
113,113,0,speech,images/speak.png,go,"peace",audios/peace.wav,videos/peace_clip.mp4,digits,space,155.21646820000024,None,,,,,0,0,0,0,0,113,113,113,,,,,,,,,1513.2341201,,,,,,,,,,,,,,,,,,,,,,,,,,,,,,,,,,,,,,,,,,,,,,,,,,1.0,1513.2315595,1513.2341201,1515.0004974000003,1515.0004974000003,1516.0005386000003,1516.0005386000003,1516.5000028666666,1517.8670923999998,1519.0988325999997,1519.0988325999997,1521.5000040000004,1521.5000040000004,1521.5005322666668,1522.5005694000001,1524.2332281,1523.9864974000002,,,,,,,BCI02,001,2025-12-12_10h20.03.735,CoSpeechGestures,,2025.1.1,59.95139141183242,2025-12-12 10h20.18.187367 -0600,
114,114,0,gesture,images/hand.png,go,"OK",audios/OK.wav,videos/ok_clip.mp4,digits,space,155.21646820000024,None,,,,,0,0,0,0,0,114,114,114,,,,,,,,,1524.2332281,,,,,,,,,,,,,,,,,,,,,,,,,,,,,,,,,,,,,,,,,,,,,,,,,,1.0,1524.2320959999997,1524.2332281,1526.0005533000003,1526.0005533000003,1527.0008385,1527.0008385,1527.5005697666668,1528.7174084999997,1530.0988908,1530.0988908,1532.5006061000004,1532.5006061000004,1532.500269866667,1533.5006365,1535.1177896999998,1534.9840299999996,,,,,,,BCI02,001,2025-12-12_10h20.03.735,CoSpeechGestures,,2025.1.1,59.95139141183242,2025-12-12 10h20.18.187367 -0600,
0,0,0,gesture,images/hand.png,go,"yes",audios/yes.wav,videos/yes_clip.mp4,digits,space,394.50854379999964,None,,,,,1,0,1,0,0,0,0,0,,,,,,,,,1929.7871972000003,,,,,,,,,,,,,,,,,,,,,,,,,,,,,,,,,,,,,,,,,,,1535.1168016000001,1535.1177896999998,1535.1177896999998,1929.6361478999997,space,394.50854379999964,None,1.0,1929.7858113000002,1929.7871972000003,1931.6353250000002,1931.6353250000002,1932.6356871999997,1932.6356871999997,1933.1354029666666,1934.8186723,1935.7307932000003,1935.7307932000003,1938.1354122000002,1938.1354122000002,1938.1358598666668,1939.1395172000002,1940.8821362999997,1940.6193233000004,,,,,,,BCI02,001,2025-12-12_10h20.03.735,CoSpeechGestures,,2025.1.1,59.95139141183242,2025-12-12 10h20.18.187367 -0600,
1,1,0,gesture,images/hand.png,go,"what",audios/what.wav,videos/what_clip.mp4,wrist,space,394.50854379999964,None,,,,,1,0,1,0,0,1,1,1,,,,,,,,,1940.8821362999997,,,,,,,,,,,,,,,,,,,,,,,,,,,,,,,,,,,,,,,,,,,,,,,,,,1.0,1940.8790215999998,1940.8821362999997,1942.6354520000004,1942.6354520000004,1943.6356312999997,1943.6356312999997,1944.135413766667,1945.4860899000005,1946.7454396000003,1946.7454396000003,1949.1354709999996,1949.1354709999996,1949.1359056666663,1950.1359441000004,1951.8491305999996,1951.6193351000002,,,,,,,BCI02,001,2025-12-12_10h20.03.735,CoSpeechGestures,,2025.1.1,59.95139141183242,2025-12-12 10h20.18.187367 -0600,
2,2,0,speech_gesture,images/speak_gesture.png,go,"bumpy",audios/bumpy.wav,videos/bumpy_clip.mp4,wrist,space,394.50854379999964,None,,,,,1,0,1,0,0,2,2,2,,,,,,,,,1951.8491305999996,,,,,,,,,,,,,,,,,,,,,,,,,,,,,,,,,,,,,,,,,,,,,,,,,,2.663076923076923,1951.8478881,1951.8491305999996,1953.6361120000001,1953.6361120000001,1954.6364733,1954.6364733,1955.135480666667,1956.9694201000002,1957.7561616000003,1957.7561616000003,1960.1359635999997,1960.1359635999997,1960.135918066667,1961.1358959,1962.8652995000002,1962.6194004,,,,,,,BCI02,001,2025-12-12_10h20.03.735,CoSpeechGestures,,2025.1.1,59.95139141183242,2025-12-12 10h20.18.187367 -0600,
3,3,0,speech_gesture,images/speak_gesture.png,go,"cutting",audios/cutting.wav,videos/cutting_clip.mp4,arm,space,394.50854379999964,None,,,,,1,0,1,0,0,3,3,3,,,,,,,,,1962.8652995000002,,,,,,,,,,,,,,,,,,,,,,,,,,,,,,,,,,,,,,,,,,,,,,,,,,2.663076923076923,1962.8639307000003,1962.8652995000002,1964.6359690999998,1964.6359690999998,1965.6363494999996,1965.6363494999996,1966.1355164666668,1967.8521582000003,1968.7303118,1968.7303118,1971.135991,1971.135991,1971.1359988666666,1972.1359727999998,1973.8747991,1973.6195889,,,,,,,BCI02,001,2025-12-12_10h20.03.735,CoSpeechGestures,,2025.1.1,59.95139141183242,2025-12-12 10h20.18.187367 -0600,
4,4,0,gesture,images/hand.png,go,"OK",audios/OK.wav,videos/ok_clip.mp4,digits,space,394.50854379999964,None,,,,,1,0,1,0,0,4,4,4,,,,,,,,,1973.8747991,,,,,,,,,,,,,,,,,,,,,,,,,,,,,,,,,,,,,,,,,,,,,,,,,,1.0,1973.8717711,1973.8747991,1975.6359599999996,1975.6359599999996,1976.635789,1976.635789,1977.135576566667,1978.3527535000003,1979.7265871,1979.7265871,1982.1357292000002,1982.1357292000002,1982.136117066667,1983.1392231,1984.8668206000002,1984.6195242000003,,,,,,,BCI02,001,2025-12-12_10h20.03.735,CoSpeechGestures,,2025.1.1,59.95139141183242,2025-12-12 10h20.18.187367 -0600,
5,5,0,speech_gesture,images/speak_gesture.png,go,"good luck",audios/goodluck2.wav,videos/goodluck_clip.mp4,digits,space,394.50854379999964,None,,,,,1,0,1,0,0,5,5,5,,,,,,,,,1984.8668206000002,,,,,,,,,,,,,,,,,,,,,,,,,,,,,,,,,,,,,,,,,,,,,,,,,,2.663076923076923,1984.8652327,1984.8668206000002,1986.6361210000005,1986.6361210000005,1987.6364885000003,1987.6364885000003,1988.1357723666663,1989.6189737000004,1990.7391276999997,1990.7391276999997,1993.1360824000003,1993.1360824000003,1993.135617666667,1994.1399769999998,1995.8698536000002,1995.6196288,,,,,,,BCI02,001,2025-12-12_10h20.03.735,CoSpeechGestures,,2025.1.1,59.95139141183242,2025-12-12 10h20.18.187367 -0600,
6,6,0,speech,images/speak.png,go,"cutting",audios/cutting.wav,videos/cutting_clip.mp4,arm,space,394.50854379999964,None,,,,,1,0,1,0,0,6,6,6,,,,,,,,,1995.8698536000002,,,,,,,,,,,,,,,,,,,,,,,,,,,,,,,,,,,,,,,,,,,,,,,,,,1.0,1995.8685968999998,1995.8698536000002,1997.6357024999998,1997.6357024999998,1998.6365474000004,1998.6365474000004,1999.1357007666668,2000.8523164999997,2001.7282121999997,2001.7282121999997,2004.1362602999998,2004.1362602999998,2004.1361919666663,2005.1357326999996,2006.9046679000003,2006.6199016,,,,,,,BCI02,001,2025-12-12_10h20.03.735,CoSpeechGestures,,2025.1.1,59.95139141183242,2025-12-12 10h20.18.187367 -0600,
7,7,0,speech_gesture,images/speak_gesture.png,go,"good luck",audios/goodluck2.wav,videos/goodluck_clip.mp4,digits,space,394.50854379999964,None,,,,,1,0,1,0,0,7,7,7,,,,,,,,,2006.9046679000003,,,,,,,,,,,,,,,,,,,,,,,,,,,,,,,,,,,,,,,,,,,,,,,,,,2.663076923076923,2006.8997128,2006.9046679000003,2008.6357100000005,2008.6357100000005,2009.6359669000003,2009.6359669000003,2010.1357375666669,2011.619052,2012.7239455999998,2012.7239455999998,2015.1357964999997,2015.1357964999997,2015.1363547666663,2016.1386195000005,2017.8840484000002,2017.6191765000003,,,,,,,BCI02,001,2025-12-12_10h20.03.735,CoSpeechGestures,,2025.1.1,59.95139141183242,2025-12-12 10h20.18.187367 -0600,
8,8,0,speech_gesture,images/speak_gesture.png,go,"sweeping",audios/sweeping.wav,videos/sweeping_clip.mp4,arm,space,394.50854379999964,None,,,,,1,0,1,0,0,8,8,8,,,,,,,,,2017.8840484000002,,,,,,,,,,,,,,,,,,,,,,,,,,,,,,,,,,,,,,,,,,,,,,,,,,2.663076923076923,2017.8826741000003,2017.8840484000002,2019.6362660000004,2019.6362660000004,2020.6359866000003,2020.6359866000003,2021.1357871666671,2022.9357997999996,2023.7235088999996,2023.7235088999996,2026.1362885999997,2026.1362885999997,2026.1363144666668,2027.1363319000002,2028.8521251000002,2028.6197678999997,,,,,,,BCI02,001,2025-12-12_10h20.03.735,CoSpeechGestures,,2025.1.1,59.95139141183242,2025-12-12 10h20.18.187367 -0600,
9,9,0,gesture,images/hand.png,go,"goodbye",audios/goodbye.wav,videos/goodbye_clip.mp4,wrist,space,394.50854379999964,None,,,,,1,0,1,0,0,9,9,9,,,,,,,,,2028.8521251000002,,,,,,,,,,,,,,,,,,,,,,,,,,,,,,,,,,,,,,,,,,,,,,,,,,1.0,2028.8508787,2028.8521251000002,2030.6358625000003,2030.6358625000003,2031.6361163000001,2031.6361163000001,2032.1358438666668,2034.1359173,2034.7472238999999,2034.7472238999999,2037.1363462999998,2037.1363462999998,2037.135846866667,2038.1364166000003,2039.8589785000004,2039.6199714000004,,,,,,,BCI02,001,2025-12-12_10h20.03.735,CoSpeechGestures,,2025.1.1,59.95139141183242,2025-12-12 10h20.18.187367 -0600,
10,10,0,speech_no,images/speak.png,nogo,"OK,audios/OK.wav,videos/ok_clip.mp4,digits,space,394.50854379999964,None,,,,,1,0,1,0,0,10,10,10,,,,,,,,,2039.8589785000004,,,,,,,,,,,,,,,,,,,,,,,,,,,,,,,,,,,,,,,,,,,,,,,,,,1.0,2039.856664,2039.8589785000004,2041.6364549,2041.6364549,2042.6361398999998,2042.6361398999998,2043.1358998666667,2044.3531049000003,2045.7385826,2045.7385826,2048.1364368000004,2048.1364368000004,2048.135891066667,2049.1400881,2050.8655638,2050.6193823000003,,,,,,,BCI02,001,2025-12-12_10h20.03.735,CoSpeechGestures,,2025.1.1,59.95139141183242,2025-12-12 10h20.18.187367 -0600,
11,11,0,speech,images/speak.png,go,"stop",audios/stop2.wav,videos/stop_clip.mp4,wrist,space,394.50854379999964,None,,,,,1,0,1,0,0,11,11,11,,,,,,,,,2050.8655638,,,,,,,,,,,,,,,,,,,,,,,,,,,,,,,,,,,,,,,,,,,,,,,,,,1.0,2050.8644425,2050.8655638,2052.6364405000004,2052.6364405000004,2053.6362197999997,2053.6362197999997,2054.1364671666665,2055.7196102,2056.7454132000003,2056.7454132000003,2059.1365154000005,2059.1365154000005,2059.1360050666667,2060.1360227000005,2061.8733641999997,2061.6195741,,,,,,,BCI02,001,2025-12-12_10h20.03.735,CoSpeechGestures,,2025.1.1,59.95139141183242,2025-12-12 10h20.18.187367 -0600,
12,12,0,speech_gesture,images/speak_gesture.png,go,"good luck",audios/goodluck2.wav,videos/goodluck_clip.mp4,digits,space,394.50854379999964,None,,,,,1,0,1,0,0,12,12,12,,,,,,,,,2061.8733641999997,,,,,,,,,,,,,,,,,,,,,,,,,,,,,,,,,,,,,,,,,,,,,,,,,,2.663076923076923,2061.8718246,2061.8733641999997,2063.636528,2063.636528,2064.6367147,2064.6367147,2065.136722966667,2066.6193444,2067.7151426,2067.7151426,2070.1365225,2070.1365225,2070.1364893666673,2071.1365122999996,2072.8686396000003,2072.6199163,,,,,,,BCI02,001,2025-12-12_10h20.03.735,CoSpeechGestures,,2025.1.1,59.95139141183242,2025-12-12 10h20.18.187367 -0600,
13,13,0,gesture,images/hand.png,go,"outside",audios/outside.wav,videos/outside_clip.mp4,arm,space,394.50854379999964,None,,,,,1,0,1,0,0,13,13,13,,,,,,,,,2072.8686396000003,,,,,,,,,,,,,,,,,,,,,,,,,,,,,,,,,,,,,,,,,,,,,,,,,,1.0,2072.8657885000002,2072.8686396000003,2074.6365925,2074.6365925,2075.6362532000003,2075.6362532000003,2076.136061366667,2077.9366038999997,2078.7438152000004,2078.7438152000004,2081.1365906,2081.1365906,2081.136556666667,2082.1365680999997,2083.8677625,2083.6200009000004,,,,,,,BCI02,001,2025-12-12_10h20.03.735,CoSpeechGestures,,2025.1.1,59.95139141183242,2025-12-12 10h20.18.187367 -0600,
14,14,0,gesture,images/hand.png,go,"cutting",audios/cutting.wav,videos/cutting_clip.mp4,arm,space,394.50854379999964,None,,,,,1,0,1,0,0,14,14,14,,,,,,,,,2083.8677625,,,,,,,,,,,,,,,,,,,,,,,,,,,,,,,,,,,,,,,,,,,,,,,,,,1.0,2083.8666270000003,2083.8677625,2085.6365828,2085.6365828,2086.636894,2086.636894,2087.136193366667,2088.8700630000003,2089.7263798000004,2089.7263798000004,2092.1361835999996,2092.1361835999996,2092.1366359666667,2093.1361417999997,2094.8739045,2094.6200411,,,,,,,BCI02,001,2025-12-12_10h20.03.735,CoSpeechGestures,,2025.1.1,59.95139141183242,2025-12-12 10h20.18.187367 -0600,
15,15,0,gesture,images/hand.png,go,"peace",audios/peace.wav,videos/peace_clip.mp4,digits,space,394.50854379999964,None,,,,,1,0,1,0,0,15,15,15,,,,,,,,,2094.8739045,,,,,,,,,,,,,,,,,,,,,,,,,,,,,,,,,,,,,,,,,,,,,,,,,,1.0,2094.8727519000004,2094.8739045,2096.6367083000005,2096.6367083000005,2097.636985,2097.636985,2098.136159766667,2099.5194935,2100.7283459,2100.7283459,2103.1366651999997,2103.1366651999997,2103.1362165666665,2104.1367085,2105.8862485,2105.6201474,,,,,,,BCI02,001,2025-12-12_10h20.03.735,CoSpeechGestures,,2025.1.1,59.95139141183242,2025-12-12 10h20.18.187367 -0600,
16,16,0,speech,images/speak.png,go,"goodbye",audios/goodbye.wav,videos/goodbye_clip.mp4,wrist,space,394.50854379999964,None,,,,,1,0,1,0,0,16,16,16,,,,,,,,,2105.8862485,,,,,,,,,,,,,,,,,,,,,,,,,,,,,,,,,,,,,,,,,,,,,,,,,,1.0,2105.8838447999997,2105.8862485,2107.6368353999997,2107.6368353999997,2108.6364358,2108.6364358,2109.136214366667,2111.1367446000004,2111.7569149,2111.7569149,2114.1362930000005,2114.1362930000005,2114.1367381666673,2115.1362728000004,2116.8891964000004,2116.619708,,,,,,,BCI02,001,2025-12-12_10h20.03.735,CoSpeechGestures,,2025.1.1,59.95139141183242,2025-12-12 10h20.18.187367 -0600,
17,17,0,speech_gesture,images/speak_gesture.png,go,"sweeping",audios/sweeping.wav,videos/sweeping_clip.mp4,arm,space,394.50854379999964,None,,,,,1,0,1,0,0,17,17,17,,,,,,,,,2116.8891964000004,,,,,,,,,,,,,,,,,,,,,,,,,,,,,,,,,,,,,,,,,,,,,,,,,,2.663076923076923,2116.8879447,2116.8891964000004,2118.6364407,2118.6364407,2119.6364684,2119.6364684,2120.1362706666673,2121.9362680000004,2122.7176614,2122.7176614,2125.1362996999997,2125.1362996999997,2125.1363510666665,2126.1368129,2127.8769367000004,2127.6202468,,,,,,,BCI02,001,2025-12-12_10h20.03.735,CoSpeechGestures,,2025.1.1,59.95139141183242,2025-12-12 10h20.18.187367 -0600,
18,18,0,speech_gesture,images/speak_gesture.png,go,"sweeping",audios/sweeping.wav,videos/sweeping_clip.mp4,arm,space,394.50854379999964,None,,,,,1,0,1,0,0,18,18,18,,,,,,,,,2127.8769367000004,,,,,,,,,,,,,,,,,,,,,,,,,,,,,,,,,,,,,,,,,,,,,,,,,,2.663076923076923,2127.8754844000005,2127.8769367000004,2129.6368451999997,2129.6368451999997,2130.6365935000003,2130.6365935000003,2131.1363953666673,2132.9363246000003,2133.7466501,2133.7466501,2136.1368276000003,2136.1368276000003,2136.136899966667,2137.1363767000003,2138.8659943000002,2138.620298,,,,,,,BCI02,001,2025-12-12_10h20.03.735,CoSpeechGestures,,2025.1.1,59.95139141183242,2025-12-12 10h20.18.187367 -0600,
19,19,0,gesture,images/hand.png,go,"cutting",audios/cutting.wav,videos/cutting_clip.mp4,arm,space,394.50854379999964,None,,,,,1,0,1,0,0,19,19,19,,,,,,,,,2138.8659943000002,,,,,,,,,,,,,,,,,,,,,,,,,,,,,,,,,,,,,,,,,,,,,,,,,,1.0,2138.861798,2138.8659943000002,2140.6368537999997,2140.6368537999997,2141.6366133,2141.6366133,2142.1369758666665,2143.8702463,2144.7502551,2144.7502551,2147.1369716,2147.1369716,2147.136939266667,2148.1364351,2149.8708415,2149.6205003000005,,,,,,,BCI02,001,2025-12-12_10h20.03.735,CoSpeechGestures,,2025.1.1,59.95139141183242,2025-12-12 10h20.18.187367 -0600,
20,20,0,speech,images/speak.png,go,"peace",audios/peace.wav,videos/peace_clip.mp4,digits,space,394.50854379999964,None,,,,,1,0,1,0,0,20,20,20,,,,,,,,,2149.8708415,,,,,,,,,,,,,,,,,,,,,,,,,,,,,,,,,,,,,,,,,,,,,,,,,,1.0,2149.8697346,2149.8708415,2151.6369522000005,2151.6369522000005,2152.6366847,2152.6366847,2153.1365311666673,2154.5030884,2155.7249561999997,2155.7249561999997,2158.1364395,2158.1364395,2158.1369501666672,2159.1364873,2160.8493068999996,2160.6204939,,,,,,,BCI02,001,2025-12-12_10h20.03.735,CoSpeechGestures,,2025.1.1,59.95139141183242,2025-12-12 10h20.18.187367 -0600,
21,21,0,speech,images/speak.png,go,"peace",audios/peace.wav,videos/peace_clip.mp4,digits,space,394.50854379999964,None,,,,,1,0,1,0,0,21,21,21,,,,,,,,,2160.8493068999996,,,,,,,,,,,,,,,,,,,,,,,,,,,,,,,,,,,,,,,,,,,,,,,,,,1.0,2160.8481659,2160.8493068999996,2162.6369531,2162.6369531,2163.636767,2163.636767,2164.136506066667,2165.5037294000003,2166.7378522999998,2166.7378522999998,2169.1369953000003,2169.1369953000003,2169.136974866667,2170.1370244,2171.9062326000003,2171.6204672000003,,,,,,,BCI02,001,2025-12-12_10h20.03.735,CoSpeechGestures,,2025.1.1,59.95139141183242,2025-12-12 10h20.18.187367 -0600,
22,22,0,speech_gesture,images/speak_gesture.png,go,"hang loose",audios/hangloose.wav,videos/hangloose_clip.mp4,digits,space,394.50854379999964,None,,,,,1,0,1,0,0,22,22,22,,,,,,,,,2171.9062326000003,,,,,,,,,,,,,,,,,,,,,,,,,,,,,,,,,,,,,,,,,,,,,,,,,,2.663076923076923,2171.9031771,2171.9062326000003,2173.6365505000003,2173.6365505000003,2174.6367489000004,2174.6367489000004,2175.136578166667,2176.7705163,2177.7411844999997,2177.7411844999997,2180.1372215,2180.1372215,2180.137033266667,2181.1365410999997,2182.8592193000004,2182.6205573999996,,,,,,,BCI02,001,2025-12-12_10h20.03.735,CoSpeechGestures,,2025.1.1,59.95139141183242,2025-12-12 10h20.18.187367 -0600,
23,23,0,speech,images/speak.png,go,"cutting",audios/cutting.wav,videos/cutting_clip.mp4,arm,space,394.50854379999964,None,,,,,1,0,1,0,0,23,23,23,,,,,,,,,2182.8592193000004,,,,,,,,,,,,,,,,,,,,,,,,,,,,,,,,,,,,,,,,,,,,,,,,,,1.0,2182.8579210999997,2182.8592193000004,2184.6372171000003,2184.6372171000003,2185.6375215999997,2185.6375215999997,2186.136579966667,2187.8701803000004,2188.7391606,2188.7391606,2191.1371838000005,2191.1371838000005,2191.1370742666672,2192.1371178,2193.8734477,2193.6206008999998,,,,,,,BCI02,001,2025-12-12_10h20.03.735,CoSpeechGestures,,2025.1.1,59.95139141183242,2025-12-12 10h20.18.187367 -0600,
24,24,0,speech,images/speak.png,go,"yes",audios/yes.wav,videos/yes_clip.mp4,digits,space,394.50854379999964,None,,,,,1,0,1,0,0,24,24,24,,,,,,,,,2193.8734477,,,,,,,,,,,,,,,,,,,,,,,,,,,,,,,,,,,,,,,,,,,,,,,,,,1.0,2193.8723026999996,2193.8734477,2195.6371055,2195.6371055,2196.636925,2196.636925,2197.1366503666673,2198.8199673999998,2199.7390100000002,2199.7390100000002,2202.1372786,2202.1372786,2202.1371368666673,2203.1374471,2204.8880977,2204.6206057,,,,,,,BCI02,001,2025-12-12_10h20.03.735,CoSpeechGestures,,2025.1.1,59.95139141183242,2025-12-12 10h20.18.187367 -0600,
25,25,0,speech,images/speak.png,go,"peace",audios/peace.wav,videos/peace_clip.mp4,digits,space,394.50854379999964,None,,,,,1,0,1,0,0,25,25,25,,,,,,,,,2204.8880977,,,,,,,,,,,,,,,,,,,,,,,,,,,,,,,,,,,,,,,,,,,,,,,,,,1.0,2204.8852657999996,2204.8880977,2206.6371695,2206.6371695,2207.6368979999997,2207.6368979999997,2208.136716166667,2209.5033492000002,2210.7397626,2210.7397626,2213.1372117,2213.1372117,2213.137183166667,2214.1374188,2215.8777072000003,2215.6206519999996,,,,,,,BCI02,001,2025-12-12_10h20.03.735,CoSpeechGestures,,2025.1.1,59.95139141183242,2025-12-12 10h20.18.187367 -0600,
26,26,0,gesture,images/hand.png,go,"yes",audios/yes.wav,videos/yes_clip.mp4,digits,space,394.50854379999964,None,,,,,1,0,1,0,0,26,26,26,,,,,,,,,2215.8777072000003,,,,,,,,,,,,,,,,,,,,,,,,,,,,,,,,,,,,,,,,,,,,,,,,,,1.0,2215.8766213999997,2215.8777072000003,2217.6372007,2217.6372007,2218.6369959000003,2218.6369959000003,2219.1372332666665,2220.820439,2221.7310481000004,2221.7310481000004,2224.1368239000003,2224.1368239000003,2224.1373246666667,2225.1372789999996,2226.8649044000003,2226.620737,,,,,,,BCI02,001,2025-12-12_10h20.03.735,CoSpeechGestures,,2025.1.1,59.95139141183242,2025-12-12 10h20.18.187367 -0600,
27,27,0,speech_gesture,images/speak_gesture.png,go,"outside",audios/outside.wav,videos/outside_clip.mp4,arm,space,394.50854379999964,None,,,,,1,0,1,0,0,27,27,27,,,,,,,,,2226.8649044000003,,,,,,,,,,,,,,,,,,,,,,,,,,,,,,,,,,,,,,,,,,,,,,,,,,2.663076923076923,2226.8632556000002,2226.8649044000003,2228.6372825999997,2228.6372825999997,2229.6376373000003,2229.6376373000003,2230.1368247666674,2231.9375179999997,2232.7266307,2232.7266307,2235.1373112,2235.1373112,2235.1368130666665,2236.1373844,2237.8760144,2237.6202542,,,,,,,BCI02,001,2025-12-12_10h20.03.735,CoSpeechGestures,,2025.1.1,59.95139141183242,2025-12-12 10h20.18.187367 -0600,
28,28,0,gesture,images/hand.png,go,"cutting",audios/cutting.wav,videos/cutting_clip.mp4,arm,space,394.50854379999964,None,,,,,1,0,1,0,0,28,28,28,,,,,,,,,2237.8760144,,,,,,,,,,,,,,,,,,,,,,,,,,,,,,,,,,,,,,,,,,,,,,,,,,1.0,2237.8730929000003,2237.8760144,2239.6373648,2239.6373648,2240.6370267,2240.6370267,2241.1374241666667,2242.8707702,2243.7441558,2243.7441558,2246.1373712000004,2246.1373712000004,2246.1374127666672,2247.1369082,2248.8799582,2248.6208483,,,,,,,BCI02,001,2025-12-12_10h20.03.735,CoSpeechGestures,,2025.1.1,59.95139141183242,2025-12-12 10h20.18.187367 -0600,
29,29,0,speech_gesture,images/speak_gesture.png,go,"peace",audios/peace.wav,videos/peace_clip.mp4,digits,space,394.50854379999964,None,,,,,1,0,1,0,0,29,29,29,,,,,,,,,2248.8799582,,,,,,,,,,,,,,,,,,,,,,,,,,,,,,,,,,,,,,,,,,,,,,,,,,2.663076923076923,2248.8783110000004,2248.8799582,2250.6375842999996,2250.6375842999996,2251.6372941,2251.6372941,2252.137513166667,2253.5035995999997,2254.7391721000004,2254.7391721000004,2257.1374683000004,2257.1374683000004,2257.1369697666673,2258.1375902,2259.8806991,2259.6209070000004,,,,,,,BCI02,001,2025-12-12_10h20.03.735,CoSpeechGestures,,2025.1.1,59.95139141183242,2025-12-12 10h20.18.187367 -0600,
30,30,0,speech,images/speak.png,go,"bumpy",audios/bumpy.wav,videos/bumpy_clip.mp4,wrist,space,394.50854379999964,None,,,,,1,0,1,0,0,30,30,30,,,,,,,,,2259.8806991,,,,,,,,,,,,,,,,,,,,,,,,,,,,,,,,,,,,,,,,,,,,,,,,,,1.0,2259.8793379,2259.8806991,2261.6375939,2261.6375939,2262.6372229999997,2262.6372229999997,2263.136985366667,2264.9710111000004,2265.7336244999997,2265.7336244999997,2268.1374670000005,2268.1374670000005,2268.137503166667,2269.1374702000003,2270.8778783,2270.6204096,,,,,,,BCI02,001,2025-12-12_10h20.03.735,CoSpeechGestures,,2025.1.1,59.95139141183242,2025-12-12 10h20.18.187367 -0600,
31,31,0,speech_gesture,images/speak_gesture.png,go,"OK",audios/OK.wav,videos/ok_clip.mp4,digits,space,394.50854379999964,None,,,,,1,0,1,0,0,31,31,31,,,,,,,,,2270.8778783,,,,,,,,,,,,,,,,,,,,,,,,,,,,,,,,,,,,,,,,,,,,,,,,,,2.663076923076923,2270.8729714,2270.8778783,2272.6375011,2272.6375011,2273.6373186,2273.6373186,2274.1370518666668,2275.3543922999997,2276.7207436,2276.7207436,2279.1375409,2279.1375409,2279.137595366667,2280.1538797000003,2281.8727142999996,2281.6212084,,,,,,,BCI02,001,2025-12-12_10h20.03.735,CoSpeechGestures,,2025.1.1,59.95139141183242,2025-12-12 10h20.18.187367 -0600,
32,32,0,gesture,images/hand.png,go,"good luck",audios/goodluck2.wav,videos/goodluck_clip.mp4,digits,space,394.50854379999964,None,,,,,1,0,1,0,0,32,32,32,,,,,,,,,2281.8727142999996,,,,,,,,,,,,,,,,,,,,,,,,,,,,,,,,,,,,,,,,,,,,,,,,,,1.0,2281.871451,2281.8727142999996,2283.6376821000003,2283.6376821000003,2284.6378975,2284.6378975,2285.137080666667,2286.620503,2287.7485875,2287.7485875,2290.1375871,2290.1375871,2290.1375876666666,2291.1375441,2292.8715589000003,2292.6210858000004,,,,,,,BCI02,001,2025-12-12_10h20.03.735,CoSpeechGestures,,2025.1.1,59.95139141183242,2025-12-12 10h20.18.187367 -0600,
33,33,0,gesture,images/hand.png,go,"good luck",audios/goodluck2.wav,videos/goodluck_clip.mp4,digits,space,394.50854379999964,None,,,,,1,0,1,0,0,33,33,33,,,,,,,,,2292.8715589000003,,,,,,,,,,,,,,,,,,,,,,,,,,,,,,,,,,,,,,,,,,,,,,,,,,1.0,2292.8704229000004,2292.8715589000003,2294.6370859999997,2294.6370859999997,2295.6373836000002,2295.6373836000002,2296.1376264666665,2297.6211155,2298.7269521999997,2298.7269521999997,2301.1371306,2301.1371306,2301.1376405666665,2302.1376108000004,2303.8894367000003,2303.6211603,,,,,,,BCI02,001,2025-12-12_10h20.03.735,CoSpeechGestures,,2025.1.1,59.95139141183242,2025-12-12 10h20.18.187367 -0600,
34,34,0,speech_gesture,images/speak_gesture.png,go,"goodbye",audios/goodbye.wav,videos/goodbye_clip.mp4,wrist,space,394.50854379999964,None,,,,,1,0,1,0,0,34,34,34,,,,,,,,,2303.8894367000003,,,,,,,,,,,,,,,,,,,,,,,,,,,,,,,,,,,,,,,,,,,,,,,,,,2.663076923076923,2303.8844308999996,2303.8894367000003,2305.6371464000003,2305.6371464000003,2306.6374084999998,2306.6374084999998,2307.1371920666666,2309.1377516000002,2309.7430735999997,2309.7430735999997,2312.1376628999997,2312.1376628999997,2312.1376852666667,2313.1376659,2314.8660212000004,2314.6211418000003,,,,,,,BCI02,001,2025-12-12_10h20.03.735,CoSpeechGestures,,2025.1.1,59.95139141183242,2025-12-12 10h20.18.187367 -0600,
35,35,0,speech_gesture,images/speak_gesture.png,go,"OK",audios/OK.wav,videos/ok_clip.mp4,digits,space,394.50854379999964,None,,,,,1,0,1,0,0,35,35,35,,,,,,,,,2314.8660212000004,,,,,,,,,,,,,,,,,,,,,,,,,,,,,,,,,,,,,,,,,,,,,,,,,,2.663076923076923,2314.8646200000003,2314.8660212000004,2316.6377216,2316.6377216,2317.6380344,2317.6380344,2318.1372252666665,2319.3538906000003,2320.7326556999997,2320.7326556999997,2323.1377595000004,2323.1377595000004,2323.137726766667,2324.1376522,2325.8637866999998,2325.6211978,,,,,,,BCI02,001,2025-12-12_10h20.03.735,CoSpeechGestures,,2025.1.1,59.95139141183242,2025-12-12 10h20.18.187367 -0600,
36,36,0,gesture,images/hand.png,go,"what",audios/what.wav,videos/what_clip.mp4,wrist,space,394.50854379999964,None,,,,,1,0,1,0,0,36,36,36,,,,,,,,,2325.8637866999998,,,,,,,,,,,,,,,,,,,,,,,,,,,,,,,,,,,,,,,,,,,,,,,,,,1.0,2325.8625911999998,2325.8637866999998,2327.6377499,2327.6377499,2328.6380209,2328.6380209,2329.1372953666673,2330.4879492,2331.7340143,2331.7340143,2334.1378301000004,2334.1378301000004,2334.137945566667,2335.1378006000004,2336.871838,2336.6212471,,,,,,,BCI02,001,2025-12-12_10h20.03.735,CoSpeechGestures,,2025.1.1,59.95139141183242,2025-12-12 10h20.18.187367 -0600,
37,37,0,speech_gesture,images/speak_gesture.png,go,"peace",audios/peace.wav,videos/peace_clip.mp4,digits,space,394.50854379999964,None,,,,,1,0,1,0,0,37,37,37,,,,,,,,,2336.871838,,,,,,,,,,,,,,,,,,,,,,,,,,,,,,,,,,,,,,,,,,,,,,,,,,2.663076923076923,2336.8684448000004,2336.871838,2338.6378262,2338.6378262,2339.6375384000003,2339.6375384000003,2340.1375152666665,2341.5041186999997,2342.7522086,2342.7522086,2345.1379398,2345.1379398,2345.1374218666665,2346.1376652,2347.8935979999997,2347.6213346000004,,,,,,,BCI02,001,2025-12-12_10h20.03.735,CoSpeechGestures,,2025.1.1,59.95139141183242,2025-12-12 10h20.18.187367 -0600,
38,38,0,speech,images/speak.png,go,"hang loose",audios/hangloose.wav,videos/hangloose_clip.mp4,digits,space,394.50854379999964,None,,,,,1,0,1,0,0,38,38,38,,,,,,,,,2347.8935979999997,,,,,,,,,,,,,,,,,,,,,,,,,,,,,,,,,,,,,,,,,,,,,,,,,,1.0,2347.8922697,2347.8935979999997,2349.6378916000003,2349.6378916000003,2350.6376351,2350.6376351,2351.1374458666673,2352.7711958,2353.7323723,2353.7323723,2356.1379171999997,2356.1379171999997,2356.137836166667,2357.1385577,2358.8435547999998,2358.6210164000004,,,,,,,BCI02,001,2025-12-12_10h20.03.735,CoSpeechGestures,,2025.1.1,59.95139141183242,2025-12-12 10h20.18.187367 -0600,
39,39,0,speech,images/speak.png,go,"outside",audios/outside.wav,videos/outside_clip.mp4,arm,space,394.50854379999964,None,,,,,1,0,1,0,0,39,39,39,,,,,,,,,2358.8435547999998,,,,,,,,,,,,,,,,,,,,,,,,,,,,,,,,,,,,,,,,,,,,,,,,,,1.0,2358.8424693999996,2358.8435547999998,2360.6374641,2360.6374641,2361.6376959,2361.6376959,2362.1381554666673,2363.9379711,2364.7432938,2364.7432938,2367.137947,2367.137947,2367.1380258666672,2368.1380449,2369.8525799999998,2369.6215727,,,,,,,BCI02,001,2025-12-12_10h20.03.735,CoSpeechGestures,,2025.1.1,59.95139141183242,2025-12-12 10h20.18.187367 -0600,
40,40,0,speech,images/speak.png,go,"OK,audios/OK.wav,videos/ok_clip.mp4,digits,space,394.50854379999964,None,,,,,1,0,1,0,0,40,40,40,,,,,,,,,2369.8525799999998,,,,,,,,,,,,,,,,,,,,,,,,,,,,,,,,,,,,,,,,,,,,,,,,,,1.0,2369.8502236000004,2369.8525799999998,2371.6379347,2371.6379347,2372.637721,2372.637721,2373.1375918666668,2374.3541599,2375.7325824,2375.7325824,2378.1380273000004,2378.1380273000004,2378.1380053666667,2379.1379941000005,2380.9133184,2380.6215529,,,,,,,BCI02,001,2025-12-12_10h20.03.735,CoSpeechGestures,,2025.1.1,59.95139141183242,2025-12-12 10h20.18.187367 -0600,
41,41,0,speech,images/speak.png,go,"good luck",audios/goodluck2.wav,videos/goodluck_clip.mp4,digits,space,394.50854379999964,None,,,,,1,0,1,0,0,41,41,41,,,,,,,,,2380.9133184,,,,,,,,,,,,,,,,,,,,,,,,,,,,,,,,,,,,,,,,,,,,,,,,,,1.0,2380.9121883999996,2380.9133184,2382.6375770000004,2382.6375770000004,2383.6383666,2383.6383666,2384.137549966667,2385.6209172999997,2386.7293097,2386.7293097,2389.1380588,2389.1380588,2389.1380840666666,2390.1380633999997,2391.8661798000003,2391.6216104000005,,,,,,,BCI02,001,2025-12-12_10h20.03.735,CoSpeechGestures,,2025.1.1,59.95139141183242,2025-12-12 10h20.18.187367 -0600,
42,42,0,gesture,images/hand.png,go,"hang loose",audios/hangloose.wav,videos/hangloose_clip.mp4,digits,space,394.50854379999964,None,,,,,1,0,1,0,0,42,42,42,,,,,,,,,2391.8661798000003,,,,,,,,,,,,,,,,,,,,,,,,,,,,,,,,,,,,,,,,,,,,,,,,,,1.0,2391.8649907999998,2391.8661798000003,2393.6381196,2393.6381196,2394.6381632000002,2394.6381632000002,2395.137618766667,2396.7709812000003,2397.7332902999997,2397.7332902999997,2400.1381523,2400.1381523,2400.137669666667,2401.1376467,2402.8692374,2402.6216443000003,,,,,,,BCI02,001,2025-12-12_10h20.03.735,CoSpeechGestures,,2025.1.1,59.95139141183242,2025-12-12 10h20.18.187367 -0600,
43,43,0,gesture,images/hand.png,go,"OK",audios/OK.wav,videos/ok_clip.mp4,digits,space,394.50854379999964,None,,,,,1,0,1,0,0,43,43,43,,,,,,,,,2402.8692374,,,,,,,,,,,,,,,,,,,,,,,,,,,,,,,,,,,,,,,,,,,,,,,,,,1.0,2402.8668684000004,2402.8692374,2404.6376959,2404.6376959,2405.6378805000004,2405.6378805000004,2406.137759366667,2407.3543128,2408.7387870000002,2408.7387870000002,2411.138307,2411.138307,2411.1377399666667,2412.1376382999997,2413.8681368999996,2413.6216637999996,,,,,,,BCI02,001,2025-12-12_10h20.03.735,CoSpeechGestures,,2025.1.1,59.95139141183242,2025-12-12 10h20.18.187367 -0600,
44,44,0,gesture_no,images/hand.png,nogo,"yes",audios/yes.wav,videos/yes_clip.mp4,digits,space,394.50854379999964,None,,,,,1,0,1,0,0,44,44,44,,,,,,,,,2413.8681368999996,,,,,,,,,,,,,,,,,,,,,,,,,,,,,,,,,,,,,,,,,,,,,,,,,,1.0,2413.8670236,2413.8681368999996,2415.6377437,2415.6377437,2416.6380236000005,2416.6380236000005,2417.137707066667,2418.8215847,2419.7197130000004,2419.7197130000004,2422.1382383,2422.1382383,2422.1377272666673,2423.1382857999997,2424.8648175,2424.6216750000003,,,,,,,BCI02,001,2025-12-12_10h20.03.735,CoSpeechGestures,,2025.1.1,59.95139141183242,2025-12-12 10h20.18.187367 -0600,
45,45,0,speech,images/speak.png,go,"hang loose",audios/hangloose.wav,videos/hangloose_clip.mp4,digits,space,394.50854379999964,None,,,,,1,0,1,0,0,45,45,45,,,,,,,,,2424.8648175,,,,,,,,,,,,,,,,,,,,,,,,,,,,,,,,,,,,,,,,,,,,,,,,,,1.0,2424.86374,2424.8648175,2426.6377893999997,2426.6377893999997,2427.638049,2427.638049,2428.137796866667,2429.7711073,2430.7458686,2430.7458686,2433.1382841000004,2433.1382841000004,2433.1382985666673,2434.1390004000004,2435.8620804,2435.6217151,,,,,,,BCI02,001,2025-12-12_10h20.03.735,CoSpeechGestures,,2025.1.1,59.95139141183242,2025-12-12 10h20.18.187367 -0600,
46,46,0,speech,images/speak.png,go,"yes",audios/yes.wav,videos/yes_clip.mp4,digits,space,394.50854379999964,None,,,,,1,0,1,0,0,46,46,46,,,,,,,,,2435.8620804,,,,,,,,,,,,,,,,,,,,,,,,,,,,,,,,,,,,,,,,,,,,,,,,,,1.0,2435.8597486,2435.8620804,2437.6383871999997,2437.6383871999997,2438.6380519000004,2438.6380519000004,2439.1378347666673,2440.8383552000005,2441.7434037000003,2441.7434037000003,2444.13846,2444.13846,2444.138387866667,2445.1393116,2446.8673076000005,2446.6217605,,,,,,,BCI02,001,2025-12-12_10h20.03.735,CoSpeechGestures,,2025.1.1,59.95139141183242,2025-12-12 10h20.18.187367 -0600,
47,47,0,speech,images/speak.png,go,"yes",audios/yes.wav,videos/yes_clip.mp4,digits,space,394.50854379999964,None,,,,,1,0,1,0,0,47,47,47,,,,,,,,,2446.8673076000005,,,,,,,,,,,,,,,,,,,,,,,,,,,,,,,,,,,,,,,,,,,,,,,,,,1.0,2446.8661952,2446.8673076000005,2448.6378643999997,2448.6378643999997,2449.6386769,2449.6386769,2450.137927166667,2451.8217629,2452.7267484000004,2452.7267484000004,2455.1385324000003,2455.1385324000003,2455.138390266667,2456.1385129,2457.8605122,2457.6218712,,,,,,,BCI02,001,2025-12-12_10h20.03.735,CoSpeechGestures,,2025.1.1,59.95139141183242,2025-12-12 10h20.18.187367 -0600,
48,48,0,speech_gesture,images/speak_gesture.png,go,"stop",audios/stop2.wav,videos/stop_clip.mp4,wrist,space,394.50854379999964,None,,,,,1,0,1,0,0,48,48,48,,,,,,,,,2457.8605122,,,,,,,,,,,,,,,,,,,,,,,,,,,,,,,,,,,,,,,,,,,,,,,,,,2.663076923076923,2457.8587795000003,2457.8605122,2459.6384194,2459.6384194,2460.6381859000003,2460.6381859000003,2461.137917266667,2462.7213007,2463.7607434,2463.7607434,2466.1384586000004,2466.1384586000004,2466.1380373666666,2467.1383627000005,2468.8749245999998,2468.6214096000003,,,,,,,BCI02,001,2025-12-12_10h20.03.735,CoSpeechGestures,,2025.1.1,59.95139141183242,2025-12-12 10h20.18.187367 -0600,
49,49,0,gesture,images/hand.png,go,"goodbye",audios/goodbye.wav,videos/goodbye_clip.mp4,wrist,space,394.50854379999964,None,,,,,1,0,1,0,0,49,49,49,,,,,,,,,2468.8749245999998,,,,,,,,,,,,,,,,,,,,,,,,,,,,,,,,,,,,,,,,,,,,,,,,,,1.0,2468.8720182999996,2468.8749245999998,2470.6386099,2470.6386099,2471.6381756,2471.6381756,2472.1380295666672,2474.1403229,2474.7168646,2474.7168646,2477.1387611,2477.1387611,2477.138048766667,2478.1385889000003,2479.8570695,2479.6221066,,,,,,,BCI02,001,2025-12-12_10h20.03.735,CoSpeechGestures,,2025.1.1,59.95139141183242,2025-12-12 10h20.18.187367 -0600,
50,50,0,gesture,images/hand.png,go,"hang loose",audios/hangloose.wav,videos/hangloose_clip.mp4,digits,space,394.50854379999964,None,,,,,1,0,1,0,0,50,50,50,,,,,,,,,2479.8570695,,,,,,,,,,,,,,,,,,,,,,,,,,,,,,,,,,,,,,,,,,,,,,,,,,1.0,2479.855899,2479.8570695,2481.6385265,2481.6385265,2482.6383014000003,2482.6383014000003,2483.1380366666667,2484.7713854000003,2485.7287132,2485.7287132,2488.1385948999996,2488.1385948999996,2488.138095366667,2489.1383064,2490.8684648999997,2490.6215202000003,,,,,,,BCI02,001,2025-12-12_10h20.03.735,CoSpeechGestures,,2025.1.1,59.95139141183242,2025-12-12 10h20.18.187367 -0600,
51,51,0,speech,images/speak.png,go,"OK,audios/OK.wav,videos/ok_clip.mp4,digits,space,394.50854379999964,None,,,,,1,0,1,0,0,51,51,51,,,,,,,,,2490.8684648999997,,,,,,,,,,,,,,,,,,,,,,,,,,,,,,,,,,,,,,,,,,,,,,,,,,1.0,2490.8673369999997,2490.8684648999997,2492.6386248999997,2492.6386248999997,2493.6390308,2493.6390308,2494.138117066667,2495.3547480999996,2496.7398709,2496.7398709,2499.1387365,2499.1387365,2499.138628066667,2500.1385599000005,2501.8869502,2501.6215869999996,,,,,,,BCI02,001,2025-12-12_10h20.03.735,CoSpeechGestures,,2025.1.1,59.95139141183242,2025-12-12 10h20.18.187367 -0600,
52,52,0,speech_gesture,images/speak_gesture.png,go,"goodbye",audios/goodbye.wav,videos/goodbye_clip.mp4,wrist,space,394.50854379999964,None,,,,,1,0,1,0,0,52,52,52,,,,,,,,,2501.8869502,,,,,,,,,,,,,,,,,,,,,,,,,,,,,,,,,,,,,,,,,,,,,,,,,,2.663076923076923,2501.8839758000004,2501.8869502,2503.6386257000004,2503.6386257000004,2504.6383879000005,2504.6383879000005,2505.1381276666666,2507.1392661,2507.7478355000003,2507.7478355000003,2510.1387017999996,2510.1387017999996,2510.1381994666667,2511.1382022999996,2512.8822624000004,2512.6221631999997,,,,,,,BCI02,001,2025-12-12_10h20.03.735,CoSpeechGestures,,2025.1.1,59.95139141183242,2025-12-12 10h20.18.187367 -0600,
53,53,0,gesture,images/hand.png,go,"OK",audios/OK.wav,videos/ok_clip.mp4,digits,space,394.50854379999964,None,,,,,1,0,1,0,0,53,53,53,,,,,,,,,2512.8822624000004,,,,,,,,,,,,,,,,,,,,,,,,,,,,,,,,,,,,,,,,,,,,,,,,,,1.0,2512.8810573,2512.8822624000004,2514.6386844999997,2514.6386844999997,2515.6384746000003,2515.6384746000003,2516.1382058666672,2517.3549124,2518.7165775000003,2518.7165775000003,2521.1387305,2521.1387305,2521.138758866667,2522.1397042999997,2523.8591925,2523.6217704,,,,,,,BCI02,001,2025-12-12_10h20.03.735,CoSpeechGestures,,2025.1.1,59.95139141183242,2025-12-12 10h20.18.187367 -0600,
54,54,0,speech_gesture,images/speak_gesture.png,go,"yes",audios/yes.wav,videos/yes_clip.mp4,digits,space,394.50854379999964,None,,,,,1,0,1,0,0,54,54,54,,,,,,,,,2523.8591925,,,,,,,,,,,,,,,,,,,,,,,,,,,,,,,,,,,,,,,,,,,,,,,,,,2.663076923076923,2523.857895,2523.8591925,2525.6387158999996,2525.6387158999996,2526.6384974000002,2526.6384974000002,2527.1382770666673,2528.8220819,2529.7215038000004,2529.7215038000004,2532.1387646000003,2532.1387646000003,2532.138732566667,2533.1400987999996,2534.8807603000005,2534.6217531,,,,,,,BCI02,001,2025-12-12_10h20.03.735,CoSpeechGestures,,2025.1.1,59.95139141183242,2025-12-12 10h20.18.187367 -0600,
55,55,0,gesture,images/hand.png,go,"stop",audios/stop2.wav,videos/stop_clip.mp4,wrist,space,394.50854379999964,None,,,,,1,0,1,0,0,55,55,55,,,,,,,,,2534.8807603000005,,,,,,,,,,,,,,,,,,,,,,,,,,,,,,,,,,,,,,,,,,,,,,,,,,1.0,2534.8778355000004,2534.8807603000005,2536.6383218,2536.6383218,2537.6385280000004,2537.6385280000004,2538.138311066667,2539.7216670999996,2540.7227795999997,2540.7227795999997,2543.138983,2543.138983,2543.1389981666666,2544.1389758000005,2545.8885607,2545.6224166,,,,,,,BCI02,001,2025-12-12_10h20.03.735,CoSpeechGestures,,2025.1.1,59.95139141183242,2025-12-12 10h20.18.187367 -0600,
56,56,0,speech,images/speak.png,go,"goodbye",audios/goodbye.wav,videos/goodbye_clip.mp4,wrist,space,394.50854379999964,None,,,,,1,0,1,0,0,56,56,56,,,,,,,,,2545.8885607,,,,,,,,,,,,,,,,,,,,,,,,,,,,,,,,,,,,,,,,,,,,,,,,,,1.0,2545.8873571000004,2545.8885607,2547.6383873000004,2547.6383873000004,2548.6385491,2548.6385491,2549.1384132666667,2551.1403535,2551.7249332,2551.7249332,2554.1389927,2554.1389927,2554.138861666667,2555.1387106,2556.8685756000004,2556.6223748,,,,,,,BCI02,001,2025-12-12_10h20.03.735,CoSpeechGestures,,2025.1.1,59.95139141183242,2025-12-12 10h20.18.187367 -0600,
57,57,0,speech,images/speak.png,go,"goodbye",audios/goodbye.wav,videos/goodbye_clip.mp4,wrist,space,394.50854379999964,None,,,,,1,0,1,0,0,57,57,57,,,,,,,,,2556.8685756000004,,,,,,,,,,,,,,,,,,,,,,,,,,,,,,,,,,,,,,,,,,,,,,,,,,1.0,2556.8674585,2556.8685756000004,2558.6388773999997,2558.6388773999997,2559.6390473,2559.6390473,2560.1384440666666,2562.1383619,2562.7697854,2562.7697854,2565.1389128,2565.1389128,2565.138903166667,2566.1397125000003,2567.8686128,2567.6226146999998,,,,,,,BCI02,001,2025-12-12_10h20.03.735,CoSpeechGestures,,2025.1.1,59.95139141183242,2025-12-12 10h20.18.187367 -0600,
0,0,0,speech_gesture,images/speak_gesture.png,go,"yes",audios/yes.wav,videos/yes_clip.mp4,digits,space,394.50854379999964,None,,,,,1,0,1,0,0,58,58,58,,,,,0,0,0,0,2578.7425870999996,,,,,,,,,,,,,,,,,,,,,,,,,,,,,,,,,,,,,,,,,,,,,,,,,,2.663076923076923,2567.8640692,2567.8686128,2569.6389993000003,2569.6389993000003,2570.6387221000005,2570.6387221000005,2571.1384821666666,2572.8218018999996,2573.7341567000003,2573.7341567000003,2576.1389857000004,2576.1389857000004,2576.1389723666666,2577.1389822,2578.7425870999996,2578.6224295,2578.7415213000004,2578.7425870999996,2608.639172,,,,BCI02,001,2025-12-12_10h20.03.735,CoSpeechGestures,,2025.1.1,59.95139141183242,2025-12-12 10h20.18.187367 -0600,
58,58,0,speech_gesture,images/speak_gesture.png,go,"yes",audios/yes.wav,videos/yes_clip.mp4,digits,space,394.50854379999964,None,,,,,1,0,1,0,0,58,58,58,,,,,,,,,,,,,,,,,,,,,,,,,,,,,,,,,,,,,,,,,,,,,,,,,,,,,,,,,,,,,,,,,,,,,,,,,,,,,,,,,,BCI02,001,2025-12-12_10h20.03.735,CoSpeechGestures,,2025.1.1,59.95139141183242,2025-12-12 10h20.18.187367 -0600,
59,59,0,speech,images/speak.png,go,"good luck",audios/goodluck2.wav,videos/goodluck_clip.mp4,digits,space,394.50854379999964,None,,,,,1,0,1,0,0,59,59,59,,,,,,,,,2608.7708687000004,,,,,,,,,,,,,,,,,,,,,,,,,,,,,,,,,,,,,,,,,,,,,,,,,,1.0,2608.7696816,2608.7708687000004,2610.6391611999998,2610.6391611999998,2611.6388749999996,2611.6388749999996,2612.1386786666667,2613.6224433999996,2614.7377778,2614.7377778,2617.1387157999998,2617.1387157999998,2617.139192566667,2618.1391799000003,2619.8685656999996,2619.6226379,,,,,,,BCI02,001,2025-12-12_10h20.03.735,CoSpeechGestures,,2025.1.1,59.95139141183242,2025-12-12 10h20.18.187367 -0600,
60,60,0,speech_gesture,images/speak_gesture.png,go,"what",audios/what.wav,videos/what_clip.mp4,wrist,space,394.50854379999964,None,,,,,1,0,1,0,0,60,60,60,,,,,,,,,2619.8685656999996,,,,,,,,,,,,,,,,,,,,,,,,,,,,,,,,,,,,,,,,,,,,,,,,,,2.663076923076923,2619.8673382999996,2619.8685656999996,2621.638938,2621.638938,2622.6390002,2622.6390002,2623.139322866667,2624.489229,2625.7280756,2625.7280756,2628.1393024,2628.1393024,2628.138953066667,2629.1404117,2630.8755032,2630.6222061999997,,,,,,,BCI02,001,2025-12-12_10h20.03.735,CoSpeechGestures,,2025.1.1,59.95139141183242,2025-12-12 10h20.18.187367 -0600,
61,61,0,speech,images/speak.png,go,"sweeping",audios/sweeping.wav,videos/sweeping_clip.mp4,arm,space,394.50854379999964,None,,,,,1,0,1,0,0,61,61,61,,,,,,,,,2630.8755032,,,,,,,,,,,,,,,,,,,,,,,,,,,,,,,,,,,,,,,,,,,,,,,,,,1.0,2630.8726014000003,2630.8755032,2632.6393703000003,2632.6393703000003,2633.6390223999997,2633.6390223999997,2634.1387733666666,2635.9392534999997,2636.7322381000004,2636.7322381000004,2639.1393002000004,2639.1393002000004,2639.139270566667,2640.1394001999997,2641.8768068,2641.622211,,,,,,,BCI02,001,2025-12-12_10h20.03.735,CoSpeechGestures,,2025.1.1,59.95139141183242,2025-12-12 10h20.18.187367 -0600,
62,62,0,gesture,images/hand.png,go,"bumpy",audios/bumpy.wav,videos/bumpy_clip.mp4,wrist,space,394.50854379999964,None,,,,,1,0,1,0,0,62,62,62,,,,,,,,,2641.8768068,,,,,,,,,,,,,,,,,,,,,,,,,,,,,,,,,,,,,,,,,,,,,,,,,,1.0,2641.8756498000002,2641.8768068,2643.6394505,2643.6394505,2644.6397554000005,2644.6397554000005,2645.1388637666673,2646.9721531000005,2647.744603,2647.744603,2650.1393362999997,2650.1393362999997,2650.138964666667,2651.1392681999996,2652.8745719,2652.6223552,,,,,,,BCI02,001,2025-12-12_10h20.03.735,CoSpeechGestures,,2025.1.1,59.95139141183242,2025-12-12 10h20.18.187367 -0600,
63,63,0,speech_gesture,images/speak_gesture.png,go,"stop",audios/stop2.wav,videos/stop_clip.mp4,wrist,space,394.50854379999964,None,,,,,1,0,1,0,0,63,63,63,,,,,,,,,2652.8745719,,,,,,,,,,,,,,,,,,,,,,,,,,,,,,,,,,,,,,,,,,,,,,,,,,2.663076923076923,2652.8729027,2652.8745719,2654.6389113000005,2654.6389113000005,2655.6391163999997,2655.6391163999997,2656.138869466667,2657.722224,2658.7247759,2658.7247759,2661.1395456,2661.1395456,2661.1394221666665,2662.1399527000003,2663.8655588,2663.6228381,,,,,,,BCI02,001,2025-12-12_10h20.03.735,CoSpeechGestures,,2025.1.1,59.95139141183242,2025-12-12 10h20.18.187367 -0600,
64,64,0,gesture,images/hand.png,go,"peace",audios/peace.wav,videos/peace_clip.mp4,digits,space,394.50854379999964,None,,,,,1,0,1,0,0,64,64,64,,,,,,,,,2663.8655588,,,,,,,,,,,,,,,,,,,,,,,,,,,,,,,,,,,,,,,,,,,,,,,,,,1.0,2663.8625861,2663.8655588,2665.6391214000005,2665.6391214000005,2666.6391818,2666.6391818,2667.1389497666673,2668.5056025000004,2669.7464536999996,2669.7464536999996,2672.1392437000004,2672.1392437000004,2672.1394695666672,2673.1395843,2674.8817823,2674.6228650000003,,,,,,,BCI02,001,2025-12-12_10h20.03.735,CoSpeechGestures,,2025.1.1,59.95139141183242,2025-12-12 10h20.18.187367 -0600,
65,65,0,speech_gesture,images/speak_gesture.png,go,"bumpy",audios/bumpy.wav,videos/bumpy_clip.mp4,wrist,space,394.50854379999964,None,,,,,1,0,1,0,0,65,65,65,,,,,,,,,2674.8817823,,,,,,,,,,,,,,,,,,,,,,,,,,,,,,,,,,,,,,,,,,,,,,,,,,2.663076923076923,2674.8801085000005,2674.8817823,2676.639459,2676.639459,2677.639811,2677.639811,2678.139475166667,2679.9730298000004,2680.7225648000003,2680.7225648000003,2683.1397057000004,2683.1397057000004,2683.1394171666666,2684.1395227000003,2685.8716160000004,2685.6231665000005,,,,,,,BCI02,001,2025-12-12_10h20.03.735,CoSpeechGestures,,2025.1.1,59.95139141183242,2025-12-12 10h20.18.187367 -0600,
66,66,0,gesture,images/hand.png,go,"outside",audios/outside.wav,videos/outside_clip.mp4,arm,space,394.50854379999964,None,,,,,1,0,1,0,0,66,66,66,,,,,,,,,2685.8716160000004,,,,,,,,,,,,,,,,,,,,,,,,,,,,,,,,,,,,,,,,,,,,,,,,,,1.0,2685.8704379,2685.8716160000004,2687.6394968000004,2687.6394968000004,2688.6392748,2688.6392748,2689.139043366667,2690.9391180000002,2691.7449306999997,2691.7449306999997,2694.1395363,2694.1395363,2694.1395657666667,2695.13955,2696.8860592,2696.6229998999997,,,,,,,BCI02,001,2025-12-12_10h20.03.735,CoSpeechGestures,,2025.1.1,59.95139141183242,2025-12-12 10h20.18.187367 -0600,
67,67,0,speech_gesture,images/speak_gesture.png,go,"OK",audios/OK.wav,videos/ok_clip.mp4,digits,space,394.50854379999964,None,,,,,1,0,1,0,0,67,67,67,,,,,,,,,2696.8860592,,,,,,,,,,,,,,,,,,,,,,,,,,,,,,,,,,,,,,,,,,,,,,,,,,2.663076923076923,2696.8804221,2696.8860592,2698.6397002000003,2698.6397002000003,2699.6393491999997,2699.6393491999997,2700.139108966667,2701.3558026,2702.7351215,2702.7351215,2705.1391019000002,2705.1391019000002,2705.1391504666667,2706.1397262,2707.8828046,2707.6230570999996,,,,,,,BCI02,001,2025-12-12_10h20.03.735,CoSpeechGestures,,2025.1.1,59.95139141183242,2025-12-12 10h20.18.187367 -0600,
68,68,0,speech_gesture,images/speak_gesture.png,go,"goodbye",audios/goodbye.wav,videos/goodbye_clip.mp4,wrist,space,394.50854379999964,None,,,,,1,0,1,0,0,68,68,68,,,,,,,,,2707.8828046,,,,,,,,,,,,,,,,,,,,,,,,,,,,,,,,,,,,,,,,,,,,,,,,,,2.663076923076923,2707.8814119,2707.8828046,2709.6396416,2709.6396416,2710.6394522,2710.6394522,2711.1391559666667,2713.1400798000004,2713.7198819000005,2713.7198819000005,2716.1396757,2716.1396757,2716.1392064666666,2717.1403914,2718.8887271000003,2718.6226061999996,,,,,,,BCI02,001,2025-12-12_10h20.03.735,CoSpeechGestures,,2025.1.1,59.95139141183242,2025-12-12 10h20.18.187367 -0600,
69,69,0,speech,images/speak.png,go,"outside",audios/outside.wav,videos/outside_clip.mp4,arm,space,394.50854379999964,None,,,,,1,0,1,0,0,69,69,69,,,,,,,,,2718.8887271000003,,,,,,,,,,,,,,,,,,,,,,,,,,,,,,,,,,,,,,,,,,,,,,,,,,1.0,2718.8875174000004,2718.8887271000003,2720.6397015000002,2720.6397015000002,2721.6394483000004,2721.6394483000004,2722.139228366667,2723.9397135,2724.7164493,2724.7164493,2727.1397619,2727.1397619,2727.139735866667,2728.1424349,2729.8876895000003,2729.6232695,,,,,,,BCI02,001,2025-12-12_10h20.03.735,CoSpeechGestures,,2025.1.1,59.95139141183242,2025-12-12 10h20.18.187367 -0600,
70,70,0,speech_gesture,images/speak_gesture.png,go,"hang loose",audios/hangloose.wav,videos/hangloose_clip.mp4,digits,space,394.50854379999964,None,,,,,1,0,1,0,0,70,70,70,,,,,,,,,2729.8876895000003,,,,,,,,,,,,,,,,,,,,,,,,,,,,,,,,,,,,,,,,,,,,,,,,,,2.663076923076923,2729.8847871999997,2729.8876895000003,2731.6392397,2731.6392397,2732.6394545000003,2732.6394545000003,2733.139266466667,2734.7559349000003,2735.7217078000003,2735.7217078000003,2738.1397884999997,2738.1397884999997,2738.1397709666667,2739.1404112,2740.8774808999997,2740.6234088,,,,,,,BCI02,001,2025-12-12_10h20.03.735,CoSpeechGestures,,2025.1.1,59.95139141183242,2025-12-12 10h20.18.187367 -0600,
71,71,0,speech,images/speak.png,go,"OK,audios/OK.wav,videos/ok_clip.mp4,digits,space,394.50854379999964,None,,,,,1,0,1,0,0,71,71,71,,,,,,,,,2740.8774808999997,,,,,,,,,,,,,,,,,,,,,,,,,,,,,,,,,,,,,,,,,,,,,,,,,,1.0,2740.8763007999996,2740.8774808999997,2742.6400160000003,2742.6400160000003,2743.6395141000003,2743.6395141000003,2744.139895466667,2745.3559661,2746.7387850000005,2746.7387850000005,2749.139849,2749.139849,2749.1398344666673,2750.1392895,2751.8757576,2751.6233494999997,,,,,,,BCI02,001,2025-12-12_10h20.03.735,CoSpeechGestures,,2025.1.1,59.95139141183242,2025-12-12 10h20.18.187367 -0600,
72,72,0,speech_gesture,images/speak_gesture.png,go,"stop",audios/stop2.wav,videos/stop_clip.mp4,wrist,space,394.50854379999964,None,,,,,1,0,1,0,0,72,72,72,,,,,,,,,2751.8757576,,,,,,,,,,,,,,,,,,,,,,,,,,,,,,,,,,,,,,,,,,,,,,,,,,2.663076923076923,2751.8744635000003,2751.8757576,2753.6399825999997,2753.6399825999997,2754.6402506000004,2754.6402506000004,2755.1393760666665,2756.7227322,2757.7516185000004,2757.7516185000004,2760.1394315,2760.1394315,2760.1393765666667,2761.1414137,2762.8803743,2762.6228566,,,,,,,BCI02,001,2025-12-12_10h20.03.735,CoSpeechGestures,,2025.1.1,59.95139141183242,2025-12-12 10h20.18.187367 -0600,
73,73,0,speech_gesture,images/speak_gesture.png,go,"yes",audios/yes.wav,videos/yes_clip.mp4,digits,space,394.50854379999964,None,,,,,1,0,1,0,0,73,73,73,,,,,,,,,2762.8803743,,,,,,,,,,,,,,,,,,,,,,,,,,,,,,,,,,,,,,,,,,,,,,,,,,2.663076923076923,2762.8765187,2762.8803743,2764.6398945,2764.6398945,2765.6396209000004,2765.6396209000004,2766.1393998666667,2767.8227495,2768.7480088,2768.7480088,2771.1401248,2771.1401248,2771.1399338666665,2772.1395209,2773.8861601999997,2773.6229143,,,,,,,BCI02,001,2025-12-12_10h20.03.735,CoSpeechGestures,,2025.1.1,59.95139141183242,2025-12-12 10h20.18.187367 -0600,
74,74,0,gesture,images/hand.png,go,"goodbye",audios/goodbye.wav,videos/goodbye_clip.mp4,wrist,space,394.50854379999964,None,,,,,1,0,1,0,0,74,74,74,,,,,,,,,2773.8861601999997,,,,,,,,,,,,,,,,,,,,,,,,,,,,,,,,,,,,,,,,,,,,,,,,,,1.0,2773.8849287000003,2773.8861601999997,2775.6399614,2775.6399614,2776.6396481,2776.6396481,2777.139469166667,2779.1410182,2779.7508353000003,2779.7508353000003,2782.1400176999996,2782.1400176999996,2782.140047066667,2783.1413715,2784.9002024,2784.6229242,,,,,,,BCI02,001,2025-12-12_10h20.03.735,CoSpeechGestures,,2025.1.1,59.95139141183242,2025-12-12 10h20.18.187367 -0600,
75,75,0,gesture,images/hand.png,go,"peace",audios/peace.wav,videos/peace_clip.mp4,digits,space,394.50854379999964,None,,,,,1,0,1,0,0,75,75,75,,,,,,,,,2784.9002024,,,,,,,,,,,,,,,,,,,,,,,,,,,,,,,,,,,,,,,,,,,,,,,,,,1.0,2784.899087,2784.9002024,2786.6401518000002,2786.6401518000002,2787.6400341999997,2787.6400341999997,2788.139534166667,2789.5068303,2790.7321774,2790.7321774,2793.1400214000005,2793.1400214000005,2793.1400160666667,2794.1408428000004,2795.8688721,2795.6234738000003,,,,,,,BCI02,001,2025-12-12_10h20.03.735,CoSpeechGestures,,2025.1.1,59.95139141183242,2025-12-12 10h20.18.187367 -0600,
76,76,0,speech,images/speak.png,go,"good luck",audios/goodluck2.wav,videos/goodluck_clip.mp4,digits,space,394.50854379999964,None,,,,,1,0,1,0,0,76,76,76,,,,,,,,,2795.8688721,,,,,,,,,,,,,,,,,,,,,,,,,,,,,,,,,,,,,,,,,,,,,,,,,,1.0,2795.8650743999997,2795.8688721,2797.6401511000004,2797.6401511000004,2798.6398664,2798.6398664,2799.139558666667,2800.6235843000004,2801.7233263,2801.7233263,2804.1400813,2804.1400813,2804.140084066667,2805.1403416000003,2806.8872772000004,2806.6235060999998,,,,,,,BCI02,001,2025-12-12_10h20.03.735,CoSpeechGestures,,2025.1.1,59.95139141183242,2025-12-12 10h20.18.187367 -0600,
77,77,0,gesture,images/hand.png,go,"bumpy",audios/bumpy.wav,videos/bumpy_clip.mp4,wrist,space,394.50854379999964,None,,,,,1,0,1,0,0,77,77,77,,,,,,,,,2806.8872772000004,,,,,,,,,,,,,,,,,,,,,,,,,,,,,,,,,,,,,,,,,,,,,,,,,,1.0,2806.8861991000003,2806.8872772000004,2808.6400255,2808.6400255,2809.6404193,2809.6404193,2810.139631966667,2811.9735829,2812.7412600999996,2812.7412600999996,2815.1401208999996,2815.1401208999996,2815.140131866667,2816.1564495000002,2817.8431493,2817.6235636,,,,,,,BCI02,001,2025-12-12_10h20.03.735,CoSpeechGestures,,2025.1.1,59.95139141183242,2025-12-12 10h20.18.187367 -0600,
78,78,0,gesture,images/hand.png,go,"stop",audios/stop2.wav,videos/stop_clip.mp4,wrist,space,394.50854379999964,None,,,,,1,0,1,0,0,78,78,78,,,,,,,,,2817.8431493,,,,,,,,,,,,,,,,,,,,,,,,,,,,,,,,,,,,,,,,,,,,,,,,,,1.0,2817.8420373,2817.8431493,2819.6401752,2819.6401752,2820.6399426,2820.6399426,2821.139721066667,2822.7230036,2823.7329974000004,2823.7329974000004,2826.1399061,2826.1399061,2826.140205566667,2827.1412864000004,2828.8430111,2828.6236442,,,,,,,BCI02,001,2025-12-12_10h20.03.735,CoSpeechGestures,,2025.1.1,59.95139141183242,2025-12-12 10h20.18.187367 -0600,
79,79,0,gesture,images/hand.png,go,"what",audios/what.wav,videos/what_clip.mp4,wrist,space,394.50854379999964,None,,,,,1,0,1,0,0,79,79,79,,,,,,,,,2828.8430111,,,,,,,,,,,,,,,,,,,,,,,,,,,,,,,,,,,,,,,,,,,,,,,,,,1.0,2828.8406373,2828.8430111,2830.6402151,2830.6402151,2831.6405169,2831.6405169,2832.1397937666666,2833.4902432,2834.7408302000003,2834.7408302000003,2837.1398011,2837.1398011,2837.1402574666668,2838.1434275,2839.8403740000003,2839.6236847,,,,,,,BCI02,001,2025-12-12_10h20.03.735,CoSpeechGestures,,2025.1.1,59.95139141183242,2025-12-12 10h20.18.187367 -0600,
80,80,0,speech,images/speak.png,go,"what",audios/what.wav,videos/what_clip.mp4,wrist,space,394.50854379999964,None,,,,,1,0,1,0,0,80,80,80,,,,,,,,,2839.8403740000003,,,,,,,,,,,,,,,,,,,,,,,,,,,,,,,,,,,,,,,,,,,,,,,,,,1.0,2839.8390681,2839.8403740000003,2841.6403902,2841.6403902,2842.6402526,2842.6402526,2843.139788566667,2844.4903090999996,2845.7554505,2845.7554505,2848.1403047000003,2848.1403047000003,2848.140299566667,2849.1424782000004,2850.8475497,2850.6237451999996,,,,,,,BCI02,001,2025-12-12_10h20.03.735,CoSpeechGestures,,2025.1.1,59.95139141183242,2025-12-12 10h20.18.187367 -0600,
81,81,0,gesture,images/hand.png,go,"sweeping",audios/sweeping.wav,videos/sweeping_clip.mp4,arm,space,394.50854379999964,None,,,,,1,0,1,0,0,81,81,81,,,,,,,,,2850.8475497,,,,,,,,,,,,,,,,,,,,,,,,,,,,,,,,,,,,,,,,,,,,,,,,,,1.0,2850.8464360999997,2850.8475497,2852.6398178,2852.6398178,2853.6400972,2853.6400972,2854.1398429666665,2855.9398675,2856.7300367999997,2856.7300367999997,2859.1399026,2859.1399026,2859.1399191666665,2860.1413684,2861.8642901000003,2861.6233617,,,,,,,BCI02,001,2025-12-12_10h20.03.735,CoSpeechGestures,,2025.1.1,59.95139141183242,2025-12-12 10h20.18.187367 -0600,
82,82,0,gesture,images/hand.png,go,"yes",audios/yes.wav,videos/yes_clip.mp4,digits,space,394.50854379999964,None,,,,,1,0,1,0,0,82,82,82,,,,,,,,,2861.8642901000003,,,,,,,,,,,,,,,,,,,,,,,,,,,,,,,,,,,,,,,,,,,,,,,,,,1.0,2861.8619116,2861.8642901000003,2863.6403862999996,2863.6403862999996,2864.6401306,2864.6401306,2865.1398944666666,2866.8232381999997,2867.734152,2867.734152,2870.1404325000003,2870.1404325000003,2870.1404891666666,2871.1399104,2872.8785214,2872.6239114,,,,,,,BCI02,001,2025-12-12_10h20.03.735,CoSpeechGestures,,2025.1.1,59.95139141183242,2025-12-12 10h20.18.187367 -0600,
83,83,0,gesture,images/hand.png,go,"outside",audios/outside.wav,videos/outside_clip.mp4,arm,space,394.50854379999964,None,,,,,1,0,1,0,0,83,83,83,,,,,,,,,2872.8785214,,,,,,,,,,,,,,,,,,,,,,,,,,,,,,,,,,,,,,,,,,,,,,,,,,1.0,2872.8774345,2872.8785214,2874.6404456,2874.6404456,2875.6402208,2875.6402208,2876.139945266667,2877.9233297,2878.7429064,2878.7429064,2881.1404941,2881.1404941,2881.140504166667,2882.1400304,2883.8825704,2883.6239355999996,,,,,,,BCI02,001,2025-12-12_10h20.03.735,CoSpeechGestures,,2025.1.1,59.95139141183242,2025-12-12 10h20.18.187367 -0600,
84,84,0,speech,images/speak.png,go,"bumpy",audios/bumpy.wav,videos/bumpy_clip.mp4,wrist,space,394.50854379999964,None,,,,,1,0,1,0,0,84,84,84,,,,,,,,,2883.8825704,,,,,,,,,,,,,,,,,,,,,,,,,,,,,,,,,,,,,,,,,,,,,,,,,,1.0,2883.8814141000003,2883.8825704,2885.6404945000004,2885.6404945000004,2886.6402715000004,2886.6402715000004,2887.140028666667,2888.9906521000003,2889.7414173999996,2889.7414173999996,2892.1405563999997,2892.1405563999997,2892.1405310666673,2893.1438238,2894.8923735999997,2894.6241321999996,,,,,,,BCI02,001,2025-12-12_10h20.03.735,CoSpeechGestures,,2025.1.1,59.95139141183242,2025-12-12 10h20.18.187367 -0600,
85,85,0,gesture,images/hand.png,go,"good luck",audios/goodluck2.wav,videos/goodluck_clip.mp4,digits,space,394.50854379999964,None,,,,,1,0,1,0,0,85,85,85,,,,,,,,,2894.8923735999997,,,,,,,,,,,,,,,,,,,,,,,,,,,,,,,,,,,,,,,,,,,,,,,,,,1.0,2894.8896819,2894.8923735999997,2896.6406145,2896.6406145,2897.6402846,2897.6402846,2898.140063166667,2899.6234127999996,2900.7642011999997,2900.7642011999997,2903.1400639000003,2903.1400639000003,2903.140571766667,2904.1411706,2905.8722896,2905.6242149,,,,,,,BCI02,001,2025-12-12_10h20.03.735,CoSpeechGestures,,2025.1.1,59.95139141183242,2025-12-12 10h20.18.187367 -0600,
86,86,0,speech,images/speak.png,go,"outside",audios/outside.wav,videos/outside_clip.mp4,arm,space,394.50854379999964,None,,,,,1,0,1,0,0,86,86,86,,,,,,,,,2905.8722896,,,,,,,,,,,,,,,,,,,,,,,,,,,,,,,,,,,,,,,,,,,,,,,,,,1.0,2905.8711209000003,2905.8722896,2907.6406023,2907.6406023,2908.6408451999996,2908.6408451999996,2909.140628366667,2910.9401033000004,2911.7408508999997,2911.7408508999997,2914.1406054,2914.1406054,2914.1406299666673,2915.1420043999997,2916.8866864,2916.6240874000005,,,,,,,BCI02,001,2025-12-12_10h20.03.735,CoSpeechGestures,,2025.1.1,59.95139141183242,2025-12-12 10h20.18.187367 -0600,
87,87,0,speech,images/speak.png,go,"sweeping",audios/sweeping.wav,videos/sweeping_clip.mp4,arm,space,394.50854379999964,None,,,,,1,0,1,0,0,87,87,87,,,,,,,,,2916.8866864,,,,,,,,,,,,,,,,,,,,,,,,,,,,,,,,,,,,,,,,,,,,,,,,,,1.0,2916.885547,2916.8866864,2918.6407553999998,2918.6407553999998,2919.6409832,2919.6409832,2920.140860566667,2921.9240251,2922.7595145000005,2922.7595145000005,2925.1407034000003,2925.1407034000003,2925.140651166667,2926.1436525999998,2927.8793416,2927.6241363999998,,,,,,,BCI02,001,2025-12-12_10h20.03.735,CoSpeechGestures,,2025.1.1,59.95139141183242,2025-12-12 10h20.18.187367 -0600,
88,88,0,gesture_no,images/hand.png,nogo,"hang loose",audios/hangloose.wav,videos/hangloose_clip.mp4,digits,space,394.50854379999964,None,,,,,1,0,1,0,0,88,88,88,,,,,,,,,2927.8793416,,,,,,,,,,,,,,,,,,,,,,,,,,,,,,,,,,,,,,,,,,,,,,,,,,1.0,2927.8769705000004,2927.8793416,2929.6406982,2929.6406982,2930.6404556999996,2930.6404556999996,2931.1402329666666,2932.7735447000005,2933.7298373000003,2933.7298373000003,2936.1407290999996,2936.1407290999996,2936.1407065666667,2937.1445584000003,2938.8715652,2938.6241839000004,,,,,,,BCI02,001,2025-12-12_10h20.03.735,CoSpeechGestures,,2025.1.1,59.95139141183242,2025-12-12 10h20.18.187367 -0600,
89,89,0,speech,images/speak.png,go,"cutting",audios/cutting.wav,videos/cutting_clip.mp4,arm,space,394.50854379999964,None,,,,,1,0,1,0,0,89,89,89,,,,,,,,,2938.8715652,,,,,,,,,,,,,,,,,,,,,,,,,,,,,,,,,,,,,,,,,,,,,,,,,,1.0,2938.870427,2938.8715652,2940.640765,2940.640765,2941.6410966000003,2941.6410966000003,2942.1407767666665,2943.8736510999997,2944.7339647,2944.7339647,2947.1408373000004,2947.1408373000004,2947.1403300666666,2948.1426058999996,2949.9286891,2949.6245777000004,,,,,,,BCI02,001,2025-12-12_10h20.03.735,CoSpeechGestures,,2025.1.1,59.95139141183242,2025-12-12 10h20.18.187367 -0600,
90,90,0,speech,images/speak.png,go,"what",audios/what.wav,videos/what_clip.mp4,wrist,space,394.50854379999964,None,,,,,1,0,1,0,0,90,90,90,,,,,,,,,2949.9286891,,,,,,,,,,,,,,,,,,,,,,,,,,,,,,,,,,,,,,,,,,,,,,,,,,1.0,2949.9275559,2949.9286891,2951.6403007999997,2951.6403007999997,2952.6405869,2952.6405869,2953.1403608666665,2954.4903471,2955.7519153000003,2955.7519153000003,2958.1408455,2958.1408455,2958.140966266667,2959.1418051,2960.8626980999998,2960.6243474000003,,,,,,,BCI02,001,2025-12-12_10h20.03.735,CoSpeechGestures,,2025.1.1,59.95139141183242,2025-12-12 10h20.18.187367 -0600,
91,91,0,gesture,images/hand.png,go,"hang loose",audios/hangloose.wav,videos/hangloose_clip.mp4,digits,space,394.50854379999964,None,,,,,1,0,1,0,0,91,91,91,,,,,,,,,2960.8626980999998,,,,,,,,,,,,,,,,,,,,,,,,,,,,,,,,,,,,,,,,,,,,,,,,,,1.0,2960.8603392000005,2960.8626980999998,2962.6408757,2962.6408757,2963.640673,2963.640673,2964.1409376666666,2965.757716,2966.7298256000004,2966.7298256000004,2969.1403915,2969.1403915,2969.1404479666667,2970.1431235,2971.8667414,2971.6245006999998,,,,,,,BCI02,001,2025-12-12_10h20.03.735,CoSpeechGestures,,2025.1.1,59.95139141183242,2025-12-12 10h20.18.187367 -0600,
92,92,0,speech,images/speak.png,go,"what",audios/what.wav,videos/what_clip.mp4,wrist,space,394.50854379999964,None,,,,,1,0,1,0,0,92,92,92,,,,,,,,,2971.8667414,,,,,,,,,,,,,,,,,,,,,,,,,,,,,,,,,,,,,,,,,,,,,,,,,,1.0,2971.8656291999996,2971.8667414,2973.6409218,2973.6409218,2974.640665,2974.640665,2975.1410243666674,2976.4909133,2977.7402652,2977.7402652,2980.1409635,2980.1409635,2980.1404835666667,2981.1443818,2982.8868287000005,2982.6244675,,,,,,,BCI02,001,2025-12-12_10h20.03.735,CoSpeechGestures,,2025.1.1,59.95139141183242,2025-12-12 10h20.18.187367 -0600,
93,93,0,speech_gesture,images/speak_gesture.png,go,"what",audios/what.wav,videos/what_clip.mp4,wrist,space,394.50854379999964,None,,,,,1,0,1,0,0,93,93,93,,,,,,,,,2982.8868287000005,,,,,,,,,,,,,,,,,,,,,,,,,,,,,,,,,,,,,,,,,,,,,,,,,,2.663076923076923,2982.8851700000005,2982.8868287000005,2984.6409782,2984.6409782,2985.6407963,2985.6407963,2986.141046866667,2987.4905129,2988.7288028000003,2988.7288028000003,2991.1405378,2991.1405378,2991.1410391666673,2992.1445151999997,2993.9004369000004,2993.6239556,,,,,,,BCI02,001,2025-12-12_10h20.03.735,CoSpeechGestures,,2025.1.1,59.95139141183242,2025-12-12 10h20.18.187367 -0600,
94,94,0,speech_gesture,images/speak_gesture.png,go,"what",audios/what.wav,videos/what_clip.mp4,wrist,space,394.50854379999964,None,,,,,1,0,1,0,0,94,94,94,,,,,,,,,2993.9004369000004,,,,,,,,,,,,,,,,,,,,,,,,,,,,,,,,,,,,,,,,,,,,,,,,,,2.663076923076923,2993.8964985000002,2993.9004369000004,2995.6405944,2995.6405944,2996.6407464000004,2996.6407464000004,2997.1410764666666,2998.4910545000002,2999.7390450000003,2999.7390450000003,3002.1410893,3002.1410893,3002.140561266667,3003.1433662,3004.8827859000003,3004.6246486,,,,,,,BCI02,001,2025-12-12_10h20.03.735,CoSpeechGestures,,2025.1.1,59.95139141183242,2025-12-12 10h20.18.187367 -0600,
95,95,0,speech,images/speak.png,go,"bumpy",audios/bumpy.wav,videos/bumpy_clip.mp4,wrist,space,394.50854379999964,None,,,,,1,0,1,0,0,95,95,95,,,,,,,,,3004.8827859000003,,,,,,,,,,,,,,,,,,,,,,,,,,,,,,,,,,,,,,,,,,,,,,,,,,1.0,3004.8814988000004,3004.8827859000003,3006.6410943,3006.6410943,3007.6414414,3007.6414414,3008.140611866667,3009.9744485,3010.7236105,3010.7236105,3013.1412276,3013.1412276,3013.1411182666666,3014.1412661000004,3015.8785915999997,3015.6242019,,,,,,,BCI02,001,2025-12-12_10h20.03.735,CoSpeechGestures,,2025.1.1,59.95139141183242,2025-12-12 10h20.18.187367 -0600,
96,96,0,speech_gesture,images/speak_gesture.png,go,"cutting",audios/cutting.wav,videos/cutting_clip.mp4,arm,space,394.50854379999964,None,,,,,1,0,1,0,0,96,96,96,,,,,,,,,3015.8785915999997,,,,,,,,,,,,,,,,,,,,,,,,,,,,,,,,,,,,,,,,,,,,,,,,,,2.663076923076923,3015.8773059000005,3015.8785915999997,3017.6412124,3017.6412124,3018.6415748,3018.6415748,3019.141221866667,3020.8740436999997,3021.7274800000005,3021.7274800000005,3024.1413105,3024.1413105,3024.1412590666673,3025.1448683999997,3026.8768868999996,3026.6246129,,,,,,,BCI02,001,2025-12-12_10h20.03.735,CoSpeechGestures,,2025.1.1,59.95139141183242,2025-12-12 10h20.18.187367 -0600,
97,97,0,gesture,images/hand.png,go,"bumpy",audios/bumpy.wav,videos/bumpy_clip.mp4,wrist,space,394.50854379999964,None,,,,,1,0,1,0,0,97,97,97,,,,,,,,,3026.8768868999996,,,,,,,,,,,,,,,,,,,,,,,,,,,,,,,,,,,,,,,,,,,,,,,,,,1.0,3026.8738691999997,3026.8768868999996,3028.6412207000003,3028.6412207000003,3029.6416369,3029.6416369,3030.141342066667,3031.9907190000004,3032.744823,3032.744823,3035.1411761,3035.1411761,3035.141269866667,3036.1442588,3037.8616330000004,3037.6246577,,,,,,,BCI02,001,2025-12-12_10h20.03.735,CoSpeechGestures,,2025.1.1,59.95139141183242,2025-12-12 10h20.18.187367 -0600,
98,98,0,speech,images/speak.png,go,"stop",audios/stop2.wav,videos/stop_clip.mp4,wrist,space,394.50854379999964,None,,,,,1,0,1,0,0,98,98,98,,,,,,,,,3037.8616330000004,,,,,,,,,,,,,,,,,,,,,,,,,,,,,,,,,,,,,,,,,,,,,,,,,,1.0,3037.860492,3037.8616330000004,3039.6413991,3039.6413991,3040.6417786,3040.6417786,3041.1407809666666,3042.7245725000002,3043.7437935999997,3043.7437935999997,3046.1412483000004,3046.1412483000004,3046.141274766667,3047.1414436000005,3048.8964857,3048.6247230999998,,,,,,,BCI02,001,2025-12-12_10h20.03.735,CoSpeechGestures,,2025.1.1,59.95139141183242,2025-12-12 10h20.18.187367 -0600,
99,99,0,gesture,images/hand.png,go,"sweeping",audios/sweeping.wav,videos/sweeping_clip.mp4,arm,space,394.50854379999964,None,,,,,1,0,1,0,0,99,99,99,,,,,,,,,3048.8964857,,,,,,,,,,,,,,,,,,,,,,,,,,,,,,,,,,,,,,,,,,,,,,,,,,1.0,3048.8953978,3048.8964857,3050.6413314,3050.6413314,3051.6416311000003,3051.6416311000003,3052.141350866667,3053.9413193,3054.7639276,3054.7639276,3057.1414774000004,3057.1414774000004,3057.1413677666665,3058.145096,3059.9002164000003,3059.6247862,,,,,,,BCI02,001,2025-12-12_10h20.03.735,CoSpeechGestures,,2025.1.1,59.95139141183242,2025-12-12 10h20.18.187367 -0600,
100,100,0,speech_gesture,images/speak_gesture.png,go,"outside",audios/outside.wav,videos/outside_clip.mp4,arm,space,394.50854379999964,None,,,,,1,0,1,0,0,100,100,100,,,,,,,,,3059.9002164000003,,,,,,,,,,,,,,,,,,,,,,,,,,,,,,,,,,,,,,,,,,,,,,,,,,2.663076923076923,3059.8972595000005,3059.9002164000003,3061.6415753,3061.6415753,3062.6410797999997,3062.6410797999997,3063.1410145666673,3064.9415332999997,3065.7560974999997,3065.7560974999997,3068.1413789999997,3068.1413789999997,3068.140927666667,3069.1414316,3070.8575139000004,3070.6244136000005,,,,,,,BCI02,001,2025-12-12_10h20.03.735,CoSpeechGestures,,2025.1.1,59.95139141183242,2025-12-12 10h20.18.187367 -0600,
101,101,0,gesture,images/hand.png,go,"sweeping",audios/sweeping.wav,videos/sweeping_clip.mp4,arm,space,394.50854379999964,None,,,,,1,0,1,0,0,101,101,101,,,,,,,,,3070.8575139000004,,,,,,,,,,,,,,,,,,,,,,,,,,,,,,,,,,,,,,,,,,,,,,,,,,1.0,3070.8561946,3070.8575139000004,3072.6415176,3072.6415176,3073.6417641,3073.6417641,3074.1409267666672,3075.9415818999996,3076.7319762999996,3076.7319762999996,3079.1415465,3079.1415465,3079.1409738666666,3080.1432733,3081.8773903,3081.6244248000003,,,,,,,BCI02,001,2025-12-12_10h20.03.735,CoSpeechGestures,,2025.1.1,59.95139141183242,2025-12-12 10h20.18.187367 -0600,
102,102,0,speech_gesture,images/speak_gesture.png,go,"bumpy",audios/bumpy.wav,videos/bumpy_clip.mp4,wrist,space,394.50854379999964,None,,,,,1,0,1,0,0,102,102,102,,,,,,,,,3081.8773903,,,,,,,,,,,,,,,,,,,,,,,,,,,,,,,,,,,,,,,,,,,,,,,,,,2.663076923076923,3081.8761237999997,3081.8773903,3083.6416778000003,3083.6416778000003,3084.6418003,3084.6418003,3085.1409879666667,3086.9909889,3087.7304396,3087.7304396,3090.1416156000005,3090.1416156000005,3090.1410278666667,3091.1429928,3092.871378,3092.6249434,,,,,,,BCI02,001,2025-12-12_10h20.03.735,CoSpeechGestures,,2025.1.1,59.95139141183242,2025-12-12 10h20.18.187367 -0600,
103,103,0,gesture,images/hand.png,go,"stop",audios/stop2.wav,videos/stop_clip.mp4,wrist,space,394.50854379999964,None,,,,,1,0,1,0,0,103,103,103,,,,,,,,,3092.871378,,,,,,,,,,,,,,,,,,,,,,,,,,,,,,,,,,,,,,,,,,,,,,,,,,1.0,3092.8684397999996,3092.871378,3094.6417348000004,3094.6417348000004,3095.6412184,3095.6412184,3096.141721866667,3097.7250327,3098.7296718,3098.7296718,3101.1415691,3101.1415691,3101.1417147666666,3102.1423223,3103.9108899000003,3103.6244773,,,,,,,BCI02,001,2025-12-12_10h20.03.735,CoSpeechGestures,,2025.1.1,59.95139141183242,2025-12-12 10h20.18.187367 -0600,
104,104,0,speech_gesture,images/speak_gesture.png,go,"peace",audios/peace.wav,videos/peace_clip.mp4,digits,space,394.50854379999964,None,,,,,1,0,1,0,0,104,104,104,,,,,,,,,3103.9108899000003,,,,,,,,,,,,,,,,,,,,,,,,,,,,,,,,,,,,,,,,,,,,,,,,,,2.663076923076923,3103.9096576,3103.9108899000003,3105.6416101000004,3105.6416101000004,3106.6419051000003,3106.6419051000003,3107.1411710666666,3108.5083304,3109.7356609999997,3109.7356609999997,3112.1416056999997,3112.1416056999997,3112.141242766667,3113.1439886999997,3114.8820502,3114.6245685000004,,,,,,,BCI02,001,2025-12-12_10h20.03.735,CoSpeechGestures,,2025.1.1,59.95139141183242,2025-12-12 10h20.18.187367 -0600,
105,105,0,gesture_no,images/hand.png,nogo,"sweeping",audios/sweeping.wav,videos/sweeping_clip.mp4,arm,space,394.50854379999964,None,,,,,1,0,1,0,0,105,105,105,,,,,,,,,3114.8820502,,,,,,,,,,,,,,,,,,,,,,,,,,,,,,,,,,,,,,,,,,,,,,,,,,1.0,3114.8807279000002,3114.8820502,3116.6411563,3116.6411563,3117.64211,3117.64211,3118.141830066667,3119.9415639,3120.7306821,3120.7306821,3123.1416523999997,3123.1416523999997,3123.1411826666667,3124.1443085,3125.8845650000003,3125.6251410000004,,,,,,,BCI02,001,2025-12-12_10h20.03.735,CoSpeechGestures,,2025.1.1,59.95139141183242,2025-12-12 10h20.18.187367 -0600,
106,106,0,speech_gesture,images/speak_gesture.png,go,"hang loose",audios/hangloose.wav,videos/hangloose_clip.mp4,digits,space,394.50854379999964,None,,,,,1,0,1,0,0,106,106,106,,,,,,,,,3125.8845650000003,,,,,,,,,,,,,,,,,,,,,,,,,,,,,,,,,,,,,,,,,,,,,,,,,,2.663076923076923,3125.8814722999996,3125.8845650000003,3127.6418297,3127.6418297,3128.6420046000003,3128.6420046000003,3129.141762566667,3130.7583919,3131.7271760000003,3131.7271760000003,3134.1418691999997,3134.1418691999997,3134.141702266667,3135.1438157000002,3136.8705550000004,3136.6251641,,,,,,,BCI02,001,2025-12-12_10h20.03.735,CoSpeechGestures,,2025.1.1,59.95139141183242,2025-12-12 10h20.18.187367 -0600,
107,107,0,speech_gesture_no,images/speak_gesture.png,nogo,"what",audios/what.wav,videos/what_clip.mp4,wrist,space,394.50854379999964,None,,,,,1,0,1,0,0,107,107,107,,,,,,,,,3136.8705550000004,,,,,,,,,,,,,,,,,,,,,,,,,,,,,,,,,,,,,,,,,,,,,,,,,,2.663076923076923,3136.8691546,3136.8705550000004,3138.6417964,3138.6417964,3139.6421688,3139.6421688,3140.1412349666666,3141.4912647,3142.7192298,3142.7192298,3145.1418009999998,3145.1418009999998,3145.141300966667,3146.1447037,3147.8725653,3147.6248373,,,,,,,BCI02,001,2025-12-12_10h20.03.735,CoSpeechGestures,,2025.1.1,59.95139141183242,2025-12-12 10h20.18.187367 -0600,
108,108,0,speech_gesture,images/speak_gesture.png,go,"outside",audios/outside.wav,videos/outside_clip.mp4,arm,space,394.50854379999964,None,,,,,1,0,1,0,0,108,108,108,,,,,,,,,3147.8725653,,,,,,,,,,,,,,,,,,,,,,,,,,,,,,,,,,,,,,,,,,,,,,,,,,2.663076923076923,3147.8711753,3147.8725653,3149.6419723,3149.6419723,3150.6420896,3150.6420896,3151.1419304666665,3152.9412996,3153.7525379999997,3153.7525379999997,3156.1419889999997,3156.1419889999997,3156.1417779666667,3157.1450262,3158.8679589000003,3158.6253294999997,,,,,,,BCI02,001,2025-12-12_10h20.03.735,CoSpeechGestures,,2025.1.1,59.95139141183242,2025-12-12 10h20.18.187367 -0600,
109,109,0,speech_gesture_no,images/speak_gesture.png,nogo,"sweeping",audios/sweeping.wav,videos/sweeping_clip.mp4,arm,space,394.50854379999964,None,,,,,1,0,1,0,0,109,109,109,,,,,,,,,3158.8679589000003,,,,,,,,,,,,,,,,,,,,,,,,,,,,,,,,,,,,,,,,,,,,,,,,,,2.663076923076923,3158.8662315,3158.8679589000003,3160.6418912,3160.6418912,3161.6415433,3161.6415433,3162.1418935666666,3163.9418647,3164.745543,3164.745543,3167.1418335,3167.1418335,3167.1418371666673,3168.1443406,3169.8739422999997,3169.6253671000004,,,,,,,BCI02,001,2025-12-12_10h20.03.735,CoSpeechGestures,,2025.1.1,59.95139141183242,2025-12-12 10h20.18.187367 -0600,
110,110,0,speech_no,images/speak.png,nogo,"sweeping",audios/sweeping.wav,videos/sweeping_clip.mp4,arm,space,394.50854379999964,None,,,,,1,0,1,0,0,110,110,110,,,,,,,,,3169.8739422999997,,,,,,,,,,,,,,,,,,,,,,,,,,,,,,,,,,,,,,,,,,,,,,,,,,1.0,3169.8726759,3169.8739422999997,3171.6419828999997,3171.6419828999997,3172.6422027999997,3172.6422027999997,3173.141469466667,3174.9414096,3175.7269378,3175.7269378,3178.1419515999996,3178.1419515999996,3178.141921666667,3179.1419321000003,3180.8814070999997,3180.6255979999996,,,,,,,BCI02,001,2025-12-12_10h20.03.735,CoSpeechGestures,,2025.1.1,59.95139141183242,2025-12-12 10h20.18.187367 -0600,
111,111,0,speech,images/speak.png,go,"stop",audios/stop2.wav,videos/stop_clip.mp4,wrist,space,394.50854379999964,None,,,,,1,0,1,0,0,111,111,111,,,,,,,,,3180.8814070999997,,,,,,,,,,,,,,,,,,,,,,,,,,,,,,,,,,,,,,,,,,,,,,,,,,1.0,3180.8802349999996,3180.8814070999997,3182.6419257,3182.6419257,3183.642315,3183.642315,3184.1415385666674,3185.7254814,3186.7631419,3186.7631419,3189.1421516,3189.1421516,3189.1421590666673,3190.1452792,3191.8882464999997,3191.6249354,,,,,,,BCI02,001,2025-12-12_10h20.03.735,CoSpeechGestures,,2025.1.1,59.95139141183242,2025-12-12 10h20.18.187367 -0600,
112,112,0,speech_gesture,images/speak_gesture.png,go,"cutting",audios/cutting.wav,videos/cutting_clip.mp4,arm,space,394.50854379999964,None,,,,,1,0,1,0,0,112,112,112,,,,,,,,,3191.8882464999997,,,,,,,,,,,,,,,,,,,,,,,,,,,,,,,,,,,,,,,,,,,,,,,,,,2.663076923076923,3191.8836966999997,3191.8882464999997,3193.6421651,3193.6421651,3194.6417137999997,3194.6417137999997,3195.141966966667,3196.8753328000003,3197.7422939,3197.7422939,3200.1415853999997,3200.1415853999997,3200.141508066667,3201.1420424,3202.9022920999996,3202.6255529,,,,,,,BCI02,001,2025-12-12_10h20.03.735,CoSpeechGestures,,2025.1.1,59.95139141183242,2025-12-12 10h20.18.187367 -0600,
113,113,0,speech,images/speak.png,go,"hang loose",audios/hangloose.wav,videos/hangloose_clip.mp4,digits,space,394.50854379999964,None,,,,,1,0,1,0,0,113,113,113,,,,,,,,,3202.9022920999996,,,,,,,,,,,,,,,,,,,,,,,,,,,,,,,,,,,,,,,,,,,,,,,,,,1.0,3202.9009316,3202.9022920999996,3204.6415987,3204.6415987,3205.6423594999997,3205.6423594999997,3206.142114466667,3207.7754844,3208.7602903999996,3208.7602903999996,3211.1421765000005,3211.1421765000005,3211.1421903666665,3212.144037,3213.8707261,3213.6255381,,,,,,,BCI02,001,2025-12-12_10h20.03.735,CoSpeechGestures,,2025.1.1,59.95139141183242,2025-12-12 10h20.18.187367 -0600,
114,114,0,speech,images/speak.png,go,"sweeping",audios/sweeping.wav,videos/sweeping_clip.mp4,arm,space,394.50854379999964,None,,,,,1,0,1,0,0,114,114,114,,,,,,,,,3213.8707261,,,,,,,,,,,,,,,,,,,,,,,,,,,,,,,,,,,,,,,,,,,,,,,,,,1.0,3213.8696066,3213.8707261,3215.6421550000005,3215.6421550000005,3216.6424516999996,3216.6424516999996,3217.142190566667,3218.9422913,3219.7236347999997,3219.7236347999997,3222.1422110000003,3222.1422110000003,3222.142158766667,3223.1459424000004,3224.7536696999996,3224.6256442000004,,,,,,,BCI02,001,2025-12-12_10h20.03.735,CoSpeechGestures,,2025.1.1,59.95139141183242,2025-12-12 10h20.18.187367 -0600,
0,0,0,speech_gesture,images/speak_gesture.png,go,"outside",audios/outside.wav,videos/outside_clip.mp4,arm,space,608.5885526000002,None,,,,,2,0,2,0,0,0,0,0,,,,,,,,,3833.4906216,,,,,,,,,,,,,,,,,,,,,,,,,,,,,,,,,,,,,,,,,,,3224.7523289,3224.7536696999996,3224.7536696999996,3833.3454992999996,space,608.5885526000002,None,2.663076923076923,3833.4886825000003,3833.4906216,3835.3451991,3835.3451991,3836.3448668,3836.3448668,3836.8453698666667,3838.6446981,3839.4466442000003,3839.4466442000003,3841.8452045000004,3841.8452045000004,3841.845216566667,3842.8468117,3844.5674645999998,3844.3287335000005,,,,,,,BCI02,001,2025-12-12_10h20.03.735,CoSpeechGestures,,2025.1.1,59.95139141183242,2025-12-12 10h20.18.187367 -0600,
1,1,0,gesture,images/hand.png,go,"what",audios/what.wav,videos/what_clip.mp4,wrist,space,608.5885526000002,None,,,,,2,0,2,0,0,1,1,1,,,,,,,,,3844.5674645999998,,,,,,,,,,,,,,,,,,,,,,,,,,,,,,,,,,,,,,,,,,,,,,,,,,1.0,3844.5662098000003,3844.5674645999998,3846.3453582,3846.3453582,3847.3454303,3847.3454303,3847.844751766667,3849.1947073,3850.4466186,3850.4466186,3852.8453025999997,3852.8453025999997,3852.8453510666673,3853.8456346000003,3855.5798323999998,3855.3286783000003,,,,,,,BCI02,001,2025-12-12_10h20.03.735,CoSpeechGestures,,2025.1.1,59.95139141183242,2025-12-12 10h20.18.187367 -0600,
2,2,0,speech_gesture,images/speak_gesture.png,go,"OK",audios/OK.wav,videos/ok_clip.mp4,digits,space,608.5885526000002,None,,,,,2,0,2,0,0,2,2,2,,,,,,,,,3855.5798323999998,,,,,,,,,,,,,,,,,,,,,,,,,,,,,,,,,,,,,,,,,,,,,,,,,,2.663076923076923,3855.5782431999996,3855.5798323999998,3857.3452424999996,3857.3452424999996,3858.3450193,3858.3450193,3858.845249266667,3860.0614536000003,3861.4280576,3861.4280576,3863.8453056,3863.8453056,3863.8454812666673,3864.8453203,3866.5646814,3866.3287956000004,,,,,,,BCI02,001,2025-12-12_10h20.03.735,CoSpeechGestures,,2025.1.1,59.95139141183242,2025-12-12 10h20.18.187367 -0600,
3,3,0,speech,images/speak.png,go,"OK,audios/OK.wav,videos/ok_clip.mp4,digits,space,608.5885526000002,None,,,,,2,0,2,0,0,3,3,3,,,,,,,,,3866.5646814,,,,,,,,,,,,,,,,,,,,,,,,,,,,,,,,,,,,,,,,,,,,,,,,,,1.0,3866.5635313000002,3866.5646814,3868.3454353999996,3868.3454353999996,3869.3456987,3869.3456987,3869.8448447666665,3871.0616051999996,3872.4193000000005,3872.4193000000005,3874.8453915,3874.8453915,3874.845360366667,3875.8454453000004,3877.5880029,3877.3289081000003,,,,,,,BCI02,001,2025-12-12_10h20.03.735,CoSpeechGestures,,2025.1.1,59.95139141183242,2025-12-12 10h20.18.187367 -0600,
4,4,0,speech_gesture_no,images/speak_gesture.png,nogo,"yes",audios/yes.wav,videos/yes_clip.mp4,digits,space,608.5885526000002,None,,,,,2,0,2,0,0,4,4,4,,,,,,,,,3877.5880029,,,,,,,,,,,,,,,,,,,,,,,,,,,,,,,,,,,,,,,,,,,,,,,,,,2.663076923076923,3877.5864616,3877.5880029,3879.3454091000003,3879.3454091000003,3880.3450923,3880.3450923,3880.844957966667,3882.5282309000004,3883.4304732,3883.4304732,3885.8455491000004,3885.8455491000004,3885.8454258666666,3886.8481546000003,3888.5953175000004,3888.328866,,,,,,,BCI02,001,2025-12-12_10h20.03.735,CoSpeechGestures,,2025.1.1,59.95139141183242,2025-12-12 10h20.18.187367 -0600,
5,5,0,gesture,images/hand.png,go,"hang loose",audios/hangloose.wav,videos/hangloose_clip.mp4,digits,space,608.5885526000002,None,,,,,2,0,2,0,0,5,5,5,,,,,,,,,3888.5953175000004,,,,,,,,,,,,,,,,,,,,,,,,,,,,,,,,,,,,,,,,,,,,,,,,,,1.0,3888.5940914000003,3888.5953175000004,3890.3449106,3890.3449106,3891.3453869000004,3891.3453869000004,3891.8449676666673,3893.4782527999996,3894.4456921,3894.4456921,3896.8449591999997,3896.8449591999997,3896.845655366667,3897.8454432999997,3899.5795233,3899.3288497000003,,,,,,,BCI02,001,2025-12-12_10h20.03.735,CoSpeechGestures,,2025.1.1,59.95139141183242,2025-12-12 10h20.18.187367 -0600,
6,6,0,speech_gesture,images/speak_gesture.png,go,"OK",audios/OK.wav,videos/ok_clip.mp4,digits,space,608.5885526000002,None,,,,,2,0,2,0,0,6,6,6,,,,,,,,,3899.5795233,,,,,,,,,,,,,,,,,,,,,,,,,,,,,,,,,,,,,,,,,,,,,,,,,,2.663076923076923,3899.5779073000003,3899.5795233,3901.3455034,3901.3455034,3902.3453098,3902.3453098,3902.8454417666667,3904.0623748999997,3905.4386274999997,3905.4386274999997,3907.8450556999996,3907.8450556999996,3907.845517266667,3908.8476407999997,3910.5666241,3910.3289648,,,,,,,BCI02,001,2025-12-12_10h20.03.735,CoSpeechGestures,,2025.1.1,59.95139141183242,2025-12-12 10h20.18.187367 -0600,
7,7,0,gesture,images/hand.png,go,"bumpy",audios/bumpy.wav,videos/bumpy_clip.mp4,wrist,space,608.5885526000002,None,,,,,2,0,2,0,0,7,7,7,,,,,,,,,3910.5666241,,,,,,,,,,,,,,,,,,,,,,,,,,,,,,,,,,,,,,,,,,,,,,,,,,1.0,3910.565367,3910.5666241,3912.3452141999996,3912.3452141999996,3913.3464368000004,3913.3464368000004,3913.8451790666672,3915.6785562000005,3916.4405661,3916.4405661,3918.8451999999997,3918.8451999999997,3918.845220266667,3919.8459881999997,3921.5599304999996,3921.3287619000002,,,,,,,BCI02,001,2025-12-12_10h20.03.735,CoSpeechGestures,,2025.1.1,59.95139141183242,2025-12-12 10h20.18.187367 -0600,
8,8,0,speech,images/speak.png,go,"what",audios/what.wav,videos/what_clip.mp4,wrist,space,608.5885526000002,None,,,,,2,0,2,0,0,8,8,8,,,,,,,,,3921.5599304999996,,,,,,,,,,,,,,,,,,,,,,,,,,,,,,,,,,,,,,,,,,,,,,,,,,1.0,3921.5587888,3921.5599304999996,3923.3452543000003,3923.3452543000003,3924.3454695,3924.3454695,3924.8453016666667,3926.1954840999997,3927.4621807000003,3927.4621807000003,3929.845386,3929.845386,3929.8452840666673,3930.8452288999997,3932.5904487999996,3932.3289938,,,,,,,BCI02,001,2025-12-12_10h20.03.735,CoSpeechGestures,,2025.1.1,59.95139141183242,2025-12-12 10h20.18.187367 -0600,
9,9,0,speech,images/speak.png,go,"goodbye",audios/goodbye.wav,videos/goodbye_clip.mp4,wrist,space,608.5885526000002,None,,,,,2,0,2,0,0,9,9,9,,,,,,,,,3932.5904487999996,,,,,,,,,,,,,,,,,,,,,,,,,,,,,,,,,,,,,,,,,,,,,,,,,,1.0,3932.5893427,3932.5904487999996,3934.3452903999996,3934.3452903999996,3935.3455010999996,3935.3455010999996,3935.8453172666673,3937.8484187000004,3938.4517635,3938.4517635,3940.8453416,3940.8453416,3940.8453140666666,3941.8459967999997,3943.5872963,3943.3289482,,,,,,,BCI02,001,2025-12-12_10h20.03.735,CoSpeechGestures,,2025.1.1,59.95139141183242,2025-12-12 10h20.18.187367 -0600,
10,10,0,speech_gesture_no,images/speak_gesture.png,nogo,"cutting",audios/cutting.wav,videos/cutting_clip.mp4,arm,space,608.5885526000002,None,,,,,2,0,2,0,0,10,10,10,,,,,,,,,3943.5872963,,,,,,,,,,,,,,,,,,,,,,,,,,,,,,,,,,,,,,,,,,,,,,,,,,2.663076923076923,3943.5857371,3943.5872963,3945.3453434000003,3945.3453434000003,3946.3455317999997,3946.3455317999997,3946.845322866667,3948.5790841,3949.4333110999996,3949.4333110999996,3951.8453969,3951.8453969,3951.845500566667,3952.8620092,3954.5763058000002,3954.3288271,,,,,,,BCI02,001,2025-12-12_10h20.03.735,CoSpeechGestures,,2025.1.1,59.95139141183242,2025-12-12 10h20.18.187367 -0600,
11,11,0,speech,images/speak.png,go,"bumpy",audios/bumpy.wav,videos/bumpy_clip.mp4,wrist,space,608.5885526000002,None,,,,,2,0,2,0,0,11,11,11,,,,,,,,,3954.5763058000002,,,,,,,,,,,,,,,,,,,,,,,,,,,,,,,,,,,,,,,,,,,,,,,,,,1.0,3954.5751071000004,3954.5763058000002,3956.3453865,3956.3453865,3957.3456116999996,3957.3456116999996,3957.845408366667,3959.6953915000004,3960.4184965000004,3960.4184965000004,3962.8454282000002,3962.8454282000002,3962.8454441666668,3963.8464009,3965.5973697,3965.3290306999997,,,,,,,BCI02,001,2025-12-12_10h20.03.735,CoSpeechGestures,,2025.1.1,59.95139141183242,2025-12-12 10h20.18.187367 -0600,
12,12,0,gesture,images/hand.png,go,"good luck",audios/goodluck2.wav,videos/goodluck_clip.mp4,digits,space,608.5885526000002,None,,,,,2,0,2,0,0,12,12,12,,,,,,,,,3965.5973697,,,,,,,,,,,,,,,,,,,,,,,,,,,,,,,,,,,,,,,,,,,,,,,,,,1.0,3965.5962314,3965.5973697,3967.3454756,3967.3454756,3968.3456708000003,3968.3456708000003,3968.8454785666668,3970.3288273,3971.442916,3971.442916,3973.8454945000003,3973.8454945000003,3973.8454860666666,3974.8454891,3976.5867537000004,3976.3289265000003,,,,,,,BCI02,001,2025-12-12_10h20.03.735,CoSpeechGestures,,2025.1.1,59.95139141183242,2025-12-12 10h20.18.187367 -0600,
13,13,0,speech_gesture,images/speak_gesture.png,go,"peace",audios/peace.wav,videos/peace_clip.mp4,digits,space,608.5885526000002,None,,,,,2,0,2,0,0,13,13,13,,,,,,,,,3976.5867537000004,,,,,,,,,,,,,,,,,,,,,,,,,,,,,,,,,,,,,,,,,,,,,,,,,,2.663076923076923,3976.5854232,3976.5867537000004,3978.3455139999996,3978.3455139999996,3979.3457007999996,3979.3457007999996,3979.845506166667,3981.2121839,3982.4516638000005,3982.4516638000005,3984.8455284,3984.8455284,3984.8456728666665,3985.8621737000003,3987.5828321999998,3987.3291537000005,,,,,,,BCI02,001,2025-12-12_10h20.03.735,CoSpeechGestures,,2025.1.1,59.95139141183242,2025-12-12 10h20.18.187367 -0600,
14,14,0,gesture,images/hand.png,go,"goodbye",audios/goodbye.wav,videos/goodbye_clip.mp4,wrist,space,608.5885526000002,None,,,,,2,0,2,0,0,14,14,14,,,,,,,,,3987.5828321999998,,,,,,,,,,,,,,,,,,,,,,,,,,,,,,,,,,,,,,,,,,,,,,,,,,1.0,3987.5816232999996,3987.5828321999998,3989.3455851999997,3989.3455851999997,3990.3457485999998,3990.3457485999998,3990.8455519666672,3992.8470728,3993.4502558000004,3993.4502558000004,3995.8455688000004,3995.8455688000004,3995.845681166667,3996.8455062000003,3998.5715169000005,3998.3294004,,,,,,,BCI02,001,2025-12-12_10h20.03.735,CoSpeechGestures,,2025.1.1,59.95139141183242,2025-12-12 10h20.18.187367 -0600,
15,15,0,gesture,images/hand.png,go,"OK",audios/OK.wav,videos/ok_clip.mp4,digits,space,608.5885526000002,None,,,,,2,0,2,0,0,15,15,15,,,,,,,,,3998.5715169000005,,,,,,,,,,,,,,,,,,,,,,,,,,,,,,,,,,,,,,,,,,,,,,,,,,1.0,3998.5703586,3998.5715169000005,4000.3455986999998,4000.3455986999998,4001.3458553,4001.3458553,4001.845735866667,4003.0622568,4004.44434,4004.44434,4006.8456642,4006.8456642,4006.8456907666673,4007.8464851,4009.5592070000002,4009.3290557,,,,,,,BCI02,001,2025-12-12_10h20.03.735,CoSpeechGestures,,2025.1.1,59.95139141183242,2025-12-12 10h20.18.187367 -0600,
16,16,0,speech,images/speak.png,go,"sweeping",audios/sweeping.wav,videos/sweeping_clip.mp4,arm,space,608.5885526000002,None,,,,,2,0,2,0,0,16,16,16,,,,,,,,,4009.5592070000002,,,,,,,,,,,,,,,,,,,,,,,,,,,,,,,,,,,,,,,,,,,,,,,,,,1.0,4009.5580138000005,4009.5592070000002,4011.3456281999997,4011.3456281999997,4012.3458587000005,4012.3458587000005,4012.845797166667,4014.645644,4015.4442762999997,4015.4442762999997,4017.8456742999997,4017.8456742999997,4017.845839766667,4018.8466717,4020.5310111,4020.3291657,,,,,,,BCI02,001,2025-12-12_10h20.03.735,CoSpeechGestures,,2025.1.1,59.95139141183242,2025-12-12 10h20.18.187367 -0600,
17,17,0,speech,images/speak.png,go,"stop",audios/stop2.wav,videos/stop_clip.mp4,wrist,space,608.5885526000002,None,,,,,2,0,2,0,0,17,17,17,,,,,,,,,4020.5310111,,,,,,,,,,,,,,,,,,,,,,,,,,,,,,,,,,,,,,,,,,,,,,,,,,1.0,4020.5298591,4020.5310111,4022.3458026999997,4022.3458026999997,4023.3459048000004,4023.3459048000004,4023.8458491666665,4025.4291111000002,4026.4354288000004,4026.4354288000004,4028.8457895,4028.8457895,4028.8458920666667,4029.8457002000005,4031.5810509000003,4031.3293694000004,,,,,,,BCI02,001,2025-12-12_10h20.03.735,CoSpeechGestures,,2025.1.1,59.95139141183242,2025-12-12 10h20.18.187367 -0600,
18,18,0,speech_gesture,images/speak_gesture.png,go,"hang loose",audios/hangloose.wav,videos/hangloose_clip.mp4,digits,space,608.5885526000002,None,,,,,2,0,2,0,0,18,18,18,,,,,,,,,4031.5810509000003,,,,,,,,,,,,,,,,,,,,,,,,,,,,,,,,,,,,,,,,,,,,,,,,,,2.663076923076923,4031.579447,4031.5810509000003,4033.3457719999997,4033.3457719999997,4034.3459346,4034.3459346,4034.8459271666666,4036.4791731000005,4037.4415804,4037.4415804,4039.8458176000004,4039.8458176000004,4039.845923266667,4040.8473194999997,4042.5831651999997,4042.3295252,,,,,,,BCI02,001,2025-12-12_10h20.03.735,CoSpeechGestures,,2025.1.1,59.95139141183242,2025-12-12 10h20.18.187367 -0600,
19,19,0,gesture,images/hand.png,go,"peace",audios/peace.wav,videos/peace_clip.mp4,digits,space,608.5885526000002,None,,,,,2,0,2,0,0,19,19,19,,,,,,,,,4042.5831651999997,,,,,,,,,,,,,,,,,,,,,,,,,,,,,,,,,,,,,,,,,,,,,,,,,,1.0,4042.5818918000004,4042.5831651999997,4044.3458676,4044.3458676,4045.3459667999996,4045.3459667999996,4045.8459743666667,4047.2124968999997,4048.4524989,4048.4524989,4050.8459184000003,4050.8459184000003,4050.8459401666673,4051.8485329000005,4053.6060594,4053.329399,,,,,,,BCI02,001,2025-12-12_10h20.03.735,CoSpeechGestures,,2025.1.1,59.95139141183242,2025-12-12 10h20.18.187367 -0600,
20,20,0,gesture,images/hand.png,go,"stop",audios/stop2.wav,videos/stop_clip.mp4,wrist,space,608.5885526000002,None,,,,,2,0,2,0,0,20,20,20,,,,,,,,,4053.6060594,,,,,,,,,,,,,,,,,,,,,,,,,,,,,,,,,,,,,,,,,,,,,,,,,,1.0,4053.6049206,4053.6060594,4055.3458708999997,4055.3458708999997,4056.3461344999996,4056.3461344999996,4056.8459051666673,4058.4292371,4059.4292279,4059.4292279,4061.8460494,4061.8460494,4061.846054066667,4062.8458302999998,4064.5855457999996,4064.3295389000004,,,,,,,BCI02,001,2025-12-12_10h20.03.735,CoSpeechGestures,,2025.1.1,59.95139141183242,2025-12-12 10h20.18.187367 -0600,
21,21,0,gesture,images/hand.png,go,"cutting",audios/cutting.wav,videos/cutting_clip.mp4,arm,space,608.5885526000002,None,,,,,2,0,2,0,0,21,21,21,,,,,,,,,4064.5855457999996,,,,,,,,,,,,,,,,,,,,,,,,,,,,,,,,,,,,,,,,,,,,,,,,,,1.0,4064.5844151,4064.5855457999996,4066.3459088,4066.3459088,4067.3461945999998,4067.3461945999998,4067.8461402666667,4069.579474,4070.4397694,4070.4397694,4072.8459777,4072.8459777,4072.845978366667,4073.8484933,4075.5797322999997,4075.3295503,,,,,,,BCI02,001,2025-12-12_10h20.03.735,CoSpeechGestures,,2025.1.1,59.95139141183242,2025-12-12 10h20.18.187367 -0600,
22,22,0,speech,images/speak.png,go,"yes",audios/yes.wav,videos/yes_clip.mp4,digits,space,608.5885526000002,None,,,,,2,0,2,0,0,22,22,22,,,,,,,,,4075.5797322999997,,,,,,,,,,,,,,,,,,,,,,,,,,,,,,,,,,,,,,,,,,,,,,,,,,1.0,4075.5786208,4075.5797322999997,4077.3459893,4077.3459893,4078.3461451000003,4078.3461451000003,4078.846020866667,4080.5293426,4081.4445804999996,4081.4445804999996,4083.8460084999997,4083.8460084999997,4083.846039966667,4084.8488693,4086.5679081,4086.3295006999997,,,,,,,BCI02,001,2025-12-12_10h20.03.735,CoSpeechGestures,,2025.1.1,59.95139141183242,2025-12-12 10h20.18.187367 -0600,
23,23,0,speech,images/speak.png,go,"what",audios/what.wav,videos/what_clip.mp4,wrist,space,608.5885526000002,None,,,,,2,0,2,0,0,23,23,23,,,,,,,,,4086.5679081,,,,,,,,,,,,,,,,,,,,,,,,,,,,,,,,,,,,,,,,,,,,,,,,,,1.0,4086.5666914000003,4086.5679081,4088.3460753,4088.3460753,4089.3462956000003,4089.3462956000003,4089.846042366667,4091.1960328000005,4092.4612574000002,4092.4612574000002,4094.8460557,4094.8460557,4094.846040566667,4095.8462542999996,4097.5694877,4097.3295404,,,,,,,BCI02,001,2025-12-12_10h20.03.735,CoSpeechGestures,,2025.1.1,59.95139141183242,2025-12-12 10h20.18.187367 -0600,
24,24,0,speech_gesture,images/speak_gesture.png,go,"OK",audios/OK.wav,videos/ok_clip.mp4,digits,space,608.5885526000002,None,,,,,2,0,2,0,0,24,24,24,,,,,,,,,4097.5694877,,,,,,,,,,,,,,,,,,,,,,,,,,,,,,,,,,,,,,,,,,,,,,,,,,2.663076923076923,4097.5682675,4097.5694877,4099.3461418,4099.3461418,4100.3462971,4100.3462971,4100.846113766666,4102.0628024,4103.4443855,4103.4443855,4105.8461544,4105.8461544,4105.8461339666665,4106.8471588,4108.5880987,4108.3295788,,,,,,,BCI02,001,2025-12-12_10h20.03.735,CoSpeechGestures,,2025.1.1,59.95139141183242,2025-12-12 10h20.18.187367 -0600,
25,25,0,speech_gesture,images/speak_gesture.png,go,"outside",audios/outside.wav,videos/outside_clip.mp4,arm,space,608.5885526000002,None,,,,,2,0,2,0,0,25,25,25,,,,,,,,,4108.5880987,,,,,,,,,,,,,,,,,,,,,,,,,,,,,,,,,,,,,,,,,,,,,,,,,,2.663076923076923,4108.5866899,4108.5880987,4110.3461383,4110.3461383,4111.3463243,4111.3463243,4111.846224666667,4113.6461936,4114.4459384,4114.4459384,4116.8461886000005,4116.8461886000005,4116.846205066667,4117.8484695,4119.60805,4119.3296799,,,,,,,BCI02,001,2025-12-12_10h20.03.735,CoSpeechGestures,,2025.1.1,59.95139141183242,2025-12-12 10h20.18.187367 -0600,
26,26,0,speech_gesture,images/speak_gesture.png,go,"cutting",audios/cutting.wav,videos/cutting_clip.mp4,arm,space,608.5885526000002,None,,,,,2,0,2,0,0,26,26,26,,,,,,,,,4119.60805,,,,,,,,,,,,,,,,,,,,,,,,,,,,,,,,,,,,,,,,,,,,,,,,,,2.663076923076923,4119.6066206,4119.60805,4121.3462702,4121.3462702,4122.3467491,4122.3467491,4122.8462039666665,4124.5795386,4125.4616935,4125.4616935,4127.846317,4127.846317,4127.846338066666,4128.8461373,4130.6103603,4130.3297008,,,,,,,BCI02,001,2025-12-12_10h20.03.735,CoSpeechGestures,,2025.1.1,59.95139141183242,2025-12-12 10h20.18.187367 -0600,
27,27,0,speech_gesture,images/speak_gesture.png,go,"bumpy",audios/bumpy.wav,videos/bumpy_clip.mp4,wrist,space,608.5885526000002,None,,,,,2,0,2,0,0,27,27,27,,,,,,,,,4130.6103603,,,,,,,,,,,,,,,,,,,,,,,,,,,,,,,,,,,,,,,,,,,,,,,,,,2.663076923076923,4130.6094263,4130.6103603,4132.3462452,4132.3462452,4133.3464275,4133.3464275,4133.846298266666,4135.6796204,4136.4563828,4136.4563828,4138.8463472,4138.8463472,4138.8463311666665,4139.8484414,4141.6014572,4141.3297572,,,,,,,BCI02,001,2025-12-12_10h20.03.735,CoSpeechGestures,,2025.1.1,59.95139141183242,2025-12-12 10h20.18.187367 -0600,
28,28,0,speech_gesture,images/speak_gesture.png,go,"goodbye",audios/goodbye.wav,videos/goodbye_clip.mp4,wrist,space,608.5885526000002,None,,,,,2,0,2,0,0,28,28,28,,,,,,,,,4141.6014572,,,,,,,,,,,,,,,,,,,,,,,,,,,,,,,,,,,,,,,,,,,,,,,,,,2.663076923076923,4141.5978509,4141.6014572,4143.3463196,4143.3463196,4144.3464784,4144.3464784,4144.846443966667,4146.8473808,4147.4753454,4147.4753454,4149.8463875,4149.8463875,4149.846350066667,4150.8484482,4152.5773148,4152.32979,,,,,,,BCI02,001,2025-12-12_10h20.03.735,CoSpeechGestures,,2025.1.1,59.95139141183242,2025-12-12 10h20.18.187367 -0600,
29,29,0,gesture,images/hand.png,go,"sweeping",audios/sweeping.wav,videos/sweeping_clip.mp4,arm,space,608.5885526000002,None,,,,,2,0,2,0,0,29,29,29,,,,,,,,,4152.5773148,,,,,,,,,,,,,,,,,,,,,,,,,,,,,,,,,,,,,,,,,,,,,,,,,,1.0,4152.5761175,4152.5773148,4154.3465132,4154.3465132,4155.3465899,4155.3465899,4155.846395566667,4157.6463752,4158.4270412,4158.4270412,4160.8464009,4160.8464009,4160.846455466666,4161.8463265,4163.5724157,4163.3298706,,,,,,,BCI02,001,2025-12-12_10h20.03.735,CoSpeechGestures,,2025.1.1,59.95139141183242,2025-12-12 10h20.18.187367 -0600,
30,30,0,speech,images/speak.png,go,"OK,audios/OK.wav,videos/ok_clip.mp4,digits,space,608.5885526000002,None,,,,,2,0,2,0,0,30,30,30,,,,,,,,,4163.5724157,,,,,,,,,,,,,,,,,,,,,,,,,,,,,,,,,,,,,,,,,,,,,,,,,,1.0,4163.5713296,4163.5724157,4165.3464277,4165.3464277,4166.3466201,4166.3466201,4166.846446766666,4168.0631172,4169.4475778,4169.4475778,4171.8464328,4171.8464328,4171.846450066667,4172.8475906,4174.5898075000005,4174.3300853,,,,,,,BCI02,001,2025-12-12_10h20.03.735,CoSpeechGestures,,2025.1.1,59.95139141183242,2025-12-12 10h20.18.187367 -0600,
31,31,0,speech_gesture_no,images/speak_gesture.png,nogo,"good luck",audios/goodluck2.wav,videos/goodluck_clip.mp4,digits,space,608.5885526000002,None,,,,,2,0,2,0,0,31,31,31,,,,,,,,,4174.5898075000005,,,,,,,,,,,,,,,,,,,,,,,,,,,,,,,,,,,,,,,,,,,,,,,,,,2.663076923076923,4174.5881188,4174.5898075000005,4176.3464725,4176.3464725,4177.3466136,4177.3466136,4177.846464766666,4179.3298377,4180.4333563,4180.4333563,4182.8465404,4182.8465404,4182.846585666666,4183.8468302,4185.5828972,4185.3300014,,,,,,,BCI02,001,2025-12-12_10h20.03.735,CoSpeechGestures,,2025.1.1,59.95139141183242,2025-12-12 10h20.18.187367 -0600,
32,32,0,speech,images/speak.png,go,"peace",audios/peace.wav,videos/peace_clip.mp4,digits,space,608.5885526000002,None,,,,,2,0,2,0,0,32,32,32,,,,,,,,,4185.5828972,,,,,,,,,,,,,,,,,,,,,,,,,,,,,,,,,,,,,,,,,,,,,,,,,,1.0,4185.5816350000005,4185.5828972,4187.3465326,4187.3465326,4188.3467147,4188.3467147,4188.8465467666665,4190.2132203,4191.451146,4191.451146,4193.8465659,4193.8465659,4193.846547966667,4194.8493978,4196.5878262,4196.3300122,,,,,,,BCI02,001,2025-12-12_10h20.03.735,CoSpeechGestures,,2025.1.1,59.95139141183242,2025-12-12 10h20.18.187367 -0600,
33,33,0,speech_gesture,images/speak_gesture.png,go,"good luck",audios/goodluck2.wav,videos/goodluck_clip.mp4,digits,space,608.5885526000002,None,,,,,2,0,2,0,0,33,33,33,,,,,,,,,4196.5878262,,,,,,,,,,,,,,,,,,,,,,,,,,,,,,,,,,,,,,,,,,,,,,,,,,2.663076923076923,4196.5862423,4196.5878262,4198.3466706,4198.3466706,4199.3468268,4199.3468268,4199.846610166666,4201.3299446,4202.4325033000005,4202.4325033000005,4204.8467274,4204.8467274,4204.846612766666,4205.8489656,4207.6094706,4207.3300849,,,,,,,BCI02,001,2025-12-12_10h20.03.735,CoSpeechGestures,,2025.1.1,59.95139141183242,2025-12-12 10h20.18.187367 -0600,
34,34,0,speech_gesture,images/speak_gesture.png,go,"yes",audios/yes.wav,videos/yes_clip.mp4,digits,space,608.5885526000002,None,,,,,2,0,2,0,0,34,34,34,,,,,,,,,4207.6094706,,,,,,,,,,,,,,,,,,,,,,,,,,,,,,,,,,,,,,,,,,,,,,,,,,2.663076923076923,4207.6044123,4207.6094706,4209.3466153,4209.3466153,4210.3468633,4210.3468633,4210.846625866667,4212.5299744,4213.4509832,4213.4509832,4215.846661,4215.846661,4215.846649766667,4216.8484385,4218.5594952,4218.3302058,,,,,,,BCI02,001,2025-12-12_10h20.03.735,CoSpeechGestures,,2025.1.1,59.95139141183242,2025-12-12 10h20.18.187367 -0600,
35,35,0,speech,images/speak.png,go,"stop",audios/stop2.wav,videos/stop_clip.mp4,wrist,space,608.5885526000002,None,,,,,2,0,2,0,0,35,35,35,,,,,,,,,4218.5594952,,,,,,,,,,,,,,,,,,,,,,,,,,,,,,,,,,,,,,,,,,,,,,,,,,1.0,4218.5582888,4218.5594952,4220.3467123,4220.3467123,4221.3469041,4221.3469041,4221.846720866666,4223.4300394,4224.4461043,4224.4461043,4226.846792,4226.846792,4226.846743466666,4227.8486411,4229.5910404,4229.3302005,,,,,,,BCI02,001,2025-12-12_10h20.03.735,CoSpeechGestures,,2025.1.1,59.95139141183242,2025-12-12 10h20.18.187367 -0600,
36,36,0,speech,images/speak.png,go,"OK,audios/OK.wav,videos/ok_clip.mp4,digits,space,608.5885526000002,None,,,,,2,0,2,0,0,36,36,36,,,,,,,,,4229.5910404,,,,,,,,,,,,,,,,,,,,,,,,,,,,,,,,,,,,,,,,,,,,,,,,,,1.0,4229.5899089,4229.5910404,4231.3467011,4231.3467011,4232.3469225,4232.3469225,4232.846792966667,4234.0635115000005,4235.4420158,4235.4420158,4237.8467707,4237.8467707,4237.846857066666,4238.8499344,4240.590186,4240.3302156,,,,,,,BCI02,001,2025-12-12_10h20.03.735,CoSpeechGestures,,2025.1.1,59.95139141183242,2025-12-12 10h20.18.187367 -0600,
37,37,0,speech_gesture,images/speak_gesture.png,go,"sweeping",audios/sweeping.wav,videos/sweeping_clip.mp4,arm,space,608.5885526000002,None,,,,,2,0,2,0,0,37,37,37,,,,,,,,,4240.590186,,,,,,,,,,,,,,,,,,,,,,,,,,,,,,,,,,,,,,,,,,,,,,,,,,2.663076923076923,4240.5886333,4240.590186,4242.3468765,4242.3468765,4243.3469958,4243.3469958,4243.846871666667,4245.6467776,4246.4554315,4246.4554315,4248.8468029,4248.8468029,4248.846818666667,4249.8491412,4251.5832526,4251.3302689,,,,,,,BCI02,001,2025-12-12_10h20.03.735,CoSpeechGestures,,2025.1.1,59.95139141183242,2025-12-12 10h20.18.187367 -0600,
38,38,0,speech,images/speak.png,go,"bumpy",audios/bumpy.wav,videos/bumpy_clip.mp4,wrist,space,608.5885526000002,None,,,,,2,0,2,0,0,38,38,38,,,,,,,,,4251.5832526,,,,,,,,,,,,,,,,,,,,,,,,,,,,,,,,,,,,,,,,,,,,,,,,,,1.0,4251.5820474,4251.5832526,4253.3468995,4253.3468995,4254.3471317,4254.3471317,4254.846849166666,4256.6968601,4257.4356797,4257.4356797,4259.8468664,4259.8468664,4259.846832366667,4260.8493591,4262.6034465,4262.330377,,,,,,,BCI02,001,2025-12-12_10h20.03.735,CoSpeechGestures,,2025.1.1,59.95139141183242,2025-12-12 10h20.18.187367 -0600,
39,39,0,speech_gesture,images/speak_gesture.png,go,"cutting",audios/cutting.wav,videos/cutting_clip.mp4,arm,space,608.5885526000002,None,,,,,2,0,2,0,0,39,39,39,,,,,,,,,4262.6034465,,,,,,,,,,,,,,,,,,,,,,,,,,,,,,,,,,,,,,,,,,,,,,,,,,2.663076923076923,4262.6018601,4262.6034465,4264.3469479,4264.3469479,4265.3471385,4265.3471385,4265.8469356666665,4267.5802665,4268.4604823,4268.4604823,4270.8469213,4270.8469213,4270.846937766666,4271.8473584,4273.5816768,4273.3303978,,,,,,,BCI02,001,2025-12-12_10h20.03.735,CoSpeechGestures,,2025.1.1,59.95139141183242,2025-12-12 10h20.18.187367 -0600,
40,40,0,gesture,images/hand.png,go,"hang loose",audios/hangloose.wav,videos/hangloose_clip.mp4,digits,space,608.5885526000002,None,,,,,2,0,2,0,0,40,40,40,,,,,,,,,4273.5816768,,,,,,,,,,,,,,,,,,,,,,,,,,,,,,,,,,,,,,,,,,,,,,,,,,1.0,4273.5803894,4273.5816768,4275.3470415,4275.3470415,4276.3471763,4276.3471763,4276.846958166667,4278.4636736,4279.4482922,4279.4482922,4281.846984,4281.846984,4281.847000366666,4282.8469557,4284.5956114,4284.3304315,,,,,,,BCI02,001,2025-12-12_10h20.03.735,CoSpeechGestures,,2025.1.1,59.95139141183242,2025-12-12 10h20.18.187367 -0600,
41,41,0,speech,images/speak.png,go,"outside",audios/outside.wav,videos/outside_clip.mp4,arm,space,608.5885526000002,None,,,,,2,0,2,0,0,41,41,41,,,,,,,,,4284.5956114,,,,,,,,,,,,,,,,,,,,,,,,,,,,,,,,,,,,,,,,,,,,,,,,,,1.0,4284.594478,4284.5956114,4286.3470169,4286.3470169,4287.347233,4287.347233,4287.847067066667,4289.6470655,4290.4570674,4290.4570674,4292.8470572,4292.8470572,4292.847030466666,4293.8499954,4295.5768981,4295.3305371,,,,,,,BCI02,001,2025-12-12_10h20.03.735,CoSpeechGestures,,2025.1.1,59.95139141183242,2025-12-12 10h20.18.187367 -0600,
42,42,0,gesture,images/hand.png,go,"stop",audios/stop2.wav,videos/stop_clip.mp4,wrist,space,608.5885526000002,None,,,,,2,0,2,0,0,42,42,42,,,,,,,,,4295.5768981,,,,,,,,,,,,,,,,,,,,,,,,,,,,,,,,,,,,,,,,,,,,,,,,,,1.0,4295.5757719,4295.5768981,4297.3471232,4297.3471232,4298.3473,4298.3473,4298.847073566666,4300.4303898,4301.4506916,4301.4506916,4303.847196,4303.847196,4303.847239266666,4304.8471036,4306.5756799,4306.330563,,,,,,,BCI02,001,2025-12-12_10h20.03.735,CoSpeechGestures,,2025.1.1,59.95139141183242,2025-12-12 10h20.18.187367 -0600,
43,43,0,gesture,images/hand.png,go,"stop",audios/stop2.wav,videos/stop_clip.mp4,wrist,space,608.5885526000002,None,,,,,2,0,2,0,0,43,43,43,,,,,,,,,4306.5756799,,,,,,,,,,,,,,,,,,,,,,,,,,,,,,,,,,,,,,,,,,,,,,,,,,1.0,4306.5745322,4306.5756799,4308.3471298,4308.3471298,4309.3472935,4309.3472935,4309.847132066667,4311.4304755,4312.4666801,4312.4666801,4314.847178,4314.847178,4314.847192566666,4315.84983,4317.5658054,4317.3306742,,,,,,,BCI02,001,2025-12-12_10h20.03.735,CoSpeechGestures,,2025.1.1,59.95139141183242,2025-12-12 10h20.18.187367 -0600,
44,44,0,speech,images/speak.png,go,"cutting",audios/cutting.wav,videos/cutting_clip.mp4,arm,space,608.5885526000002,None,,,,,2,0,2,0,0,44,44,44,,,,,,,,,4317.5658054,,,,,,,,,,,,,,,,,,,,,,,,,,,,,,,,,,,,,,,,,,,,,,,,,,1.0,4317.5646417,4317.5658054,4319.3471804,4319.3471804,4320.3473619,4320.3473619,4320.847251666666,4322.5805553,4323.436216,4323.436216,4325.8473408,4325.8473408,4325.847197066666,4326.8490493,4328.5659625,4328.3308286,,,,,,,BCI02,001,2025-12-12_10h20.03.735,CoSpeechGestures,,2025.1.1,59.95139141183242,2025-12-12 10h20.18.187367 -0600,
45,45,0,speech,images/speak.png,go,"cutting",audios/cutting.wav,videos/cutting_clip.mp4,arm,space,608.5885526000002,None,,,,,2,0,2,0,0,45,45,45,,,,,,,,,4328.5659625,,,,,,,,,,,,,,,,,,,,,,,,,,,,,,,,,,,,,,,,,,,,,,,,,,1.0,4328.5648386,4328.5659625,4330.347235,4330.347235,4331.3474619,4331.3474619,4331.847294366667,4333.5806571,4334.4352372,4334.4352372,4336.8472717,4336.8472717,4336.847294266667,4337.8476598,4339.5745276,4339.3306936,,,,,,,BCI02,001,2025-12-12_10h20.03.735,CoSpeechGestures,,2025.1.1,59.95139141183242,2025-12-12 10h20.18.187367 -0600,
46,46,0,gesture,images/hand.png,go,"goodbye",audios/goodbye.wav,videos/goodbye_clip.mp4,wrist,space,608.5885526000002,None,,,,,2,0,2,0,0,46,46,46,,,,,,,,,4339.5745276,,,,,,,,,,,,,,,,,,,,,,,,,,,,,,,,,,,,,,,,,,,,,,,,,,1.0,4339.5733695,4339.5745276,4341.3477583,4341.3477583,4342.3473689,4342.3473689,4342.847191166667,4344.8483186,4345.4663168,4345.4663168,4347.847641,4347.847641,4347.847200866667,4348.8502953,4350.5890391,4350.3306378,,,,,,,BCI02,001,2025-12-12_10h20.03.735,CoSpeechGestures,,2025.1.1,59.95139141183242,2025-12-12 10h20.18.187367 -0600,
47,47,0,gesture,images/hand.png,go,"outside",audios/outside.wav,videos/outside_clip.mp4,arm,space,608.5885526000002,None,,,,,2,0,2,0,0,47,47,47,,,,,,,,,4350.5890391,,,,,,,,,,,,,,,,,,,,,,,,,,,,,,,,,,,,,,,,,,,,,,,,,,1.0,4350.5879095,4350.5890391,4352.3476978,4352.3476978,4353.3479862,4353.3479862,4353.847704066667,4355.6476236,4356.4428629,4356.4428629,4358.8477033,4358.8477033,4358.847837966667,4359.8494394,4361.5810869,4361.3312336,,,,,,,BCI02,001,2025-12-12_10h20.03.735,CoSpeechGestures,,2025.1.1,59.95139141183242,2025-12-12 10h20.18.187367 -0600,
48,48,0,speech_no,images/speak.png,nogo,"bumpy",audios/bumpy.wav,videos/bumpy_clip.mp4,wrist,space,608.5885526000002,None,,,,,2,0,2,0,0,48,48,48,,,,,,,,,4361.5810869,,,,,,,,,,,,,,,,,,,,,,,,,,,,,,,,,,,,,,,,,,,,,,,,,,1.0,4361.5799113,4361.5810869,4363.347853,4363.347853,4364.3474621,4364.3474621,4364.847300466667,4366.6977138,4367.4555311,4367.4555311,4369.847742,4369.847742,4369.847768866666,4370.850436,4372.5856216,4372.3313522,,,,,,,BCI02,001,2025-12-12_10h20.03.735,CoSpeechGestures,,2025.1.1,59.95139141183242,2025-12-12 10h20.18.187367 -0600,
49,49,0,speech_gesture,images/speak_gesture.png,go,"yes",audios/yes.wav,videos/yes_clip.mp4,digits,space,608.5885526000002,None,,,,,2,0,2,0,0,49,49,49,,,,,,,,,4372.5856216,,,,,,,,,,,,,,,,,,,,,,,,,,,,,,,,,,,,,,,,,,,,,,,,,,2.663076923076923,4372.583977,4372.5856216,4374.3479225,4374.3479225,4375.3475512,4375.3475512,4375.847868866666,4377.5306294,4378.4546465,4378.4546465,4380.8478383,4380.8478383,4380.847351466667,4381.8478571,4383.5788798,4383.330847,,,,,,,BCI02,001,2025-12-12_10h20.03.735,CoSpeechGestures,,2025.1.1,59.95139141183242,2025-12-12 10h20.18.187367 -0600,
50,50,0,speech,images/speak.png,go,"outside",audios/outside.wav,videos/outside_clip.mp4,arm,space,608.5885526000002,None,,,,,2,0,2,0,0,50,50,50,,,,,,,,,4383.5788798,,,,,,,,,,,,,,,,,,,,,,,,,,,,,,,,,,,,,,,,,,,,,,,,,,1.0,4383.5776453,4383.5788798,4385.3474392,4385.3474392,4386.3481371,4386.3481371,4386.847404266667,4388.6480236,4389.4339883,4389.4339883,4391.8475416,4391.8475416,4391.847945766666,4392.849323,4394.5858568,4394.3308878,,,,,,,BCI02,001,2025-12-12_10h20.03.735,CoSpeechGestures,,2025.1.1,59.95139141183242,2025-12-12 10h20.18.187367 -0600,
51,51,0,speech_gesture,images/speak_gesture.png,go,"peace",audios/peace.wav,videos/peace_clip.mp4,digits,space,608.5885526000002,None,,,,,2,0,2,0,0,51,51,51,,,,,,,,,4394.5858568,,,,,,,,,,,,,,,,,,,,,,,,,,,,,,,,,,,,,,,,,,,,,,,,,,2.663076923076923,4394.5842936,4394.5858568,4396.3479126,4396.3479126,4397.3483963,4397.3483963,4397.847980666666,4399.2147376,4400.4430758,4400.4430758,4402.8479412,4402.8479412,4402.8479529666665,4403.8503955,4405.5858325,4405.3309213,,,,,,,BCI02,001,2025-12-12_10h20.03.735,CoSpeechGestures,,2025.1.1,59.95139141183242,2025-12-12 10h20.18.187367 -0600,
52,52,0,speech,images/speak.png,go,"peace",audios/peace.wav,videos/peace_clip.mp4,digits,space,608.5885526000002,None,,,,,2,0,2,0,0,52,52,52,,,,,,,,,4405.5858325,,,,,,,,,,,,,,,,,,,,,,,,,,,,,,,,,,,,,,,,,,,,,,,,,,1.0,4405.5845437,4405.5858325,4407.348008,4407.348008,4408.3482827,4408.3482827,4408.847510566667,4410.2141842,4411.4422913,4411.4422913,4413.8479735,4413.8479735,4413.847998366667,4414.8500363,4416.5598954,4416.3314182,,,,,,,BCI02,001,2025-12-12_10h20.03.735,CoSpeechGestures,,2025.1.1,59.95139141183242,2025-12-12 10h20.18.187367 -0600,
53,53,0,speech,images/speak.png,go,"bumpy",audios/bumpy.wav,videos/bumpy_clip.mp4,wrist,space,608.5885526000002,None,,,,,2,0,2,0,0,53,53,53,,,,,,,,,4416.5598954,,,,,,,,,,,,,,,,,,,,,,,,,,,,,,,,,,,,,,,,,,,,,,,,,,1.0,4416.5587449,4416.5598954,4418.3477424,4418.3477424,4419.3483593,4419.3483593,4419.847609866666,4421.6982543,4422.4497471,4422.4497471,4424.8481913,4424.8481913,4424.848063266666,4425.850704,4427.5760481,4427.331505,,,,,,,BCI02,001,2025-12-12_10h20.03.735,CoSpeechGestures,,2025.1.1,59.95139141183242,2025-12-12 10h20.18.187367 -0600,
54,54,0,speech,images/speak.png,go,"cutting",audios/cutting.wav,videos/cutting_clip.mp4,arm,space,608.5885526000002,None,,,,,2,0,2,0,0,54,54,54,,,,,,,,,4427.5760481,,,,,,,,,,,,,,,,,,,,,,,,,,,,,,,,,,,,,,,,,,,,,,,,,,1.0,4427.5749187,4427.5760481,4429.3480572,4429.3480572,4430.3483772,4430.3483772,4430.847650566667,4432.5814022,4433.470511,4433.470511,4435.8481267,4435.8481267,4435.848164066667,4436.8492266,4438.6232063,4438.3315803,,,,,,,BCI02,001,2025-12-12_10h20.03.735,CoSpeechGestures,,2025.1.1,59.95139141183242,2025-12-12 10h20.18.187367 -0600,
55,55,0,speech_gesture,images/speak_gesture.png,go,"sweeping",audios/sweeping.wav,videos/sweeping_clip.mp4,arm,space,608.5885526000002,None,,,,,2,0,2,0,0,55,55,55,,,,,,,,,4438.6232063,,,,,,,,,,,,,,,,,,,,,,,,,,,,,,,,,,,,,,,,,,,,,,,,,,2.663076923076923,4438.6202221,4438.6232063,4440.347602,4440.347602,4441.347877,4441.347877,4441.847659666666,4443.6476277,4444.4425814,4444.4425814,4446.8483032,4446.8483032,4446.848161566666,4447.8489713,4449.5797891,4449.331625,,,,,,,BCI02,001,2025-12-12_10h20.03.735,CoSpeechGestures,,2025.1.1,59.95139141183242,2025-12-12 10h20.18.187367 -0600,
56,56,0,speech,images/speak.png,go,"yes",audios/yes.wav,videos/yes_clip.mp4,digits,space,608.5885526000002,None,,,,,2,0,2,0,0,56,56,56,,,,,,,,,4449.5797891,,,,,,,,,,,,,,,,,,,,,,,,,,,,,,,,,,,,,,,,,,,,,,,,,,1.0,4449.5785889,4449.5797891,4451.3482076,4451.3482076,4452.3479261,4452.3479261,4452.848006366667,4454.5482293000005,4455.442771,4455.442771,4457.8482126,4457.8482126,4457.847700866667,4458.8480178,4460.6000042,4460.3312662,,,,,,,BCI02,001,2025-12-12_10h20.03.735,CoSpeechGestures,,2025.1.1,59.95139141183242,2025-12-12 10h20.18.187367 -0600,
57,57,0,speech_gesture_no,images/speak_gesture.png,nogo,"hang loose",audios/hangloose.wav,videos/hangloose_clip.mp4,digits,space,608.5885526000002,None,,,,,2,0,2,0,0,57,57,57,,,,,,,,,4460.6000042,,,,,,,,,,,,,,,,,,,,,,,,,,,,,,,,,,,,,,,,,,,,,,,,,,2.663076923076923,4460.5986835,4460.6000042,4462.3477679,4462.3477679,4463.3485826,4463.3485826,4463.848242666666,4465.4644221,4466.4277296,4466.4277296,4468.8482474,4468.8482474,4468.848263366666,4469.8500012,4471.5831201,4471.3316959,,,,,,,BCI02,001,2025-12-12_10h20.03.735,CoSpeechGestures,,2025.1.1,59.95139141183242,2025-12-12 10h20.18.187367 -0600,
0,0,0,gesture,images/hand.png,go,"yes",audios/yes.wav,videos/yes_clip.mp4,digits,space,608.5885526000002,None,,,,,2,0,2,0,0,58,58,58,,,,,0,0,0,0,4482.4482705,,,,,,,,,,,,,,,,,,,,,,,,,,,,,,,,,,,,,,,,,,,,,,,,,,1.0,4471.5819151,4471.5831201,4473.3480044,4473.3480044,4474.3480038,4474.3480038,4474.848373066667,4476.548288,4477.4442678,4477.4442678,4479.8483169,4479.8483169,4479.8484370666665,4480.8484948000005,4482.4482705,4482.3317754,4482.4472162,4482.4482705,4512.3485157000005,,,,BCI02,001,2025-12-12_10h20.03.735,CoSpeechGestures,,2025.1.1,59.95139141183242,2025-12-12 10h20.18.187367 -0600,
58,58,0,gesture,images/hand.png,go,"yes",audios/yes.wav,videos/yes_clip.mp4,digits,space,608.5885526000002,None,,,,,2,0,2,0,0,58,58,58,,,,,,,,,,,,,,,,,,,,,,,,,,,,,,,,,,,,,,,,,,,,,,,,,,,,,,,,,,,,,,,,,,,,,,,,,,,,,,,,,,BCI02,001,2025-12-12_10h20.03.735,CoSpeechGestures,,2025.1.1,59.95139141183242,2025-12-12 10h20.18.187367 -0600,
59,59,0,gesture,images/hand.png,go,"what",audios/what.wav,videos/what_clip.mp4,wrist,space,608.5885526000002,None,,,,,2,0,2,0,0,59,59,59,,,,,,,,,4512.48128,,,,,,,,,,,,,,,,,,,,,,,,,,,,,,,,,,,,,,,,,,,,,,,,,,1.0,4512.4791704,4512.48128,4514.3484711,4514.3484711,4515.3482482,4515.3482482,4515.8480291666665,4517.1984286,4518.4589886,4518.4589886,4520.8485495,4520.8485495,4520.848544866666,4521.8508483,4523.5804438000005,4523.3319567,,,,,,,BCI02,001,2025-12-12_10h20.03.735,CoSpeechGestures,,2025.1.1,59.95139141183242,2025-12-12 10h20.18.187367 -0600,
60,60,0,speech_gesture,images/speak_gesture.png,go,"what",audios/what.wav,videos/what_clip.mp4,wrist,space,608.5885526000002,None,,,,,2,0,2,0,0,60,60,60,,,,,,,,,4523.5804438000005,,,,,,,,,,,,,,,,,,,,,,,,,,,,,,,,,,,,,,,,,,,,,,,,,,2.663076923076923,4523.5788818,4523.5804438000005,4525.3485108,4525.3485108,4526.3489463,4526.3489463,4526.848055966667,4528.1985235,4529.4793441,4529.4793441,4531.8485894,4531.8485894,4531.848553566667,4532.8480625,4534.5758649,4534.332046,,,,,,,BCI02,001,2025-12-12_10h20.03.735,CoSpeechGestures,,2025.1.1,59.95139141183242,2025-12-12 10h20.18.187367 -0600,
61,61,0,gesture,images/hand.png,go,"good luck",audios/goodluck2.wav,videos/goodluck_clip.mp4,digits,space,608.5885526000002,None,,,,,2,0,2,0,0,61,61,61,,,,,,,,,4534.5758649,,,,,,,,,,,,,,,,,,,,,,,,,,,,,,,,,,,,,,,,,,,,,,,,,,1.0,4534.5746309,4534.5758649,4536.3486684,4536.3486684,4537.3483398,4537.3483398,4537.848103366667,4539.3321508,4540.437509,4540.437509,4542.8486449,4542.8486449,4542.848834466667,4543.8501107,4545.5671697,4545.3322259,,,,,,,BCI02,001,2025-12-12_10h20.03.735,CoSpeechGestures,,2025.1.1,59.95139141183242,2025-12-12 10h20.18.187367 -0600,
62,62,0,gesture,images/hand.png,go,"OK",audios/OK.wav,videos/ok_clip.mp4,digits,space,608.5885526000002,None,,,,,2,0,2,0,0,62,62,62,,,,,,,,,4545.5671697,,,,,,,,,,,,,,,,,,,,,,,,,,,,,,,,,,,,,,,,,,,,,,,,,,1.0,4545.5660202,4545.5671697,4547.3486647,4547.3486647,4548.3484152,4548.3484152,4548.848208666666,4550.0649018,4551.4168416,4551.4168416,4553.8486737,4553.8486737,4553.848715566666,4554.851146,4556.5924025,4556.3316256,,,,,,,BCI02,001,2025-12-12_10h20.03.735,CoSpeechGestures,,2025.1.1,59.95139141183242,2025-12-12 10h20.18.187367 -0600,
63,63,0,speech_gesture,images/speak_gesture.png,go,"bumpy",audios/bumpy.wav,videos/bumpy_clip.mp4,wrist,space,608.5885526000002,None,,,,,2,0,2,0,0,63,63,63,,,,,,,,,4556.5924025,,,,,,,,,,,,,,,,,,,,,,,,,,,,,,,,,,,,,,,,,,,,,,,,,,2.663076923076923,4556.5910556,4556.5924025,4558.3488352,4558.3488352,4559.3491373,4559.3491373,4559.848227666666,4561.681565,4562.4471461,4562.4471461,4564.8487162,4564.8487162,4564.848749966666,4565.8487886,4567.5772287,4567.3316676,,,,,,,BCI02,001,2025-12-12_10h20.03.735,CoSpeechGestures,,2025.1.1,59.95139141183242,2025-12-12 10h20.18.187367 -0600,
64,64,0,speech_gesture,images/speak_gesture.png,go,"good luck",audios/goodluck2.wav,videos/goodluck_clip.mp4,digits,space,608.5885526000002,None,,,,,2,0,2,0,0,64,64,64,,,,,,,,,4567.5772287,,,,,,,,,,,,,,,,,,,,,,,,,,,,,,,,,,,,,,,,,,,,,,,,,,2.663076923076923,4567.5757977,4567.5772287,4569.3482955,4569.3482955,4570.348473,4570.348473,4570.848256266667,4572.3316006000005,4573.4622444,4573.4622444,4575.8488419000005,4575.8488419000005,4575.848857666667,4576.8502931,4578.5756354000005,4578.3323854,,,,,,,BCI02,001,2025-12-12_10h20.03.735,CoSpeechGestures,,2025.1.1,59.95139141183242,2025-12-12 10h20.18.187367 -0600,
65,65,0,gesture,images/hand.png,go,"bumpy",audios/bumpy.wav,videos/bumpy_clip.mp4,wrist,space,608.5885526000002,None,,,,,2,0,2,0,0,65,65,65,,,,,,,,,4578.5756354000005,,,,,,,,,,,,,,,,,,,,,,,,,,,,,,,,,,,,,,,,,,,,,,,,,,1.0,4578.5743181,4578.5756354000005,4580.3488649,4580.3488649,4581.3491732,4581.3491732,4581.848360466666,4583.6983223,4584.4381972,4584.4381972,4586.8483229,4586.8483229,4586.848828966667,4587.8519031,4589.5812161,4589.3323188,,,,,,,BCI02,001,2025-12-12_10h20.03.735,CoSpeechGestures,,2025.1.1,59.95139141183242,2025-12-12 10h20.18.187367 -0600,
66,66,0,speech_gesture,images/speak_gesture.png,go,"goodbye",audios/goodbye.wav,videos/goodbye_clip.mp4,wrist,space,608.5885526000002,None,,,,,2,0,2,0,0,66,66,66,,,,,,,,,4589.5812161,,,,,,,,,,,,,,,,,,,,,,,,,,,,,,,,,,,,,,,,,,,,,,,,,,2.663076923076923,4589.5796386,4589.5812161,4591.3488071,4591.3488071,4592.3491460000005,4592.3491460000005,4592.848963766666,4594.8521384,4595.4285699,4595.4285699,4597.8488708,4597.8488708,4597.848930966667,4598.8514512,4600.5829322,4600.3323338,,,,,,,BCI02,001,2025-12-12_10h20.03.735,CoSpeechGestures,,2025.1.1,59.95139141183242,2025-12-12 10h20.18.187367 -0600,
67,67,0,speech,images/speak.png,go,"hang loose",audios/hangloose.wav,videos/hangloose_clip.mp4,digits,space,608.5885526000002,None,,,,,2,0,2,0,0,67,67,67,,,,,,,,,4600.5829322,,,,,,,,,,,,,,,,,,,,,,,,,,,,,,,,,,,,,,,,,,,,,,,,,,1.0,4600.5817016,4600.5829322,4602.348906,4602.348906,4603.3486931,4603.3486931,4603.848989466666,4605.4657468,4606.4420282,4606.4420282,4608.8489515,4608.8489515,4608.848954766667,4609.8492371,4611.5572278,4611.3325916,,,,,,,BCI02,001,2025-12-12_10h20.03.735,CoSpeechGestures,,2025.1.1,59.95139141183242,2025-12-12 10h20.18.187367 -0600,
68,68,0,speech_gesture,images/speak_gesture.png,go,"hang loose",audios/hangloose.wav,videos/hangloose_clip.mp4,digits,space,608.5885526000002,None,,,,,2,0,2,0,0,68,68,68,,,,,,,,,4611.5572278,,,,,,,,,,,,,,,,,,,,,,,,,,,,,,,,,,,,,,,,,,,,,,,,,,2.663076923076923,4611.5556287,4611.5572278,4613.3491282,4613.3491282,4614.349391,4614.349391,4614.848451766667,4616.4651808,4617.457022,4617.457022,4619.848992,4619.848992,4619.849048466666,4620.8516242,4622.5949519,4622.3324667,,,,,,,BCI02,001,2025-12-12_10h20.03.735,CoSpeechGestures,,2025.1.1,59.95139141183242,2025-12-12 10h20.18.187367 -0600,
69,69,0,gesture_no,images/hand.png,nogo,"peace",audios/peace.wav,videos/peace_clip.mp4,digits,space,608.5885526000002,None,,,,,2,0,2,0,0,69,69,69,,,,,,,,,4622.5949519,,,,,,,,,,,,,,,,,,,,,,,,,,,,,,,,,,,,,,,,,,,,,,,,,,1.0,4622.5936663,4622.5949519,4624.34905,4624.34905,4625.3495123,4625.3495123,4625.848565166666,4627.2158668,4628.4614907000005,4628.4614907000005,4630.8490556,4630.8490556,4630.848596566667,4631.8530959,4633.5819658,4633.3326693,,,,,,,BCI02,001,2025-12-12_10h20.03.735,CoSpeechGestures,,2025.1.1,59.95139141183242,2025-12-12 10h20.18.187367 -0600,
70,70,0,speech,images/speak.png,go,"hang loose",audios/hangloose.wav,videos/hangloose_clip.mp4,digits,space,608.5885526000002,None,,,,,2,0,2,0,0,70,70,70,,,,,,,,,4633.5819658,,,,,,,,,,,,,,,,,,,,,,,,,,,,,,,,,,,,,,,,,,,,,,,,,,1.0,4633.5808162,4633.5819658,4635.3486104,4635.3486104,4636.3487934,4636.3487934,4636.848601766666,4638.4825591,4639.4574369,4639.4574369,4641.8491002,4641.8491002,4641.849102766667,4642.8495896,4644.5802237,4644.3325731,,,,,,,BCI02,001,2025-12-12_10h20.03.735,CoSpeechGestures,,2025.1.1,59.95139141183242,2025-12-12 10h20.18.187367 -0600,
71,71,0,speech,images/speak.png,go,"what",audios/what.wav,videos/what_clip.mp4,wrist,space,608.5885526000002,None,,,,,2,0,2,0,0,71,71,71,,,,,,,,,4644.5802237,,,,,,,,,,,,,,,,,,,,,,,,,,,,,,,,,,,,,,,,,,,,,,,,,,1.0,4644.5790597000005,4644.5802237,4646.348619,4646.348619,4647.3488954,4647.3488954,4647.848664466666,4649.1991297,4650.4497227,4650.4497227,4652.8486345,4652.8486345,4652.849146266666,4653.8486531,4655.5761204,4655.3325968,,,,,,,BCI02,001,2025-12-12_10h20.03.735,CoSpeechGestures,,2025.1.1,59.95139141183242,2025-12-12 10h20.18.187367 -0600,
72,72,0,speech_gesture,images/speak_gesture.png,go,"sweeping",audios/sweeping.wav,videos/sweeping_clip.mp4,arm,space,608.5885526000002,None,,,,,2,0,2,0,0,72,72,72,,,,,,,,,4655.5761204,,,,,,,,,,,,,,,,,,,,,,,,,,,,,,,,,,,,,,,,,,,,,,,,,,2.663076923076923,4655.5749001,4655.5761204,4657.3487467,4657.3487467,4658.3494591,4658.3494591,4658.848723766667,4660.6492749,4661.443568,4661.443568,4663.8492955,4663.8492955,4663.849420566667,4664.851446,4666.5700404,4666.3326141,,,,,,,BCI02,001,2025-12-12_10h20.03.735,CoSpeechGestures,,2025.1.1,59.95139141183242,2025-12-12 10h20.18.187367 -0600,
73,73,0,gesture,images/hand.png,go,"peace",audios/peace.wav,videos/peace_clip.mp4,digits,space,608.5885526000002,None,,,,,2,0,2,0,0,73,73,73,,,,,,,,,4666.5700404,,,,,,,,,,,,,,,,,,,,,,,,,,,,,,,,,,,,,,,,,,,,,,,,,,1.0,4666.5686784,4666.5700404,4668.3488236,4668.3488236,4669.3489783,4669.3489783,4669.848778266666,4671.2159161,4672.4326545,4672.4326545,4674.8492097,4674.8492097,4674.848980066667,4675.8515251,4677.5898086,4677.3322008000005,,,,,,,BCI02,001,2025-12-12_10h20.03.735,CoSpeechGestures,,2025.1.1,59.95139141183242,2025-12-12 10h20.18.187367 -0600,
74,74,0,speech_gesture,images/speak_gesture.png,go,"cutting",audios/cutting.wav,videos/cutting_clip.mp4,arm,space,608.5885526000002,None,,,,,2,0,2,0,0,74,74,74,,,,,,,,,4677.5898086,,,,,,,,,,,,,,,,,,,,,,,,,,,,,,,,,,,,,,,,,,,,,,,,,,2.663076923076923,4677.5886279,4677.5898086,4679.3488318,4679.3488318,4680.3490255,4680.3490255,4680.848827566667,4682.5821657,4683.4555869,4683.4555869,4685.8488489,4685.8488489,4685.849315666666,4686.8493031,4688.5685373,4688.3328708,,,,,,,BCI02,001,2025-12-12_10h20.03.735,CoSpeechGestures,,2025.1.1,59.95139141183242,2025-12-12 10h20.18.187367 -0600,
75,75,0,speech,images/speak.png,go,"goodbye",audios/goodbye.wav,videos/goodbye_clip.mp4,wrist,space,608.5885526000002,None,,,,,2,0,2,0,0,75,75,75,,,,,,,,,4688.5685373,,,,,,,,,,,,,,,,,,,,,,,,,,,,,,,,,,,,,,,,,,,,,,,,,,1.0,4688.5673638,4688.5685373,4690.3494035,4690.3494035,4691.3491713,4691.3491713,4691.849522766666,4693.853719,4694.4698145,4694.4698145,4696.8495524,4696.8495524,4696.849372266666,4697.8493718,4699.6076707,4699.3327878,,,,,,,BCI02,001,2025-12-12_10h20.03.735,CoSpeechGestures,,2025.1.1,59.95139141183242,2025-12-12 10h20.18.187367 -0600,
76,76,0,speech_gesture,images/speak_gesture.png,go,"goodbye",audios/goodbye.wav,videos/goodbye_clip.mp4,wrist,space,608.5885526000002,None,,,,,2,0,2,0,0,76,76,76,,,,,,,,,4699.6076707,,,,,,,,,,,,,,,,,,,,,,,,,,,,,,,,,,,,,,,,,,,,,,,,,,2.663076923076923,4699.6045803,4699.6076707,4701.349534,4701.349534,4702.3490851,4702.3490851,4702.849491666667,4704.8495814,4705.4432875,4705.4432875,4707.8495455,4707.8495455,4707.849446966667,4708.8514444,4710.5793089,4710.3328857,,,,,,,BCI02,001,2025-12-12_10h20.03.735,CoSpeechGestures,,2025.1.1,59.95139141183242,2025-12-12 10h20.18.187367 -0600,
77,77,0,gesture,images/hand.png,go,"hang loose",audios/hangloose.wav,videos/hangloose_clip.mp4,digits,space,608.5885526000002,None,,,,,2,0,2,0,0,77,77,77,,,,,,,,,4710.5793089,,,,,,,,,,,,,,,,,,,,,,,,,,,,,,,,,,,,,,,,,,,,,,,,,,1.0,4710.5780736,4710.5793089,4712.3495875,4712.3495875,4713.3492447,4713.3492447,4713.848966766666,4715.4661683,4716.4389989,4716.4389989,4718.8494672,4718.8494672,4718.849460066666,4719.8515147,4721.5804604,4721.333065,,,,,,,BCI02,001,2025-12-12_10h20.03.735,CoSpeechGestures,,2025.1.1,59.95139141183242,2025-12-12 10h20.18.187367 -0600,
78,78,0,speech_gesture,images/speak_gesture.png,go,"bumpy",audios/bumpy.wav,videos/bumpy_clip.mp4,wrist,space,608.5885526000002,None,,,,,2,0,2,0,0,78,78,78,,,,,,,,,4721.5804604,,,,,,,,,,,,,,,,,,,,,,,,,,,,,,,,,,,,,,,,,,,,,,,,,,2.663076923076923,4721.5792553,4721.5804604,4723.3496089,4723.3496089,4724.3492478,4724.3492478,4724.849005566666,4726.6995905,4727.4671382,4727.4671382,4729.8496334,4729.8496334,4729.849492066666,4730.8536655,4732.5816412,4732.3330434,,,,,,,BCI02,001,2025-12-12_10h20.03.735,CoSpeechGestures,,2025.1.1,59.95139141183242,2025-12-12 10h20.18.187367 -0600,
79,79,0,gesture,images/hand.png,go,"peace",audios/peace.wav,videos/peace_clip.mp4,digits,space,608.5885526000002,None,,,,,2,0,2,0,0,79,79,79,,,,,,,,,4732.5816412,,,,,,,,,,,,,,,,,,,,,,,,,,,,,,,,,,,,,,,,,,,,,,,,,,1.0,4732.5803342,4732.5816412,4734.3495166,4734.3495166,4735.3492746,4735.3492746,4735.849062966667,4737.2157408,4738.4504244,4738.4504244,4740.8495839,4740.8495839,4740.849120766667,4741.8496129000005,4743.5571929,4743.3330941,,,,,,,BCI02,001,2025-12-12_10h20.03.735,CoSpeechGestures,,2025.1.1,59.95139141183242,2025-12-12 10h20.18.187367 -0600,
80,80,0,speech_gesture,images/speak_gesture.png,go,"outside",audios/outside.wav,videos/outside_clip.mp4,arm,space,608.5885526000002,None,,,,,2,0,2,0,0,80,80,80,,,,,,,,,4743.5571929,,,,,,,,,,,,,,,,,,,,,,,,,,,,,,,,,,,,,,,,,,,,,,,,,,2.663076923076923,4743.5559428,4743.5571929,4745.3496167,4745.3496167,4746.349353,4746.349353,4746.849141166666,4748.6491349,4749.4469153,4749.4469153,4751.8491172,4751.8491172,4751.849128366666,4752.8542158,4754.5801265,4754.333144,,,,,,,BCI02,001,2025-12-12_10h20.03.735,CoSpeechGestures,,2025.1.1,59.95139141183242,2025-12-12 10h20.18.187367 -0600,
81,81,0,gesture,images/hand.png,go,"sweeping",audios/sweeping.wav,videos/sweeping_clip.mp4,arm,space,608.5885526000002,None,,,,,2,0,2,0,0,81,81,81,,,,,,,,,4754.5801265,,,,,,,,,,,,,,,,,,,,,,,,,,,,,,,,,,,,,,,,,,,,,,,,,,1.0,4754.5788977,4754.5801265,4756.34979,4756.34979,4757.3493818,4757.3493818,4757.849216466667,4759.6491876,4760.4465817,4760.4465817,4762.8499939,4762.8499939,4762.849403866667,4763.8538672,4765.5793515,4765.3326562,,,,,,,BCI02,001,2025-12-12_10h20.03.735,CoSpeechGestures,,2025.1.1,59.95139141183242,2025-12-12 10h20.18.187367 -0600,
82,82,0,speech,images/speak.png,go,"good luck",audios/goodluck2.wav,videos/goodluck_clip.mp4,digits,space,608.5885526000002,None,,,,,2,0,2,0,0,82,82,82,,,,,,,,,4765.5793515,,,,,,,,,,,,,,,,,,,,,,,,,,,,,,,,,,,,,,,,,,,,,,,,,,1.0,4765.5782167,4765.5793515,4767.3494558,4767.3494558,4768.3494212,4768.3494212,4768.849255066666,4770.3328196,4771.4658971,4771.4658971,4773.8492843,4773.8492843,4773.849285866667,4774.8498125,4776.6040393,4776.3332081,,,,,,,BCI02,001,2025-12-12_10h20.03.735,CoSpeechGestures,,2025.1.1,59.95139141183242,2025-12-12 10h20.18.187367 -0600,
83,83,0,speech_gesture,images/speak_gesture.png,go,"what",audios/what.wav,videos/what_clip.mp4,wrist,space,608.5885526000002,None,,,,,2,0,2,0,0,83,83,83,,,,,,,,,4776.6040393,,,,,,,,,,,,,,,,,,,,,,,,,,,,,,,,,,,,,,,,,,,,,,,,,,2.663076923076923,4776.6024494,4776.6040393,4778.3497733,4778.3497733,4779.3502947,4779.3502947,4779.849338066667,4781.1993045,4782.4473399,4782.4473399,4784.8499363,4784.8499363,4784.849790066666,4785.8499612,4787.5490159,4787.3332763,,,,,,,BCI02,001,2025-12-12_10h20.03.735,CoSpeechGestures,,2025.1.1,59.95139141183242,2025-12-12 10h20.18.187367 -0600,
84,84,0,speech,images/speak.png,go,"sweeping",audios/sweeping.wav,videos/sweeping_clip.mp4,arm,space,608.5885526000002,None,,,,,2,0,2,0,0,84,84,84,,,,,,,,,4787.5490159,,,,,,,,,,,,,,,,,,,,,,,,,,,,,,,,,,,,,,,,,,,,,,,,,,1.0,4787.5477908,4787.5490159,4789.3492864,4789.3492864,4790.35024,4790.35024,4790.850020766667,4792.6500011,4793.4364011,4793.4364011,4795.8498541,4795.8498541,4795.849919266667,4796.8533751,4798.5962635,4798.3330501,,,,,,,BCI02,001,2025-12-12_10h20.03.735,CoSpeechGestures,,2025.1.1,59.95139141183242,2025-12-12 10h20.18.187367 -0600,
85,85,0,speech_gesture,images/speak_gesture.png,go,"yes",audios/yes.wav,videos/yes_clip.mp4,digits,space,608.5885526000002,None,,,,,2,0,2,0,0,85,85,85,,,,,,,,,4798.5962635,,,,,,,,,,,,,,,,,,,,,,,,,,,,,,,,,,,,,,,,,,,,,,,,,,2.663076923076923,4798.5946509,4798.5962635,4800.3499989,4800.3499989,4801.3496114,4801.3496114,4801.849436766666,4803.533387,4804.4318395,4804.4318395,4806.8499012,4806.8499012,4806.849916466666,4807.8494183,4809.6161336000005,4809.3333759,,,,,,,BCI02,001,2025-12-12_10h20.03.735,CoSpeechGestures,,2025.1.1,59.95139141183242,2025-12-12 10h20.18.187367 -0600,
86,86,0,gesture,images/hand.png,go,"cutting",audios/cutting.wav,videos/cutting_clip.mp4,arm,space,608.5885526000002,None,,,,,2,0,2,0,0,86,86,86,,,,,,,,,4809.6161336000005,,,,,,,,,,,,,,,,,,,,,,,,,,,,,,,,,,,,,,,,,,,,,,,,,,1.0,4809.6149369,4809.6161336000005,4811.349473,4811.349473,4812.3497329,4812.3497329,4812.849474866666,4814.58281,4815.4359548,4815.4359548,4817.8499428000005,4817.8499428000005,4817.849980066667,4818.8500009,4820.5879895,4820.3335297,,,,,,,BCI02,001,2025-12-12_10h20.03.735,CoSpeechGestures,,2025.1.1,59.95139141183242,2025-12-12 10h20.18.187367 -0600,
87,87,0,gesture,images/hand.png,go,"OK",audios/OK.wav,videos/ok_clip.mp4,digits,space,608.5885526000002,None,,,,,2,0,2,0,0,87,87,87,,,,,,,,,4820.5879895,,,,,,,,,,,,,,,,,,,,,,,,,,,,,,,,,,,,,,,,,,,,,,,,,,1.0,4820.5868771,4820.5879895,4822.3495232000005,4822.3495232000005,4823.3498141,4823.3498141,4823.849531266666,4825.0661958,4826.4384099,4826.4384099,4828.8494964,4828.8494964,4828.8500128666665,4829.852912,4831.5654865,4831.3334416,,,,,,,BCI02,001,2025-12-12_10h20.03.735,CoSpeechGestures,,2025.1.1,59.95139141183242,2025-12-12 10h20.18.187367 -0600,
88,88,0,speech,images/speak.png,go,"good luck",audios/goodluck2.wav,videos/goodluck_clip.mp4,digits,space,608.5885526000002,None,,,,,2,0,2,0,0,88,88,88,,,,,,,,,4831.5654865,,,,,,,,,,,,,,,,,,,,,,,,,,,,,,,,,,,,,,,,,,,,,,,,,,1.0,4831.5643529,4831.5654865,4833.3500223,4833.3500223,4834.3497265,4834.3497265,4834.850119966666,4836.3333737,4837.4438146,4837.4438146,4839.8500408,4839.8500408,4839.850028466666,4840.8526982,4842.5814794,4842.3334842,,,,,,,BCI02,001,2025-12-12_10h20.03.735,CoSpeechGestures,,2025.1.1,59.95139141183242,2025-12-12 10h20.18.187367 -0600,
89,89,0,gesture,images/hand.png,go,"yes",audios/yes.wav,videos/yes_clip.mp4,digits,space,608.5885526000002,None,,,,,2,0,2,0,0,89,89,89,,,,,,,,,4842.5814794,,,,,,,,,,,,,,,,,,,,,,,,,,,,,,,,,,,,,,,,,,,,,,,,,,1.0,4842.580333,4842.5814794,4844.3500921,4844.3500921,4845.3504171,4845.3504171,4845.849605066666,4847.5333935,4848.4354361,4848.4354361,4850.8502354,4850.8502354,4850.850096666666,4851.8501448,4853.5975309,4853.3335535,,,,,,,BCI02,001,2025-12-12_10h20.03.735,CoSpeechGestures,,2025.1.1,59.95139141183242,2025-12-12 10h20.18.187367 -0600,
90,90,0,speech,images/speak.png,go,"sweeping",audios/sweeping.wav,videos/sweeping_clip.mp4,arm,space,608.5885526000002,None,,,,,2,0,2,0,0,90,90,90,,,,,,,,,4853.5975309,,,,,,,,,,,,,,,,,,,,,,,,,,,,,,,,,,,,,,,,,,,,,,,,,,1.0,4853.5964022,4853.5975309,4855.3501788,4855.3501788,4856.3504032,4856.3504032,4856.849672266667,4858.6496587,4859.4493965,4859.4493965,4861.8496607,4861.8496607,4861.850177666666,4862.8497179,4864.5683196,4864.3331542,,,,,,,BCI02,001,2025-12-12_10h20.03.735,CoSpeechGestures,,2025.1.1,59.95139141183242,2025-12-12 10h20.18.187367 -0600,
91,91,0,speech,images/speak.png,go,"stop",audios/stop2.wav,videos/stop_clip.mp4,wrist,space,608.5885526000002,None,,,,,2,0,2,0,0,91,91,91,,,,,,,,,4864.5683196,,,,,,,,,,,,,,,,,,,,,,,,,,,,,,,,,,,,,,,,,,,,,,,,,,1.0,4864.5672157,4864.5683196,4866.3501999,4866.3501999,4867.3499234,4867.3499234,4867.849759666667,4869.4330528,4870.4524804,4870.4524804,4872.8502396,4872.8502396,4872.849760766667,4873.8502123,4875.579182,4875.3338055,,,,,,,BCI02,001,2025-12-12_10h20.03.735,CoSpeechGestures,,2025.1.1,59.95139141183242,2025-12-12 10h20.18.187367 -0600,
92,92,0,gesture,images/hand.png,go,"cutting",audios/cutting.wav,videos/cutting_clip.mp4,arm,space,608.5885526000002,None,,,,,2,0,2,0,0,92,92,92,,,,,,,,,4875.579182,,,,,,,,,,,,,,,,,,,,,,,,,,,,,,,,,,,,,,,,,,,,,,,,,,1.0,4875.5780746,4875.579182,4877.3503029,4877.3503029,4878.3505841,4878.3505841,4878.849824466666,4880.5838122000005,4881.4506861,4881.4506861,4883.8499252,4883.8499252,4883.849817366667,4884.8545652,4886.6009058,4886.3336895,,,,,,,BCI02,001,2025-12-12_10h20.03.735,CoSpeechGestures,,2025.1.1,59.95139141183242,2025-12-12 10h20.18.187367 -0600,
93,93,0,gesture,images/hand.png,go,"yes",audios/yes.wav,videos/yes_clip.mp4,digits,space,608.5885526000002,None,,,,,2,0,2,0,0,93,93,93,,,,,,,,,4886.6009058,,,,,,,,,,,,,,,,,,,,,,,,,,,,,,,,,,,,,,,,,,,,,,,,,,1.0,4886.599774,4886.6009058,4888.350531,4888.350531,4889.3500864,4889.3500864,4889.850122466666,4891.5331487,4892.4485294,4892.4485294,4894.8503565,4894.8503565,4894.849895666666,4895.8504506,4897.5549738,4897.3333345,,,,,,,BCI02,001,2025-12-12_10h20.03.735,CoSpeechGestures,,2025.1.1,59.95139141183242,2025-12-12 10h20.18.187367 -0600,
94,94,0,gesture,images/hand.png,go,"good luck",audios/goodluck2.wav,videos/goodluck_clip.mp4,digits,space,608.5885526000002,None,,,,,2,0,2,0,0,94,94,94,,,,,,,,,4897.5549738,,,,,,,,,,,,,,,,,,,,,,,,,,,,,,,,,,,,,,,,,,,,,,,,,,1.0,4897.5538624,4897.5549738,4899.3503761,4899.3503761,4900.3500763,4900.3500763,4900.849874866666,4902.3172177,4903.4381057,4903.4381057,4905.8499379,4905.8499379,4905.849929866667,4906.8499309,4908.5694214000005,4908.3338591,,,,,,,BCI02,001,2025-12-12_10h20.03.735,CoSpeechGestures,,2025.1.1,59.95139141183242,2025-12-12 10h20.18.187367 -0600,
95,95,0,speech_gesture,images/speak_gesture.png,go,"stop",audios/stop2.wav,videos/stop_clip.mp4,wrist,space,608.5885526000002,None,,,,,2,0,2,0,0,95,95,95,,,,,,,,,4908.5694214000005,,,,,,,,,,,,,,,,,,,,,,,,,,,,,,,,,,,,,,,,,,,,,,,,,,2.663076923076923,4908.5677935,4908.5694214000005,4910.3499463,4910.3499463,4911.3504054,4911.3504054,4911.849931666667,4913.43326,4914.4653653,4914.4653653,4916.8499972,4916.8499972,4916.850466166667,4917.8504167,4919.5870608000005,4919.3339213,,,,,,,BCI02,001,2025-12-12_10h20.03.735,CoSpeechGestures,,2025.1.1,59.95139141183242,2025-12-12 10h20.18.187367 -0600,
96,96,0,speech_gesture,images/speak_gesture.png,go,"what",audios/what.wav,videos/what_clip.mp4,wrist,space,608.5885526000002,None,,,,,2,0,2,0,0,96,96,96,,,,,,,,,4919.5870608000005,,,,,,,,,,,,,,,,,,,,,,,,,,,,,,,,,,,,,,,,,,,,,,,,,,2.663076923076923,4919.5861103,4919.5870608000005,4921.3504924,4921.3504924,4922.3502477,4922.3502477,4922.850027966667,4924.2000538,4925.445673,4925.445673,4927.8500524,4927.8500524,4927.850478766666,4928.8505688000005,4930.6043741,4930.3340816,,,,,,,BCI02,001,2025-12-12_10h20.03.735,CoSpeechGestures,,2025.1.1,59.95139141183242,2025-12-12 10h20.18.187367 -0600,
97,97,0,speech,images/speak.png,go,"good luck",audios/goodluck2.wav,videos/goodluck_clip.mp4,digits,space,608.5885526000002,None,,,,,2,0,2,0,0,97,97,97,,,,,,,,,4930.6043741,,,,,,,,,,,,,,,,,,,,,,,,,,,,,,,,,,,,,,,,,,,,,,,,,,1.0,4930.6014674,4930.6043741,4932.3505244,4932.3505244,4933.3502429,4933.3502429,4933.850027366667,4935.3333699,4936.445994,4936.445994,4938.8506315,4938.8506315,4938.850592866666,4939.8500954,4941.6204523,4941.3340366,,,,,,,BCI02,001,2025-12-12_10h20.03.735,CoSpeechGestures,,2025.1.1,59.95139141183242,2025-12-12 10h20.18.187367 -0600,
98,98,0,gesture,images/hand.png,go,"bumpy",audios/bumpy.wav,videos/bumpy_clip.mp4,wrist,space,608.5885526000002,None,,,,,2,0,2,0,0,98,98,98,,,,,,,,,4941.6204523,,,,,,,,,,,,,,,,,,,,,,,,,,,,,,,,,,,,,,,,,,,,,,,,,,1.0,4941.6193515,4941.6204523,4943.3505555,4943.3505555,4944.3503471,4944.3503471,4944.850136566666,4946.6839451,4947.4473392,4947.4473392,4949.850676,4949.850676,4949.850664466667,4950.8505933,4952.5649286,4952.3336017,,,,,,,BCI02,001,2025-12-12_10h20.03.735,CoSpeechGestures,,2025.1.1,59.95139141183242,2025-12-12 10h20.18.187367 -0600,
99,99,0,speech,images/speak.png,go,"outside",audios/outside.wav,videos/outside_clip.mp4,arm,space,608.5885526000002,None,,,,,2,0,2,0,0,99,99,99,,,,,,,,,4952.5649286,,,,,,,,,,,,,,,,,,,,,,,,,,,,,,,,,,,,,,,,,,,,,,,,,,1.0,4952.5638286,4952.5649286,4954.3506115,4954.3506115,4955.3503334,4955.3503334,4955.850159866666,4957.6506207,4958.4503031,4958.4503031,4960.8506287,4960.8506287,4960.8506308666665,4961.8501428,4963.5864336,4963.3340797,,,,,,,BCI02,001,2025-12-12_10h20.03.735,CoSpeechGestures,,2025.1.1,59.95139141183242,2025-12-12 10h20.18.187367 -0600,
100,100,0,gesture,images/hand.png,go,"outside",audios/outside.wav,videos/outside_clip.mp4,arm,space,608.5885526000002,None,,,,,2,0,2,0,0,100,100,100,,,,,,,,,4963.5864336,,,,,,,,,,,,,,,,,,,,,,,,,,,,,,,,,,,,,,,,,,,,,,,,,,1.0,4963.5853241,4963.5864336,4965.3506295,4965.3506295,4966.3504289,4966.3504289,4966.850260966667,4968.6502067,4969.4645614,4969.4645614,4971.8507574000005,4971.8507574000005,4971.850809366666,4972.8507086,4974.5820864,4974.3341536,,,,,,,BCI02,001,2025-12-12_10h20.03.735,CoSpeechGestures,,2025.1.1,59.95139141183242,2025-12-12 10h20.18.187367 -0600,
101,101,0,gesture,images/hand.png,go,"outside",audios/outside.wav,videos/outside_clip.mp4,arm,space,608.5885526000002,None,,,,,2,0,2,0,0,101,101,101,,,,,,,,,4974.5820864,,,,,,,,,,,,,,,,,,,,,,,,,,,,,,,,,,,,,,,,,,,,,,,,,,1.0,4974.5809432,4974.5820864,4976.3508269,4976.3508269,4977.3504373,4977.3504373,4977.850242066666,4979.6502431,4980.4619637,4980.4619637,4982.8502878,4982.8502878,4982.850789266667,4983.854091,4985.5906447,4985.3342231,,,,,,,BCI02,001,2025-12-12_10h20.03.735,CoSpeechGestures,,2025.1.1,59.95139141183242,2025-12-12 10h20.18.187367 -0600,
102,102,0,speech_no,images/speak.png,nogo,"hang loose",audios/hangloose.wav,videos/hangloose_clip.mp4,digits,space,608.5885526000002,None,,,,,2,0,2,0,0,102,102,102,,,,,,,,,4985.5906447,,,,,,,,,,,,,,,,,,,,,,,,,,,,,,,,,,,,,,,,,,,,,,,,,,1.0,4985.5894825,4985.5906447,4987.350381,4987.350381,4988.3512956,4988.3512956,4988.851037866666,4990.4843112,4991.4480578,4991.4480578,4993.8508084000005,4993.8508084000005,4993.850363466667,4994.8509706,4996.5758919,4996.3338222,,,,,,,BCI02,001,2025-12-12_10h20.03.735,CoSpeechGestures,,2025.1.1,59.95139141183242,2025-12-12 10h20.18.187367 -0600,
103,103,0,gesture,images/hand.png,go,"sweeping",audios/sweeping.wav,videos/sweeping_clip.mp4,arm,space,608.5885526000002,None,,,,,2,0,2,0,0,103,103,103,,,,,,,,,4996.5758919,,,,,,,,,,,,,,,,,,,,,,,,,,,,,,,,,,,,,,,,,,,,,,,,,,1.0,4996.5747648,4996.5758919,4998.3510627,4998.3510627,4999.3506096,4999.3506096,4999.850495766666,5001.650915,5002.4350219,5002.4350219,5004.8510282,5004.8510282,5004.850403066666,5005.8508743,5007.5967561,5007.334393,,,,,,,BCI02,001,2025-12-12_10h20.03.735,CoSpeechGestures,,2025.1.1,59.95139141183242,2025-12-12 10h20.18.187367 -0600,
104,104,0,speech_gesture,images/speak_gesture.png,go,"hang loose",audios/hangloose.wav,videos/hangloose_clip.mp4,digits,space,608.5885526000002,None,,,,,2,0,2,0,0,104,104,104,,,,,,,,,5007.5967561,,,,,,,,,,,,,,,,,,,,,,,,,,,,,,,,,,,,,,,,,,,,,,,,,,2.663076923076923,5007.5955157,5007.5967561,5009.3508777,5009.3508777,5010.3506833,5010.3506833,5010.8504895666665,5012.4842716,5013.4394015,5013.4394015,5015.8504647,5015.8504647,5015.850895966666,5016.8509684,5018.5946546000005,5018.3344849000005,,,,,,,BCI02,001,2025-12-12_10h20.03.735,CoSpeechGestures,,2025.1.1,59.95139141183242,2025-12-12 10h20.18.187367 -0600,
105,105,0,speech_gesture,images/speak_gesture.png,go,"peace",audios/peace.wav,videos/peace_clip.mp4,digits,space,608.5885526000002,None,,,,,2,0,2,0,0,105,105,105,,,,,,,,,5018.5946546000005,,,,,,,,,,,,,,,,,,,,,,,,,,,,,,,,,,,,,,,,,,,,,,,,,,2.663076923076923,5018.5932901,5018.5946546000005,5020.350926,5020.350926,5021.350745,5021.350745,5021.850470466667,5023.2343959,5024.4549699,5024.4549699,5026.8510456,5026.8510456,5026.850504366666,5027.8504862,5029.6025421,5029.3338991,,,,,,,BCI02,001,2025-12-12_10h20.03.735,CoSpeechGestures,,2025.1.1,59.95139141183242,2025-12-12 10h20.18.187367 -0600,
106,106,0,gesture,images/hand.png,go,"goodbye",audios/goodbye.wav,videos/goodbye_clip.mp4,wrist,space,608.5885526000002,None,,,,,2,0,2,0,0,106,106,106,,,,,,,,,5029.6025421,,,,,,,,,,,,,,,,,,,,,,,,,,,,,,,,,,,,,,,,,,,,,,,,,,1.0,5029.5992830000005,5029.6025421,5031.3511258,5031.3511258,5032.3507197,5032.3507197,5032.850517466666,5034.8505179,5035.4488014,5035.4488014,5037.8510277,5037.8510277,5037.851032766666,5038.851093,5040.5789993,5040.3340025,,,,,,,BCI02,001,2025-12-12_10h20.03.735,CoSpeechGestures,,2025.1.1,59.95139141183242,2025-12-12 10h20.18.187367 -0600,
107,107,0,speech,images/speak.png,go,"goodbye",audios/goodbye.wav,videos/goodbye_clip.mp4,wrist,space,608.5885526000002,None,,,,,2,0,2,0,0,107,107,107,,,,,,,,,5040.5789993,,,,,,,,,,,,,,,,,,,,,,,,,,,,,,,,,,,,,,,,,,,,,,,,,,1.0,5040.5778144,5040.5789993,5042.3509943,5042.3509943,5043.3507611,5043.3507611,5043.850618666666,5045.8512371,5046.4269073,5046.4269073,5048.8511397,5048.8511397,5048.851150466667,5049.8512604,5051.5648424,5051.3341507000005,,,,,,,BCI02,001,2025-12-12_10h20.03.735,CoSpeechGestures,,2025.1.1,59.95139141183242,2025-12-12 10h20.18.187367 -0600,
108,108,0,speech,images/speak.png,go,"peace",audios/peace.wav,videos/peace_clip.mp4,digits,space,608.5885526000002,None,,,,,2,0,2,0,0,108,108,108,,,,,,,,,5051.5648424,,,,,,,,,,,,,,,,,,,,,,,,,,,,,,,,,,,,,,,,,,,,,,,,,,1.0,5051.5636721,5051.5648424,5053.3511275,5053.3511275,5054.3508305,5054.3508305,5054.850655766666,5056.2179309,5057.4684795,5057.4684795,5059.850652,5059.850652,5059.851149066666,5060.8506762,5062.5952282,5062.3347376,,,,,,,BCI02,001,2025-12-12_10h20.03.735,CoSpeechGestures,,2025.1.1,59.95139141183242,2025-12-12 10h20.18.187367 -0600,
109,109,0,speech,images/speak.png,go,"hang loose",audios/hangloose.wav,videos/hangloose_clip.mp4,digits,space,608.5885526000002,None,,,,,2,0,2,0,0,109,109,109,,,,,,,,,5062.5952282,,,,,,,,,,,,,,,,,,,,,,,,,,,,,,,,,,,,,,,,,,,,,,,,,,1.0,5062.5940687,5062.5952282,5064.351232,5064.351232,5065.3508848,5065.3508848,5065.8506990666665,5067.4844812,5068.4473219,5068.4473219,5070.8513308,5070.8513308,5070.851152366667,5071.8511869,5073.5737188,5073.3345985,,,,,,,BCI02,001,2025-12-12_10h20.03.735,CoSpeechGestures,,2025.1.1,59.95139141183242,2025-12-12 10h20.18.187367 -0600,
110,110,0,gesture,images/hand.png,go,"what",audios/what.wav,videos/what_clip.mp4,wrist,space,608.5885526000002,None,,,,,2,0,2,0,0,110,110,110,,,,,,,,,5073.5737188,,,,,,,,,,,,,,,,,,,,,,,,,,,,,,,,,,,,,,,,,,,,,,,,,,1.0,5073.5726089,5073.5737188,5075.351249900001,5075.351249900001,5076.3509663,5076.3509663,5076.850735466667,5078.2007159,5079.469614899999,5079.469614899999,5081.8512195,5081.8512195,5081.851324366666,5082.8511824,5084.5978127,5084.3347914000005,,,,,,,BCI02,001,2025-12-12_10h20.03.735,CoSpeechGestures,,2025.1.1,59.95139141183242,2025-12-12 10h20.18.187367 -0600,
111,111,0,speech_gesture,images/speak_gesture.png,go,"good luck",audios/goodluck2.wav,videos/goodluck_clip.mp4,digits,space,608.5885526000002,None,,,,,2,0,2,0,0,111,111,111,,,,,,,,,5084.5978127,,,,,,,,,,,,,,,,,,,,,,,,,,,,,,,,,,,,,,,,,,,,,,,,,,2.663076923076923,5084.596551799999,5084.5978127,5086.3512501000005,5086.3512501000005,5087.3509779,5087.3509779,5087.850792966667,5089.334621800001,5090.4696874,5090.4696874,5092.8512639,5092.8512639,5092.851319366666,5093.8512740999995,5095.577885500001,5095.335423799999,,,,,,,BCI02,001,2025-12-12_10h20.03.735,CoSpeechGestures,,2025.1.1,59.95139141183242,2025-12-12 10h20.18.187367 -0600,
112,112,0,speech_gesture,images/speak_gesture.png,go,"stop",audios/stop2.wav,videos/stop_clip.mp4,wrist,space,608.5885526000002,None,,,,,2,0,2,0,0,112,112,112,,,,,,,,,5095.577885500001,,,,,,,,,,,,,,,,,,,,,,,,,,,,,,,,,,,,,,,,,,,,,,,,,,2.663076923076923,5095.5764545,5095.577885500001,5097.350831899999,5097.350831899999,5098.3516647,5098.3516647,5098.851129266666,5100.4346983,5101.4510532,5101.4510532,5103.8514460999995,5103.8514460999995,5103.851362266667,5104.8513815999995,5106.561713200001,5106.334940500001,,,,,,,BCI02,001,2025-12-12_10h20.03.735,CoSpeechGestures,,2025.1.1,59.95139141183242,2025-12-12 10h20.18.187367 -0600,
113,113,0,speech,images/speak.png,go,"yes",audios/yes.wav,videos/yes_clip.mp4,digits,space,608.5885526000002,None,,,,,2,0,2,0,0,113,113,113,,,,,,,,,5106.561713200001,,,,,,,,,,,,,,,,,,,,,,,,,,,,,,,,,,,,,,,,,,,,,,,,,,1.0,5106.560215699999,5106.561713200001,5108.3515216,5108.3515216,5109.3511925,5109.3511925,5109.850924466666,5111.5342341,5112.451067,5112.451067,5114.8513943,5114.8513943,5114.851419766666,5115.850950100001,5117.587629199999,5117.334917300001,,,,,,,BCI02,001,2025-12-12_10h20.03.735,CoSpeechGestures,,2025.1.1,59.95139141183242,2025-12-12 10h20.18.187367 -0600,
114,114,0,speech_gesture,images/speak_gesture.png,go,"stop",audios/stop2.wav,videos/stop_clip.mp4,wrist,space,608.5885526000002,None,,,,,2,0,2,0,0,114,114,114,,,,,,,,,5117.587629199999,,,,,,,,,,,,,,,,,,,,,,,,,,,,,,,,,,,,,,,,,,,,,,,,,,2.663076923076923,5117.586096200001,5117.587629199999,5119.351065700001,5119.351065700001,5120.3511665999995,5120.3511665999995,5120.850976266667,5122.434332999999,5123.436824599999,5123.436824599999,5125.8509911,5125.8509911,5125.851613966666,5126.850965,5128.4608959,5128.335000200001,,,,,,,BCI02,001,2025-12-12_10h20.03.735,CoSpeechGestures,,2025.1.1,59.95139141183242,2025-12-12 10h20.18.187367 -0600,
0,0,0,speech_gesture,images/speak_gesture.png,go,"what",audios/what.wav,videos/what_clip.mp4,wrist,space,580.3234493,None,,,,,3,0,3,0,0,0,0,0,,,,,,,,,5708.9121897,,,,,,,,,,,,,,,,,,,,,,,,,,,,,,,,,,,,,,,,,,,5128.4597355000005,5128.4608959,5128.4608959,5708.787863,space,580.3234493,None,2.663076923076923,5708.9104866,5708.9121897,5710.7876431,5710.7876431,5711.787383299999,5711.787383299999,5712.287199966666,5713.637863600001,5714.8983919,5714.8983919,5717.2871619,5717.2871619,5717.287678566667,5718.2907992,5720.0215369,5719.771198799999,,,,,,,BCI02,001,2025-12-12_10h20.03.735,CoSpeechGestures,,2025.1.1,59.95139141183242,2025-12-12 10h20.18.187367 -0600,
1,1,0,speech,images/speak.png,go,"peace",audios/peace.wav,videos/peace_clip.mp4,digits,space,580.3234493,None,,,,,3,0,3,0,0,1,1,1,,,,,,,,,5720.0215369,,,,,,,,,,,,,,,,,,,,,,,,,,,,,,,,,,,,,,,,,,,,,,,,,,1.0,5720.0203034999995,5720.0215369,5721.7877059,5721.7877059,5722.7874902,5722.7874902,5723.287261766667,5724.6543912,5725.893609500001,5725.893609500001,5728.2874068,5728.2874068,5728.287279566666,5729.287765499999,5731.0015549,5730.7712016000005,,,,,,,BCI02,001,2025-12-12_10h20.03.735,CoSpeechGestures,,2025.1.1,59.95139141183242,2025-12-12 10h20.18.187367 -0600,
2,2,0,speech,images/speak.png,go,"hang loose",audios/hangloose.wav,videos/hangloose_clip.mp4,digits,space,580.3234493,None,,,,,3,0,3,0,0,2,2,2,,,,,,,,,5731.0015549,,,,,,,,,,,,,,,,,,,,,,,,,,,,,,,,,,,,,,,,,,,,,,,,,,1.0,5731.0004408,5731.0015549,5732.7877701,5732.7877701,5733.7874653,5733.7874653,5734.287261366666,5735.9046607,5736.8824380999995,5736.8824380999995,5739.287854300001,5739.287854300001,5739.287758166667,5740.2878342,5742.0260383,5741.7712544999995,,,,,,,BCI02,001,2025-12-12_10h20.03.735,CoSpeechGestures,,2025.1.1,59.95139141183242,2025-12-12 10h20.18.187367 -0600,
3,3,0,speech_gesture,images/speak_gesture.png,go,"bumpy",audios/bumpy.wav,videos/bumpy_clip.mp4,wrist,space,580.3234493,None,,,,,3,0,3,0,0,3,3,3,,,,,,,,,5742.0260383,,,,,,,,,,,,,,,,,,,,,,,,,,,,,,,,,,,,,,,,,,,,,,,,,,2.663076923076923,5742.0248102000005,5742.0260383,5743.7873007,5743.7873007,5744.787513200001,5744.787513200001,5745.287330666666,5747.121365700001,5747.8760905,5747.8760905,5750.2881251,5750.2881251,5750.2878808666665,5751.287950600001,5753.025868500001,5752.771299399999,,,,,,,BCI02,001,2025-12-12_10h20.03.735,CoSpeechGestures,,2025.1.1,59.95139141183242,2025-12-12 10h20.18.187367 -0600,
4,4,0,gesture,images/hand.png,go,"good luck",audios/goodluck2.wav,videos/goodluck_clip.mp4,digits,space,580.3234493,None,,,,,3,0,3,0,0,4,4,4,,,,,,,,,5753.025868500001,,,,,,,,,,,,,,,,,,,,,,,,,,,,,,,,,,,,,,,,,,,,,,,,,,1.0,5753.0246713,5753.025868500001,5754.787888299999,5754.787888299999,5755.7876461,5755.7876461,5756.287379166666,5757.7712842,5758.904860299999,5758.904860299999,5761.287917199999,5761.287917199999,5761.287957966666,5762.2879397,5764.040575700001,5763.7715100000005,,,,,,,BCI02,001,2025-12-12_10h20.03.735,CoSpeechGestures,,2025.1.1,59.95139141183242,2025-12-12 10h20.18.187367 -0600,
5,5,0,speech,images/speak.png,go,"OK,audios/OK.wav,videos/ok_clip.mp4,digits,space,580.3234493,None,,,,,3,0,3,0,0,5,5,5,,,,,,,,,5764.040575700001,,,,,,,,,,,,,,,,,,,,,,,,,,,,,,,,,,,,,,,,,,,,,,,,,,1.0,5764.0382353,5764.040575700001,5765.787545900001,5765.787545900001,5766.7877424,5766.7877424,5767.287603266666,5768.5043098999995,5769.8768882,5769.8768882,5772.287601800001,5772.287601800001,5772.287733766667,5773.2876134,5775.027822599999,5774.771055699999,,,,,,,BCI02,001,2025-12-12_10h20.03.735,CoSpeechGestures,,2025.1.1,59.95139141183242,2025-12-12 10h20.18.187367 -0600,
6,6,0,gesture,images/hand.png,go,"peace",audios/peace.wav,videos/peace_clip.mp4,digits,space,580.3234493,None,,,,,3,0,3,0,0,6,6,6,,,,,,,,,5775.027822599999,,,,,,,,,,,,,,,,,,,,,,,,,,,,,,,,,,,,,,,,,,,,,,,,,,1.0,5775.026673599999,5775.027822599999,5776.7874594,5776.7874594,5777.787676800001,5777.787676800001,5778.287996866666,5779.6543925000005,5780.8860133,5780.8860133,5783.2881512,5783.2881512,5783.288058166667,5784.288036800001,5786.0126743,5785.771526799999,,,,,,,BCI02,001,2025-12-12_10h20.03.735,CoSpeechGestures,,2025.1.1,59.95139141183242,2025-12-12 10h20.18.187367 -0600,
7,7,0,gesture,images/hand.png,go,"goodbye",audios/goodbye.wav,videos/goodbye_clip.mp4,wrist,space,580.3234493,None,,,,,3,0,3,0,0,7,7,7,,,,,,,,,5786.0126743,,,,,,,,,,,,,,,,,,,,,,,,,,,,,,,,,,,,,,,,,,,,,,,,,,1.0,5786.011484799999,5786.0126743,5787.7881696,5787.7881696,5788.7877118,5788.7877118,5789.287576266666,5791.287558800001,5791.884399099999,5791.884399099999,5794.2882281,5794.2882281,5794.288038866667,5795.2917237,5797.0144777000005,5796.771700400001,,,,,,,BCI02,001,2025-12-12_10h20.03.735,CoSpeechGestures,,2025.1.1,59.95139141183242,2025-12-12 10h20.18.187367 -0600,
8,8,0,speech,images/speak.png,go,"goodbye",audios/goodbye.wav,videos/goodbye_clip.mp4,wrist,space,580.3234493,None,,,,,3,0,3,0,0,8,8,8,,,,,,,,,5797.0144777000005,,,,,,,,,,,,,,,,,,,,,,,,,,,,,,,,,,,,,,,,,,,,,,,,,,1.0,5797.0122713,5797.0144777000005,5798.7880841999995,5798.7880841999995,5799.7884030000005,5799.7884030000005,5800.288082466666,5802.288060999999,5802.871696100001,5802.871696100001,5805.2881098,5805.2881098,5805.288244566667,5806.288123300001,5808.0393934,5807.7717121999995,,,,,,,BCI02,001,2025-12-12_10h20.03.735,CoSpeechGestures,,2025.1.1,59.95139141183242,2025-12-12 10h20.18.187367 -0600,
9,9,0,speech_gesture_no,images/speak_gesture.png,nogo,"outside",audios/outside.wav,videos/outside_clip.mp4,arm,space,580.3234493,None,,,,,3,0,3,0,0,9,9,9,,,,,,,,,5808.0393934,,,,,,,,,,,,,,,,,,,,,,,,,,,,,,,,,,,,,,,,,,,,,,,,,,2.663076923076923,5808.037642900001,5808.0393934,5809.7881084,5809.7881084,5810.787853600001,5810.787853600001,5811.288129666666,5813.0882736,5813.885152700001,5813.885152700001,5816.2881492,5816.2881492,5816.288150866667,5817.2881688,5819.039185,5818.771635499999,,,,,,,BCI02,001,2025-12-12_10h20.03.735,CoSpeechGestures,,2025.1.1,59.95139141183242,2025-12-12 10h20.18.187367 -0600,
10,10,0,speech,images/speak.png,go,"good luck",audios/goodluck2.wav,videos/goodluck_clip.mp4,digits,space,580.3234493,None,,,,,3,0,3,0,0,10,10,10,,,,,,,,,5819.039185,,,,,,,,,,,,,,,,,,,,,,,,,,,,,,,,,,,,,,,,,,,,,,,,,,1.0,5819.0378908,5819.039185,5820.787749700001,5820.787749700001,5821.7886566,5821.7886566,5822.2877401666665,5823.7714903,5824.8741279999995,5824.8741279999995,5827.2883076,5827.2883076,5827.288358366666,5828.288245199999,5830.024486300001,5829.7718549,,,,,,,BCI02,001,2025-12-12_10h20.03.735,CoSpeechGestures,,2025.1.1,59.95139141183242,2025-12-12 10h20.18.187367 -0600,
11,11,0,speech,images/speak.png,go,"stop",audios/stop2.wav,videos/stop_clip.mp4,wrist,space,580.3234493,None,,,,,3,0,3,0,0,11,11,11,,,,,,,,,5830.024486300001,,,,,,,,,,,,,,,,,,,,,,,,,,,,,,,,,,,,,,,,,,,,,,,,,,1.0,5830.0222398000005,5830.024486300001,5831.788429099999,5831.788429099999,5832.7880341,5832.7880341,5833.287800566666,5834.871143300001,5835.8731978,5835.8731978,5838.2883014,5838.2883014,5838.287837166667,5839.2884307,5841.054344300001,5840.7718879,,,,,,,BCI02,001,2025-12-12_10h20.03.735,CoSpeechGestures,,2025.1.1,59.95139141183242,2025-12-12 10h20.18.187367 -0600,
12,12,0,speech_gesture,images/speak_gesture.png,go,"goodbye",audios/goodbye.wav,videos/goodbye_clip.mp4,wrist,space,580.3234493,None,,,,,3,0,3,0,0,12,12,12,,,,,,,,,5841.054344300001,,,,,,,,,,,,,,,,,,,,,,,,,,,,,,,,,,,,,,,,,,,,,,,,,,2.663076923076923,5841.05308,5841.054344300001,5842.788421200001,5842.788421200001,5843.7879921,5843.7879921,5844.2878519666665,5846.2877825,5846.902064100001,5846.902064100001,5849.288524199999,5849.288524199999,5849.287920866667,5850.2878979,5852.012665800001,5851.7713186,,,,,,,BCI02,001,2025-12-12_10h20.03.735,CoSpeechGestures,,2025.1.1,59.95139141183242,2025-12-12 10h20.18.187367 -0600,
13,13,0,speech,images/speak.png,go,"peace",audios/peace.wav,videos/peace_clip.mp4,digits,space,580.3234493,None,,,,,3,0,3,0,0,13,13,13,,,,,,,,,5852.012665800001,,,,,,,,,,,,,,,,,,,,,,,,,,,,,,,,,,,,,,,,,,,,,,,,,,1.0,5852.011443199999,5852.012665800001,5853.788372000001,5853.788372000001,5854.788706400001,5854.788706400001,5855.287909966666,5856.6545453,5857.886569300001,5857.886569300001,5860.287929,5860.287929,5860.287917166666,5861.2885871,5863.012316800001,5862.7718415,,,,,,,BCI02,001,2025-12-12_10h20.03.735,CoSpeechGestures,,2025.1.1,59.95139141183242,2025-12-12 10h20.18.187367 -0600,
14,14,0,speech,images/speak.png,go,"what",audios/what.wav,videos/what_clip.mp4,wrist,space,580.3234493,None,,,,,3,0,3,0,0,14,14,14,,,,,,,,,5863.012316800001,,,,,,,,,,,,,,,,,,,,,,,,,,,,,,,,,,,,,,,,,,,,,,,,,,1.0,5863.010098500001,5863.012316800001,5864.7884118,5864.7884118,5865.788739199999,5865.788739199999,5866.287935866667,5867.6379619,5868.888779000001,5868.888779000001,5871.287971199999,5871.287971199999,5871.287982766666,5872.288456099999,5874.0535447,5873.771893900001,,,,,,,BCI02,001,2025-12-12_10h20.03.735,CoSpeechGestures,,2025.1.1,59.95139141183242,2025-12-12 10h20.18.187367 -0600,
15,15,0,speech_gesture,images/speak_gesture.png,go,"hang loose",audios/hangloose.wav,videos/hangloose_clip.mp4,digits,space,580.3234493,None,,,,,3,0,3,0,0,15,15,15,,,,,,,,,5874.0535447,,,,,,,,,,,,,,,,,,,,,,,,,,,,,,,,,,,,,,,,,,,,,,,,,,2.663076923076923,5874.0519611,5874.0535447,5875.788004100001,5875.788004100001,5876.788222200001,5876.788222200001,5877.288005766666,5878.9218112,5879.883191499999,5879.883191499999,5882.288042100001,5882.288042100001,5882.287984166667,5883.2886034,5885.000838800001,5884.7714676,,,,,,,BCI02,001,2025-12-12_10h20.03.735,CoSpeechGestures,,2025.1.1,59.95139141183242,2025-12-12 10h20.18.187367 -0600,
16,16,0,speech_gesture,images/speak_gesture.png,go,"cutting",audios/cutting.wav,videos/cutting_clip.mp4,arm,space,580.3234493,None,,,,,3,0,3,0,0,16,16,16,,,,,,,,,5885.000838800001,,,,,,,,,,,,,,,,,,,,,,,,,,,,,,,,,,,,,,,,,,,,,,,,,,2.663076923076923,5884.999888,5885.000838800001,5886.788077699999,5886.788077699999,5887.7882462,5887.7882462,5888.288636766667,5890.0213902,5890.8779139,5890.8779139,5893.2885931,5893.2885931,5893.288026666667,5894.288572699999,5896.037273800001,5895.7722127,,,,,,,BCI02,001,2025-12-12_10h20.03.735,CoSpeechGestures,,2025.1.1,59.95139141183242,2025-12-12 10h20.18.187367 -0600,
17,17,0,speech_gesture_no,images/speak_gesture.png,nogo,"what",audios/what.wav,videos/what_clip.mp4,wrist,space,580.3234493,None,,,,,3,0,3,0,0,17,17,17,,,,,,,,,5896.037273800001,,,,,,,,,,,,,,,,,,,,,,,,,,,,,,,,,,,,,,,,,,,,,,,,,,2.663076923076923,5896.0335115,5896.037273800001,5897.7885733,5897.7885733,5898.7890529,5898.7890529,5899.288111466667,5900.6380711,5901.8939064999995,5901.8939064999995,5904.288288399999,5904.288288399999,5904.288089366666,5905.2881560999995,5907.022330899999,5906.7720622,,,,,,,BCI02,001,2025-12-12_10h20.03.735,CoSpeechGestures,,2025.1.1,59.95139141183242,2025-12-12 10h20.18.187367 -0600,
18,18,0,gesture,images/hand.png,go,"outside",audios/outside.wav,videos/outside_clip.mp4,arm,space,580.3234493,None,,,,,3,0,3,0,0,18,18,18,,,,,,,,,5907.022330899999,,,,,,,,,,,,,,,,,,,,,,,,,,,,,,,,,,,,,,,,,,,,,,,,,,1.0,5907.021048500001,5907.022330899999,5908.7881645,5908.7881645,5909.788315,5909.788315,5910.288395266667,5912.0886009999995,5912.8709884,5912.8709884,5915.288643899999,5915.288643899999,5915.288182766666,5916.2886765,5918.022206600001,5917.7720355,,,,,,,BCI02,001,2025-12-12_10h20.03.735,CoSpeechGestures,,2025.1.1,59.95139141183242,2025-12-12 10h20.18.187367 -0600,
19,19,0,speech_gesture,images/speak_gesture.png,go,"sweeping",audios/sweeping.wav,videos/sweeping_clip.mp4,arm,space,580.3234493,None,,,,,3,0,3,0,0,19,19,19,,,,,,,,,5918.022206600001,,,,,,,,,,,,,,,,,,,,,,,,,,,,,,,,,,,,,,,,,,,,,,,,,,2.663076923076923,5918.020950800001,5918.022206600001,5919.7886948,5919.7886948,5920.788457000001,5920.788457000001,5921.2882033666665,5923.088666600001,5923.8960756,5923.8960756,5926.2889233000005,5926.2889233000005,5926.288757666667,5927.2884581,5929.0317443,5928.7721779,,,,,,,BCI02,001,2025-12-12_10h20.03.735,CoSpeechGestures,,2025.1.1,59.95139141183242,2025-12-12 10h20.18.187367 -0600,
20,20,0,speech,images/speak.png,go,"yes",audios/yes.wav,videos/yes_clip.mp4,digits,space,580.3234493,None,,,,,3,0,3,0,0,20,20,20,,,,,,,,,5929.0317443,,,,,,,,,,,,,,,,,,,,,,,,,,,,,,,,,,,,,,,,,,,,,,,,,,1.0,5929.0288299,5929.0317443,5930.788642400001,5930.788642400001,5931.788398799999,5931.788398799999,5932.288764466666,5933.9720505000005,5934.880934299999,5934.880934299999,5937.2887589,5937.2887589,5937.288910266667,5938.2887343,5940.016903199999,5939.772252299999,,,,,,,BCI02,001,2025-12-12_10h20.03.735,CoSpeechGestures,,2025.1.1,59.95139141183242,2025-12-12 10h20.18.187367 -0600,
21,21,0,gesture,images/hand.png,go,"stop",audios/stop2.wav,videos/stop_clip.mp4,wrist,space,580.3234493,None,,,,,3,0,3,0,0,21,21,21,,,,,,,,,5940.016903199999,,,,,,,,,,,,,,,,,,,,,,,,,,,,,,,,,,,,,,,,,,,,,,,,,,1.0,5940.015765599999,5940.016903199999,5941.788914500001,5941.788914500001,5942.7885898,5942.7885898,5943.289020166667,5944.8716838,5945.8847353,5945.8847353,5948.288377000001,5948.288377000001,5948.288840866666,5949.288823000001,5951.0231635,5950.7717577,,,,,,,BCI02,001,2025-12-12_10h20.03.735,CoSpeechGestures,,2025.1.1,59.95139141183242,2025-12-12 10h20.18.187367 -0600,
22,22,0,gesture,images/hand.png,go,"stop",audios/stop2.wav,videos/stop_clip.mp4,wrist,space,580.3234493,None,,,,,3,0,3,0,0,22,22,22,,,,,,,,,5951.0231635,,,,,,,,,,,,,,,,,,,,,,,,,,,,,,,,,,,,,,,,,,,,,,,,,,1.0,5951.022035399999,5951.0231635,5952.7884001,5952.7884001,5953.7891734,5953.7891734,5954.288357866666,5955.8716805,5956.876448499999,5956.876448499999,5959.289035100001,5959.289035100001,5959.288864466667,5960.2883982,5962.0231373999995,5961.7723334,,,,,,,BCI02,001,2025-12-12_10h20.03.735,CoSpeechGestures,,2025.1.1,59.95139141183242,2025-12-12 10h20.18.187367 -0600,
23,23,0,speech_gesture,images/speak_gesture.png,go,"outside",audios/outside.wav,videos/outside_clip.mp4,arm,space,580.3234493,None,,,,,3,0,3,0,0,23,23,23,,,,,,,,,5962.0231373999995,,,,,,,,,,,,,,,,,,,,,,,,,,,,,,,,,,,,,,,,,,,,,,,,,,2.663076923076923,5962.0199252,5962.0231373999995,5963.789033200001,5963.789033200001,5964.7886447,5964.7886447,5965.288417566666,5967.0888985,5967.887212199999,5967.887212199999,5970.288947999999,5970.288947999999,5970.288935866667,5971.288938400001,5973.019440399999,5972.772411800001,,,,,,,BCI02,001,2025-12-12_10h20.03.735,CoSpeechGestures,,2025.1.1,59.95139141183242,2025-12-12 10h20.18.187367 -0600,
24,24,0,gesture,images/hand.png,go,"OK",audios/OK.wav,videos/ok_clip.mp4,digits,space,580.3234493,None,,,,,3,0,3,0,0,24,24,24,,,,,,,,,5973.019440399999,,,,,,,,,,,,,,,,,,,,,,,,,,,,,,,,,,,,,,,,,,,,,,,,,,1.0,5973.0181938000005,5973.019440399999,5974.789099899999,5974.789099899999,5975.7887001,5975.7887001,5976.288537966666,5977.505137800001,5978.882783499999,5978.882783499999,5981.2890296000005,5981.2890296000005,5981.289003466667,5982.289287899999,5984.0453982,5983.771958200001,,,,,,,BCI02,001,2025-12-12_10h20.03.735,CoSpeechGestures,,2025.1.1,59.95139141183242,2025-12-12 10h20.18.187367 -0600,
25,25,0,speech_gesture,images/speak_gesture.png,go,"cutting",audios/cutting.wav,videos/cutting_clip.mp4,arm,space,580.3234493,None,,,,,3,0,3,0,0,25,25,25,,,,,,,,,5984.0453982,,,,,,,,,,,,,,,,,,,,,,,,,,,,,,,,,,,,,,,,,,,,,,,,,,2.663076923076923,5984.044115999999,5984.0453982,5985.7889966,5985.7889966,5986.789226299999,5986.789226299999,5987.288534766667,5989.021857399999,5989.896540899999,5989.896540899999,5992.2890479,5992.2890479,5992.289169366666,5993.289053099999,5995.018663999999,5994.772031,,,,,,,BCI02,001,2025-12-12_10h20.03.735,CoSpeechGestures,,2025.1.1,59.95139141183242,2025-12-12 10h20.18.187367 -0600,
26,26,0,speech,images/speak.png,go,"cutting",audios/cutting.wav,videos/cutting_clip.mp4,arm,space,580.3234493,None,,,,,3,0,3,0,0,26,26,26,,,,,,,,,5995.018663999999,,,,,,,,,,,,,,,,,,,,,,,,,,,,,,,,,,,,,,,,,,,,,,,,,,1.0,5995.0143757999995,5995.018663999999,5996.7885898,5996.7885898,5997.7895083,5997.7895083,5998.288865966666,6000.022568300001,6000.8864433,6000.8864433,6003.2891354,6003.2891354,6003.289046966667,6004.2890288,6006.021424299999,6005.772115600001,,,,,,,BCI02,001,2025-12-12_10h20.03.735,CoSpeechGestures,,2025.1.1,59.95139141183242,2025-12-12 10h20.18.187367 -0600,
27,27,0,gesture,images/hand.png,go,"OK",audios/OK.wav,videos/ok_clip.mp4,digits,space,580.3234493,None,,,,,3,0,3,0,0,27,27,27,,,,,,,,,6006.021424299999,,,,,,,,,,,,,,,,,,,,,,,,,,,,,,,,,,,,,,,,,,,,,,,,,,1.0,6006.020214599999,6006.021424299999,6007.788609900001,6007.788609900001,6008.7888306,6008.7888306,6009.289382866666,6010.5053498,6011.887343099999,6011.887343099999,6014.289157900001,6014.289157900001,6014.289233066667,6015.2892374,6017.0439049,6016.772566600001,,,,,,,BCI02,001,2025-12-12_10h20.03.735,CoSpeechGestures,,2025.1.1,59.95139141183242,2025-12-12 10h20.18.187367 -0600,
28,28,0,speech,images/speak.png,go,"good luck",audios/goodluck2.wav,videos/goodluck_clip.mp4,digits,space,580.3234493,None,,,,,3,0,3,0,0,28,28,28,,,,,,,,,6017.0439049,,,,,,,,,,,,,,,,,,,,,,,,,,,,,,,,,,,,,,,,,,,,,,,,,,1.0,6017.0427925,6017.0439049,6018.788703,6018.788703,6019.7889626,6019.7889626,6020.288773466666,6021.772032999999,6022.8795555,6022.8795555,6025.288680899999,6025.288680899999,6025.289212066666,6026.289218399999,6028.048006700001,6027.7721807,,,,,,,BCI02,001,2025-12-12_10h20.03.735,CoSpeechGestures,,2025.1.1,59.95139141183242,2025-12-12 10h20.18.187367 -0600,
29,29,0,speech_gesture,images/speak_gesture.png,go,"yes",audios/yes.wav,videos/yes_clip.mp4,digits,space,580.3234493,None,,,,,3,0,3,0,0,29,29,29,,,,,,,,,6028.048006700001,,,,,,,,,,,,,,,,,,,,,,,,,,,,,,,,,,,,,,,,,,,,,,,,,,2.663076923076923,6028.0451125,6028.048006700001,6029.788964200001,6029.788964200001,6030.7890032,6030.7890032,6031.288844566667,6032.972174099999,6033.8816308000005,6033.8816308000005,6036.2889275,6036.2889275,6036.288911966667,6037.288894900001,6039.030932,6038.7723202,,,,,,,BCI02,001,2025-12-12_10h20.03.735,CoSpeechGestures,,2025.1.1,59.95139141183242,2025-12-12 10h20.18.187367 -0600,
30,30,0,gesture,images/hand.png,go,"hang loose",audios/hangloose.wav,videos/hangloose_clip.mp4,digits,space,580.3234493,None,,,,,3,0,3,0,0,30,30,30,,,,,,,,,6039.030932,,,,,,,,,,,,,,,,,,,,,,,,,,,,,,,,,,,,,,,,,,,,,,,,,,1.0,6039.0296769,6039.030932,6040.7888869,6040.7888869,6041.7890707999995,6041.7890707999995,6042.288913666667,6043.9222228,6044.907058299999,6044.907058299999,6047.288908,6047.288908,6047.288945366667,6048.288841199999,6050.0242232,6049.7724278000005,,,,,,,BCI02,001,2025-12-12_10h20.03.735,CoSpeechGestures,,2025.1.1,59.95139141183242,2025-12-12 10h20.18.187367 -0600,
31,31,0,speech,images/speak.png,go,"sweeping",audios/sweeping.wav,videos/sweeping_clip.mp4,arm,space,580.3234493,None,,,,,3,0,3,0,0,31,31,31,,,,,,,,,6050.0242232,,,,,,,,,,,,,,,,,,,,,,,,,,,,,,,,,,,,,,,,,,,,,,,,,,1.0,6050.0230691,6050.0242232,6051.7890128,6051.7890128,6052.7891442,6052.7891442,6053.289366866666,6055.0889926,6055.897830100001,6055.897830100001,6058.288967,6058.288967,6058.288951666667,6059.289146700001,6061.0367234000005,6060.7724963,,,,,,,BCI02,001,2025-12-12_10h20.03.735,CoSpeechGestures,,2025.1.1,59.95139141183242,2025-12-12 10h20.18.187367 -0600,
32,32,0,speech_gesture,images/speak_gesture.png,go,"what",audios/what.wav,videos/what_clip.mp4,wrist,space,580.3234493,None,,,,,3,0,3,0,0,32,32,32,,,,,,,,,6061.0367234000005,,,,,,,,,,,,,,,,,,,,,,,,,,,,,,,,,,,,,,,,,,,,,,,,,,2.663076923076923,6061.031754899999,6061.0367234000005,6062.789056899999,6062.789056899999,6063.789289599999,6063.789289599999,6064.289109166666,6065.639107200001,6066.9105143,6066.9105143,6069.2891968,6069.2891968,6069.289102366667,6070.2890723,6072.024052299999,6071.7726231,,,,,,,BCI02,001,2025-12-12_10h20.03.735,CoSpeechGestures,,2025.1.1,59.95139141183242,2025-12-12 10h20.18.187367 -0600,
33,33,0,gesture,images/hand.png,go,"goodbye",audios/goodbye.wav,videos/goodbye_clip.mp4,wrist,space,580.3234493,None,,,,,3,0,3,0,0,33,33,33,,,,,,,,,6072.024052299999,,,,,,,,,,,,,,,,,,,,,,,,,,,,,,,,,,,,,,,,,,,,,,,,,,1.0,6072.0227125,6072.024052299999,6073.7891199000005,6073.7891199000005,6074.7892919999995,6074.7892919999995,6075.289089666667,6077.290786699999,6077.8853332,6077.8853332,6080.289112,6080.289112,6080.289170966666,6081.289121899999,6083.038268300001,6082.7725792,,,,,,,BCI02,001,2025-12-12_10h20.03.735,CoSpeechGestures,,2025.1.1,59.95139141183242,2025-12-12 10h20.18.187367 -0600,
34,34,0,speech,images/speak.png,go,"sweeping",audios/sweeping.wav,videos/sweeping_clip.mp4,arm,space,580.3234493,None,,,,,3,0,3,0,0,34,34,34,,,,,,,,,6083.038268300001,,,,,,,,,,,,,,,,,,,,,,,,,,,,,,,,,,,,,,,,,,,,,,,,,,1.0,6083.037081300001,6083.038268300001,6084.789133300001,6084.789133300001,6085.789424500001,6085.789424500001,6086.289153966667,6088.0891857999995,6088.8779245000005,6088.8779245000005,6091.2892102000005,6091.2892102000005,6091.289190666666,6092.2891463,6094.0361907999995,6093.772609400001,,,,,,,BCI02,001,2025-12-12_10h20.03.735,CoSpeechGestures,,2025.1.1,59.95139141183242,2025-12-12 10h20.18.187367 -0600,
35,35,0,speech_gesture,images/speak_gesture.png,go,"hang loose",audios/hangloose.wav,videos/hangloose_clip.mp4,digits,space,580.3234493,None,,,,,3,0,3,0,0,35,35,35,,,,,,,,,6094.0361907999995,,,,,,,,,,,,,,,,,,,,,,,,,,,,,,,,,,,,,,,,,,,,,,,,,,2.663076923076923,6094.0332548999995,6094.0361907999995,6095.7893219,6095.7893219,6096.7893877999995,6096.7893877999995,6097.289188666666,6098.9225317,6099.8837955,6099.8837955,6102.289208599999,6102.289208599999,6102.289223466667,6103.289204799999,6105.0366799,6104.772708500001,,,,,,,BCI02,001,2025-12-12_10h20.03.735,CoSpeechGestures,,2025.1.1,59.95139141183242,2025-12-12 10h20.18.187367 -0600,
36,36,0,speech_gesture,images/speak_gesture.png,go,"peace",audios/peace.wav,videos/peace_clip.mp4,digits,space,580.3234493,None,,,,,3,0,3,0,0,36,36,36,,,,,,,,,6105.0366799,,,,,,,,,,,,,,,,,,,,,,,,,,,,,,,,,,,,,,,,,,,,,,,,,,2.663076923076923,6105.035294699999,6105.0366799,6106.7893275999995,6106.7893275999995,6107.789454,6107.789454,6108.289234066666,6109.6560549000005,6110.883067299999,6110.883067299999,6113.289398999999,6113.289398999999,6113.289272966667,6114.289247999999,6116.0116208,6115.772757299999,,,,,,,BCI02,001,2025-12-12_10h20.03.735,CoSpeechGestures,,2025.1.1,59.95139141183242,2025-12-12 10h20.18.187367 -0600,
37,37,0,speech_gesture,images/speak_gesture.png,go,"stop",audios/stop2.wav,videos/stop_clip.mp4,wrist,space,580.3234493,None,,,,,3,0,3,0,0,37,37,37,,,,,,,,,6116.0116208,,,,,,,,,,,,,,,,,,,,,,,,,,,,,,,,,,,,,,,,,,,,,,,,,,2.663076923076923,6116.010233999999,6116.0116208,6117.789330199999,6117.789330199999,6118.7895186999995,6118.7895186999995,6119.289322166667,6120.8726508,6121.8796391,6121.8796391,6124.2893779999995,6124.2893779999995,6124.289412566666,6125.289395,6127.0360248,6126.7728745,,,,,,,BCI02,001,2025-12-12_10h20.03.735,CoSpeechGestures,,2025.1.1,59.95139141183242,2025-12-12 10h20.18.187367 -0600,
38,38,0,speech_gesture,images/speak_gesture.png,go,"peace",audios/peace.wav,videos/peace_clip.mp4,digits,space,580.3234493,None,,,,,3,0,3,0,0,38,38,38,,,,,,,,,6127.0360248,,,,,,,,,,,,,,,,,,,,,,,,,,,,,,,,,,,,,,,,,,,,,,,,,,2.663076923076923,6127.0344104,6127.0360248,6128.7893212,6128.7893212,6129.789584,6129.789584,6130.289348666667,6131.6562051,6132.8922184,6132.8922184,6135.289369100001,6135.289369100001,6135.289383366666,6136.2893632,6138.0093025999995,6137.772846,,,,,,,BCI02,001,2025-12-12_10h20.03.735,CoSpeechGestures,,2025.1.1,59.95139141183242,2025-12-12 10h20.18.187367 -0600,
39,39,0,speech_gesture,images/speak_gesture.png,go,"cutting",audios/cutting.wav,videos/cutting_clip.mp4,arm,space,580.3234493,None,,,,,3,0,3,0,0,39,39,39,,,,,,,,,6138.0093025999995,,,,,,,,,,,,,,,,,,,,,,,,,,,,,,,,,,,,,,,,,,,,,,,,,,2.663076923076923,6138.007860199999,6138.0093025999995,6139.789904900001,6139.789904900001,6140.7894922,6140.7894922,6141.289309066666,6143.023160500001,6143.883422700001,6143.883422700001,6146.2897801,6146.2897801,6146.2897637666665,6147.289364300001,6149.0260308,6148.772770899999,,,,,,,BCI02,001,2025-12-12_10h20.03.735,CoSpeechGestures,,2025.1.1,59.95139141183242,2025-12-12 10h20.18.187367 -0600,
40,40,0,speech_gesture,images/speak_gesture.png,go,"bumpy",audios/bumpy.wav,videos/bumpy_clip.mp4,wrist,space,580.3234493,None,,,,,3,0,3,0,0,40,40,40,,,,,,,,,6149.0260308,,,,,,,,,,,,,,,,,,,,,,,,,,,,,,,,,,,,,,,,,,,,,,,,,,2.663076923076923,6149.0246228,6149.0260308,6150.7897885,6150.7897885,6151.7895706,6151.7895706,6152.289340766667,6154.123299299999,6154.870816799999,6154.870816799999,6157.2897901,6157.2897901,6157.289960866667,6158.2893069,6160.040465399999,6159.773288799999,,,,,,,BCI02,001,2025-12-12_10h20.03.735,CoSpeechGestures,,2025.1.1,59.95139141183242,2025-12-12 10h20.18.187367 -0600,
41,41,0,speech,images/speak.png,go,"what",audios/what.wav,videos/what_clip.mp4,wrist,space,580.3234493,None,,,,,3,0,3,0,0,41,41,41,,,,,,,,,6160.040465399999,,,,,,,,,,,,,,,,,,,,,,,,,,,,,,,,,,,,,,,,,,,,,,,,,,1.0,6160.037181199999,6160.040465399999,6161.7899898,6161.7899898,6162.7903511,6162.7903511,6163.289371466666,6164.6399236,6165.909660200001,6165.909660200001,6168.2898723,6168.2898723,6168.289884766666,6169.2901348,6171.012634999999,6170.7733835,,,,,,,BCI02,001,2025-12-12_10h20.03.735,CoSpeechGestures,,2025.1.1,59.95139141183242,2025-12-12 10h20.18.187367 -0600,
42,42,0,gesture,images/hand.png,go,"stop",audios/stop2.wav,videos/stop_clip.mp4,wrist,space,580.3234493,None,,,,,3,0,3,0,0,42,42,42,,,,,,,,,6171.012634999999,,,,,,,,,,,,,,,,,,,,,,,,,,,,,,,,,,,,,,,,,,,,,,,,,,1.0,6171.0114256,6171.012634999999,6172.789907599999,6172.789907599999,6173.789665099999,6173.789665099999,6174.289433566666,6175.873484899999,6176.8818223,6176.8818223,6179.2900647999995,6179.2900647999995,6179.289925866666,6180.2894626,6182.001399500001,6181.7729256,,,,,,,BCI02,001,2025-12-12_10h20.03.735,CoSpeechGestures,,2025.1.1,59.95139141183242,2025-12-12 10h20.18.187367 -0600,
43,43,0,gesture,images/hand.png,go,"sweeping",audios/sweeping.wav,videos/sweeping_clip.mp4,arm,space,580.3234493,None,,,,,3,0,3,0,0,43,43,43,,,,,,,,,6182.001399500001,,,,,,,,,,,,,,,,,,,,,,,,,,,,,,,,,,,,,,,,,,,,,,,,,,1.0,6182.000196200001,6182.001399500001,6183.7895188,6183.7895188,6184.7896869,6184.7896869,6185.289524466667,6187.089571099999,6187.885305,6187.885305,6190.289932600001,6190.289932600001,6190.290136766667,6191.2899371,6193.020351200001,6192.7734891,,,,,,,BCI02,001,2025-12-12_10h20.03.735,CoSpeechGestures,,2025.1.1,59.95139141183242,2025-12-12 10h20.18.187367 -0600,
44,44,0,speech,images/speak.png,go,"yes",audios/yes.wav,videos/yes_clip.mp4,digits,space,580.3234493,None,,,,,3,0,3,0,0,44,44,44,,,,,,,,,6193.020351200001,,,,,,,,,,,,,,,,,,,,,,,,,,,,,,,,,,,,,,,,,,,,,,,,,,1.0,6193.0180468,6193.020351200001,6194.7900868,6194.7900868,6195.789836600001,6195.789836600001,6196.289543166666,6197.9743167,6198.888938800001,6198.888938800001,6201.290111599999,6201.290111599999,6201.289569266666,6202.289546100001,6204.0110534,6203.773789999999,,,,,,,BCI02,001,2025-12-12_10h20.03.735,CoSpeechGestures,,2025.1.1,59.95139141183242,2025-12-12 10h20.18.187367 -0600,
45,45,0,gesture,images/hand.png,go,"good luck",audios/goodluck2.wav,videos/goodluck_clip.mp4,digits,space,580.3234493,None,,,,,3,0,3,0,0,45,45,45,,,,,,,,,6204.0110534,,,,,,,,,,,,,,,,,,,,,,,,,,,,,,,,,,,,,,,,,,,,,,,,,,1.0,6204.0099348,6204.0110534,6205.790103400001,6205.790103400001,6206.789836399999,6206.789836399999,6207.290155366667,6208.7729671,6209.8771853,6209.8771853,6212.290060400001,6212.290060400001,6212.290124366666,6213.289624200001,6215.0255435,6214.773579999999,,,,,,,BCI02,001,2025-12-12_10h20.03.735,CoSpeechGestures,,2025.1.1,59.95139141183242,2025-12-12 10h20.18.187367 -0600,
46,46,0,speech_gesture,images/speak_gesture.png,go,"good luck",audios/goodluck2.wav,videos/goodluck_clip.mp4,digits,space,580.3234493,None,,,,,3,0,3,0,0,46,46,46,,,,,,,,,6215.0255435,,,,,,,,,,,,,,,,,,,,,,,,,,,,,,,,,,,,,,,,,,,,,,,,,,2.663076923076923,6215.0241587,6215.0255435,6216.790154599999,6216.790154599999,6217.790522400001,6217.790522400001,6218.289688966666,6219.773013399999,6220.8932523,6220.8932523,6223.2896451,6223.2896451,6223.290384266666,6224.289844000001,6226.037968799999,6225.7737108,,,,,,,BCI02,001,2025-12-12_10h20.03.735,CoSpeechGestures,,2025.1.1,59.95139141183242,2025-12-12 10h20.18.187367 -0600,
47,47,0,gesture,images/hand.png,go,"yes",audios/yes.wav,videos/yes_clip.mp4,digits,space,580.3234493,None,,,,,3,0,3,0,0,47,47,47,,,,,,,,,6226.037968799999,,,,,,,,,,,,,,,,,,,,,,,,,,,,,,,,,,,,,,,,,,,,,,,,,,1.0,6226.0350418,6226.037968799999,6227.7902013,6227.7902013,6228.7905183,6228.7905183,6229.289740166667,6230.9736932,6231.891550300001,6231.891550300001,6234.2897218,6234.2897218,6234.290216666666,6235.2901936,6237.0281732,6236.7731998,,,,,,,BCI02,001,2025-12-12_10h20.03.735,CoSpeechGestures,,2025.1.1,59.95139141183242,2025-12-12 10h20.18.187367 -0600,
48,48,0,speech,images/speak.png,go,"yes",audios/yes.wav,videos/yes_clip.mp4,digits,space,580.3234493,None,,,,,3,0,3,0,0,48,48,48,,,,,,,,,6237.0281732,,,,,,,,,,,,,,,,,,,,,,,,,,,,,,,,,,,,,,,,,,,,,,,,,,1.0,6237.027039799999,6237.0281732,6238.7898513,6238.7898513,6239.7900672,6239.7900672,6240.289883166666,6241.9732757,6242.887094199999,6242.887094199999,6245.2900463000005,6245.2900463000005,6245.290012966667,6246.2906189000005,6248.042895299999,6247.7734581,,,,,,,BCI02,001,2025-12-12_10h20.03.735,CoSpeechGestures,,2025.1.1,59.95139141183242,2025-12-12 10h20.18.187367 -0600,
49,49,0,speech_gesture_no,images/speak_gesture.png,nogo,"goodbye",audios/goodbye.wav,videos/goodbye_clip.mp4,wrist,space,580.3234493,None,,,,,3,0,3,0,0,49,49,49,,,,,,,,,6248.042895299999,,,,,,,,,,,,,,,,,,,,,,,,,,,,,,,,,,,,,,,,,,,,,,,,,,2.663076923076923,6248.0413226,6248.042895299999,6249.7901014,6249.7901014,6250.7901972,6250.7901972,6251.289969266667,6253.290476800001,6253.887961099999,6253.887961099999,6256.289984499999,6256.289984499999,6256.289967566667,6257.2899769,6259.0383172,6258.773427800001,,,,,,,BCI02,001,2025-12-12_10h20.03.735,CoSpeechGestures,,2025.1.1,59.95139141183242,2025-12-12 10h20.18.187367 -0600,
50,50,0,speech_gesture,images/speak_gesture.png,go,"sweeping",audios/sweeping.wav,videos/sweeping_clip.mp4,arm,space,580.3234493,None,,,,,3,0,3,0,0,50,50,50,,,,,,,,,6259.0383172,,,,,,,,,,,,,,,,,,,,,,,,,,,,,,,,,,,,,,,,,,,,,,,,,,2.663076923076923,6259.0366856,6259.0383172,6260.7900056,6260.7900056,6261.7902345,6261.7902345,6262.290003766666,6264.0900174,6264.8989908,6264.8989908,6267.290061899999,6267.290061899999,6267.290075166666,6268.289945300001,6270.024312199999,6269.773651699999,,,,,,,BCI02,001,2025-12-12_10h20.03.735,CoSpeechGestures,,2025.1.1,59.95139141183242,2025-12-12 10h20.18.187367 -0600,
51,51,0,speech_gesture,images/speak_gesture.png,go,"OK",audios/OK.wav,videos/ok_clip.mp4,digits,space,580.3234493,None,,,,,3,0,3,0,0,51,51,51,,,,,,,,,6270.024312199999,,,,,,,,,,,,,,,,,,,,,,,,,,,,,,,,,,,,,,,,,,,,,,,,,,2.663076923076923,6270.0229268,6270.024312199999,6271.7900601,6271.7900601,6272.7902627,6272.7902627,6273.290051566666,6274.5067162,6275.8888302,6275.8888302,6278.2901024,6278.2901024,6278.290051466667,6279.290658100001,6281.0348505,6280.773500900001,,,,,,,BCI02,001,2025-12-12_10h20.03.735,CoSpeechGestures,,2025.1.1,59.95139141183242,2025-12-12 10h20.18.187367 -0600,
52,52,0,speech_gesture,images/speak_gesture.png,go,"stop",audios/stop2.wav,videos/stop_clip.mp4,wrist,space,580.3234493,None,,,,,3,0,3,0,0,52,52,52,,,,,,,,,6281.0348505,,,,,,,,,,,,,,,,,,,,,,,,,,,,,,,,,,,,,,,,,,,,,,,,,,2.663076923076923,6281.03342,6281.0348505,6282.790095,6282.790095,6283.7903021,6283.7903021,6284.290110366666,6285.8734143,6286.8781789,6286.8781789,6289.2901956000005,6289.2901956000005,6289.290098166666,6290.2901318,6292.0311894999995,6291.7736384,,,,,,,BCI02,001,2025-12-12_10h20.03.735,CoSpeechGestures,,2025.1.1,59.95139141183242,2025-12-12 10h20.18.187367 -0600,
53,53,0,speech_gesture,images/speak_gesture.png,go,"OK",audios/OK.wav,videos/ok_clip.mp4,digits,space,580.3234493,None,,,,,3,0,3,0,0,53,53,53,,,,,,,,,6292.0311894999995,,,,,,,,,,,,,,,,,,,,,,,,,,,,,,,,,,,,,,,,,,,,,,,,,,2.663076923076923,6292.0274272999995,6292.0311894999995,6293.7904808,6293.7904808,6294.790840199999,6294.790840199999,6295.290505566667,6296.5071938,6297.8729948,6297.8729948,6300.2900842,6300.2900842,6300.290162166666,6301.2911005999995,6303.0396968000005,6302.773570900001,,,,,,,BCI02,001,2025-12-12_10h20.03.735,CoSpeechGestures,,2025.1.1,59.95139141183242,2025-12-12 10h20.18.187367 -0600,
54,54,0,speech_no,images/speak.png,nogo,"outside",audios/outside.wav,videos/outside_clip.mp4,arm,space,580.3234493,None,,,,,3,0,3,0,0,54,54,54,,,,,,,,,6303.0396968000005,,,,,,,,,,,,,,,,,,,,,,,,,,,,,,,,,,,,,,,,,,,,,,,,,,1.0,6303.0384373,6303.0396968000005,6304.790115899999,6304.790115899999,6305.790239600001,6305.790239600001,6306.290137066666,6308.090666800001,6308.909757900001,6308.909757900001,6311.290619400001,6311.290619400001,6311.290140866666,6312.290554499999,6314.0046852,6313.773607200001,,,,,,,BCI02,001,2025-12-12_10h20.03.735,CoSpeechGestures,,2025.1.1,59.95139141183242,2025-12-12 10h20.18.187367 -0600,
55,55,0,speech,images/speak.png,go,"goodbye",audios/goodbye.wav,videos/goodbye_clip.mp4,wrist,space,580.3234493,None,,,,,3,0,3,0,0,55,55,55,,,,,,,,,6314.0046852,,,,,,,,,,,,,,,,,,,,,,,,,,,,,,,,,,,,,,,,,,,,,,,,,,1.0,6314.00352,6314.0046852,6315.7906516,6315.7906516,6316.7910854,6316.7910854,6317.290176166667,6319.2929064,6319.893833599999,6319.893833599999,6322.2901542,6322.2901542,6322.290648266666,6323.290681500001,6325.0369548,6324.7741444,,,,,,,BCI02,001,2025-12-12_10h20.03.735,CoSpeechGestures,,2025.1.1,59.95139141183242,2025-12-12 10h20.18.187367 -0600,
56,56,0,speech,images/speak.png,go,"hang loose",audios/hangloose.wav,videos/hangloose_clip.mp4,digits,space,580.3234493,None,,,,,3,0,3,0,0,56,56,56,,,,,,,,,6325.0369548,,,,,,,,,,,,,,,,,,,,,,,,,,,,,,,,,,,,,,,,,,,,,,,,,,1.0,6325.034247400001,6325.0369548,6326.790224599999,6326.790224599999,6327.7910508,6327.7910508,6328.290198666666,6329.9235677,6330.879006700001,6330.879006700001,6333.290254199999,6333.290254199999,6333.290718866667,6334.290904900001,6336.0155761000005,6335.7738204,,,,,,,BCI02,001,2025-12-12_10h20.03.735,CoSpeechGestures,,2025.1.1,59.95139141183242,2025-12-12 10h20.18.187367 -0600,
57,57,0,speech,images/speak.png,go,"OK,audios/OK.wav,videos/ok_clip.mp4,digits,space,580.3234493,None,,,,,3,0,3,0,0,57,57,57,,,,,,,,,6336.0155761000005,,,,,,,,,,,,,,,,,,,,,,,,,,,,,,,,,,,,,,,,,,,,,,,,,,1.0,6336.014411300001,6336.0155761000005,6337.790807400001,6337.790807400001,6338.7904789,6338.7904789,6339.291034966667,6340.5069198,6341.8964338000005,6341.8964338000005,6344.2907667,6344.2907667,6344.290342966666,6345.290847,6347.019448700001,6346.774300700001,,,,,,,BCI02,001,2025-12-12_10h20.03.735,CoSpeechGestures,,2025.1.1,59.95139141183242,2025-12-12 10h20.18.187367 -0600,
0,0,0,gesture,images/hand.png,go,"cutting",audios/cutting.wav,videos/cutting_clip.mp4,arm,space,580.3234493,None,,,,,3,0,3,0,0,58,58,58,,,,,0,0,0,0,6357.8957995,,,,,,,,,,,,,,,,,,,,,,,,,,,,,,,,,,,,,,,,,,,,,,,,,,1.0,6347.018313099999,6347.019448700001,6348.7907583,6348.7907583,6349.791137599999,6349.791137599999,6350.290313266667,6352.0236141000005,6352.8966488999995,6352.8966488999995,6355.2908272,6355.2908272,6355.290819166667,6356.290958199999,6357.8957995,6357.774286600001,6357.894747800001,6357.8957995,6387.791031500001,,,,BCI02,001,2025-12-12_10h20.03.735,CoSpeechGestures,,2025.1.1,59.95139141183242,2025-12-12 10h20.18.187367 -0600,
58,58,0,gesture,images/hand.png,go,"cutting",audios/cutting.wav,videos/cutting_clip.mp4,arm,space,580.3234493,None,,,,,3,0,3,0,0,58,58,58,,,,,,,,,,,,,,,,,,,,,,,,,,,,,,,,,,,,,,,,,,,,,,,,,,,,,,,,,,,,,,,,,,,,,,,,,,,,,,,,,,BCI02,001,2025-12-12_10h20.03.735,CoSpeechGestures,,2025.1.1,59.95139141183242,2025-12-12 10h20.18.187367 -0600,
59,59,0,gesture,images/hand.png,go,"what",audios/what.wav,videos/what_clip.mp4,wrist,space,580.3234493,None,,,,,3,0,3,0,0,59,59,59,,,,,,,,,6387.916573099999,,,,,,,,,,,,,,,,,,,,,,,,,,,,,,,,,,,,,,,,,,,,,,,,,,1.0,6387.9153702,6387.916573099999,6389.7909999,6389.7909999,6390.791282599999,6390.791282599999,6391.290521966666,6392.6411782,6393.8844711,6393.8844711,6396.291025,6396.291025,6396.291198366667,6397.291910399999,6399.030931200001,6398.7744721,,,,,,,BCI02,001,2025-12-12_10h20.03.735,CoSpeechGestures,,2025.1.1,59.95139141183242,2025-12-12 10h20.18.187367 -0600,
60,60,0,speech_gesture,images/speak_gesture.png,go,"what",audios/what.wav,videos/what_clip.mp4,wrist,space,580.3234493,None,,,,,3,0,3,0,0,60,60,60,,,,,,,,,6399.030931200001,,,,,,,,,,,,,,,,,,,,,,,,,,,,,,,,,,,,,,,,,,,,,,,,,,2.663076923076923,6399.0293606,6399.030931200001,6400.7910424,6400.7910424,6401.7907103,6401.7907103,6402.291053866666,6403.6410375,6404.8974019,6404.8974019,6407.291063299999,6407.291063299999,6407.291120466667,6408.292904100001,6410.057418799999,6409.7745101,,,,,,,BCI02,001,2025-12-12_10h20.03.735,CoSpeechGestures,,2025.1.1,59.95139141183242,2025-12-12 10h20.18.187367 -0600,
61,61,0,speech_gesture_no,images/speak_gesture.png,nogo,"bumpy",audios/bumpy.wav,videos/bumpy_clip.mp4,wrist,space,580.3234493,None,,,,,3,0,3,0,0,61,61,61,,,,,,,,,6410.057418799999,,,,,,,,,,,,,,,,,,,,,,,,,,,,,,,,,,,,,,,,,,,,,,,,,,2.663076923076923,6410.0565109,6410.057418799999,6411.7913536,6411.7913536,6412.7915147,6412.7915147,6413.291083666667,6415.1411241000005,6415.8793829999995,6415.8793829999995,6418.2911245,6418.2911245,6418.291139666666,6419.2911662999995,6421.031622,6420.774076600001,,,,,,,BCI02,001,2025-12-12_10h20.03.735,CoSpeechGestures,,2025.1.1,59.95139141183242,2025-12-12 10h20.18.187367 -0600,
62,62,0,gesture,images/hand.png,go,"outside",audios/outside.wav,videos/outside_clip.mp4,arm,space,580.3234493,None,,,,,3,0,3,0,0,62,62,62,,,,,,,,,6421.031622,,,,,,,,,,,,,,,,,,,,,,,,,,,,,,,,,,,,,,,,,,,,,,,,,,1.0,6421.028686,6421.031622,6422.7912887,6422.7912887,6423.7915598,6423.7915598,6424.290674166667,6426.0906997,6426.908215900001,6426.908215900001,6429.2912612,6429.2912612,6429.290741566667,6430.290930200001,6432.022379800001,6431.774666699999,,,,,,,BCI02,001,2025-12-12_10h20.03.735,CoSpeechGestures,,2025.1.1,59.95139141183242,2025-12-12 10h20.18.187367 -0600,
63,63,0,gesture,images/hand.png,go,"sweeping",audios/sweeping.wav,videos/sweeping_clip.mp4,arm,space,580.3234493,None,,,,,3,0,3,0,0,63,63,63,,,,,,,,,6432.022379800001,,,,,,,,,,,,,,,,,,,,,,,,,,,,,,,,,,,,,,,,,,,,,,,,,,1.0,6432.021156700001,6432.022379800001,6433.7912832,6433.7912832,6434.7908945,6434.7908945,6435.290718266666,6437.090734400001,6437.877836,6437.877836,6440.290725999999,6440.290725999999,6440.291287166667,6441.290874099999,6443.030198,6442.7741642,,,,,,,BCI02,001,2025-12-12_10h20.03.735,CoSpeechGestures,,2025.1.1,59.95139141183242,2025-12-12 10h20.18.187367 -0600,
64,64,0,speech_gesture,images/speak_gesture.png,go,"OK",audios/OK.wav,videos/ok_clip.mp4,digits,space,580.3234493,None,,,,,3,0,3,0,0,64,64,64,,,,,,,,,6443.030198,,,,,,,,,,,,,,,,,,,,,,,,,,,,,,,,,,,,,,,,,,,,,,,,,,2.663076923076923,6443.028940800001,6443.030198,6444.791395599999,6444.791395599999,6445.7909671,6445.7909671,6446.290800966666,6447.507504700001,6448.8910633,6448.8910633,6451.291268000001,6451.291268000001,6451.291334766667,6452.2912397,6454.043967400001,6453.774769400001,,,,,,,BCI02,001,2025-12-12_10h20.03.735,CoSpeechGestures,,2025.1.1,59.95139141183242,2025-12-12 10h20.18.187367 -0600,
65,65,0,speech_gesture,images/speak_gesture.png,go,"outside",audios/outside.wav,videos/outside_clip.mp4,arm,space,580.3234493,None,,,,,3,0,3,0,0,65,65,65,,,,,,,,,6454.043967400001,,,,,,,,,,,,,,,,,,,,,,,,,,,,,,,,,,,,,,,,,,,,,,,,,,2.663076923076923,6454.040186300001,6454.043967400001,6455.7908979,6455.7908979,6456.7911657,6456.7911657,6457.290956866667,6459.0909496,6459.859087299999,6459.859087299999,6462.2909743,6462.2909743,6462.291225466666,6463.2909781,6465.040367899999,6464.774442399999,,,,,,,BCI02,001,2025-12-12_10h20.03.735,CoSpeechGestures,,2025.1.1,59.95139141183242,2025-12-12 10h20.18.187367 -0600,
66,66,0,speech_gesture,images/speak_gesture.png,go,"peace",audios/peace.wav,videos/peace_clip.mp4,digits,space,580.3234493,None,,,,,3,0,3,0,0,66,66,66,,,,,,,,,6465.040367899999,,,,,,,,,,,,,,,,,,,,,,,,,,,,,,,,,,,,,,,,,,,,,,,,,,2.663076923076923,6465.038977300001,6465.040367899999,6466.7909949,6466.7909949,6467.791213,6467.791213,6468.291006666666,6469.657727,6470.888477099999,6470.888477099999,6473.2910360999995,6473.2910360999995,6473.291057366667,6474.292614800001,6476.0468918999995,6475.774474,,,,,,,BCI02,001,2025-12-12_10h20.03.735,CoSpeechGestures,,2025.1.1,59.95139141183242,2025-12-12 10h20.18.187367 -0600,
67,67,0,speech_gesture,images/speak_gesture.png,go,"sweeping",audios/sweeping.wav,videos/sweeping_clip.mp4,arm,space,580.3234493,None,,,,,3,0,3,0,0,67,67,67,,,,,,,,,6476.0468918999995,,,,,,,,,,,,,,,,,,,,,,,,,,,,,,,,,,,,,,,,,,,,,,,,,,2.663076923076923,6476.0455084000005,6476.0468918999995,6477.791074299999,6477.791074299999,6478.7912297,6478.7912297,6479.291039866666,6481.091120499999,6481.8987167,6481.8987167,6484.2911133,6484.2911133,6484.291093866666,6485.2910618000005,6487.0348264,6486.7745875,,,,,,,BCI02,001,2025-12-12_10h20.03.735,CoSpeechGestures,,2025.1.1,59.95139141183242,2025-12-12 10h20.18.187367 -0600,
68,68,0,gesture,images/hand.png,go,"hang loose",audios/hangloose.wav,videos/hangloose_clip.mp4,digits,space,580.3234493,None,,,,,3,0,3,0,0,68,68,68,,,,,,,,,6487.0348264,,,,,,,,,,,,,,,,,,,,,,,,,,,,,,,,,,,,,,,,,,,,,,,,,,1.0,6487.031826799999,6487.0348264,6488.7911306999995,6488.7911306999995,6489.791452199999,6489.791452199999,6490.291183466667,6491.9078094,6492.880762500001,6492.880762500001,6495.2911621,6495.2911621,6495.291223966666,6496.291965799999,6498.0132853,6497.774651199999,,,,,,,BCI02,001,2025-12-12_10h20.03.735,CoSpeechGestures,,2025.1.1,59.95139141183242,2025-12-12 10h20.18.187367 -0600,
69,69,0,speech_gesture,images/speak_gesture.png,go,"good luck",audios/goodluck2.wav,videos/goodluck_clip.mp4,digits,space,580.3234493,None,,,,,3,0,3,0,0,69,69,69,,,,,,,,,6498.0132853,,,,,,,,,,,,,,,,,,,,,,,,,,,,,,,,,,,,,,,,,,,,,,,,,,2.663076923076923,6498.012078399999,6498.0132853,6499.791205199999,6499.791205199999,6500.7913544,6500.7913544,6501.291278866667,6502.774558900001,6503.871612700001,6503.871612700001,6506.2914243,6506.2914243,6506.291424166666,6507.2923866,6509.076495200001,6508.7747965,,,,,,,BCI02,001,2025-12-12_10h20.03.735,CoSpeechGestures,,2025.1.1,59.95139141183242,2025-12-12 10h20.18.187367 -0600,
70,70,0,gesture,images/hand.png,go,"OK",audios/OK.wav,videos/ok_clip.mp4,digits,space,580.3234493,None,,,,,3,0,3,0,0,70,70,70,,,,,,,,,6509.076495200001,,,,,,,,,,,,,,,,,,,,,,,,,,,,,,,,,,,,,,,,,,,,,,,,,,1.0,6509.0753363,6509.076495200001,6510.791237900001,6510.791237900001,6511.791388600001,6511.791388600001,6512.2913499666665,6513.507867300001,6514.9016004000005,6514.9016004000005,6517.291221900001,6517.291221900001,6517.291242766667,6518.2912725999995,6520.044368500001,6519.7747555999995,,,,,,,BCI02,001,2025-12-12_10h20.03.735,CoSpeechGestures,,2025.1.1,59.95139141183242,2025-12-12 10h20.18.187367 -0600,
71,71,0,speech,images/speak.png,go,"bumpy",audios/bumpy.wav,videos/bumpy_clip.mp4,wrist,space,580.3234493,None,,,,,3,0,3,0,0,71,71,71,,,,,,,,,6520.044368500001,,,,,,,,,,,,,,,,,,,,,,,,,,,,,,,,,,,,,,,,,,,,,,,,,,1.0,6520.042098399999,6520.044368500001,6521.791331799999,6521.791331799999,6522.791453100001,6522.791453100001,6523.291320566666,6525.1246474,6525.8964619,6525.8964619,6528.291288799999,6528.291288799999,6528.291299566667,6529.2912824,6531.0128408,6530.774773900001,,,,,,,BCI02,001,2025-12-12_10h20.03.735,CoSpeechGestures,,2025.1.1,59.95139141183242,2025-12-12 10h20.18.187367 -0600,
72,72,0,speech,images/speak.png,go,"hang loose",audios/hangloose.wav,videos/hangloose_clip.mp4,digits,space,580.3234493,None,,,,,3,0,3,0,0,72,72,72,,,,,,,,,6531.0128408,,,,,,,,,,,,,,,,,,,,,,,,,,,,,,,,,,,,,,,,,,,,,,,,,,1.0,6531.0117469,6531.0128408,6532.7916675,6532.7916675,6533.791381200001,6533.791381200001,6534.291661666666,6535.9078617,6536.8997435,6536.8997435,6539.2917063,6539.2917063,6539.291736666666,6540.2917686,6542.0133903999995,6541.775189800001,,,,,,,BCI02,001,2025-12-12_10h20.03.735,CoSpeechGestures,,2025.1.1,59.95139141183242,2025-12-12 10h20.18.187367 -0600,
73,73,0,gesture,images/hand.png,go,"outside",audios/outside.wav,videos/outside_clip.mp4,arm,space,580.3234493,None,,,,,3,0,3,0,0,73,73,73,,,,,,,,,6542.0133903999995,,,,,,,,,,,,,,,,,,,,,,,,,,,,,,,,,,,,,,,,,,,,,,,,,,1.0,6542.0122833000005,6542.0133903999995,6543.791700899999,6543.791700899999,6544.791482500001,6544.791482500001,6545.291296266667,6547.0915886,6547.8960489,6547.8960489,6550.291323699999,6550.291323699999,6550.291747966667,6551.2912794,6553.0334026,6552.7754006,,,,,,,BCI02,001,2025-12-12_10h20.03.735,CoSpeechGestures,,2025.1.1,59.95139141183242,2025-12-12 10h20.18.187367 -0600,
74,74,0,gesture,images/hand.png,go,"what",audios/what.wav,videos/what_clip.mp4,wrist,space,580.3234493,None,,,,,3,0,3,0,0,74,74,74,,,,,,,,,6553.0334026,,,,,,,,,,,,,,,,,,,,,,,,,,,,,,,,,,,,,,,,,,,,,,,,,,1.0,6553.031127599999,6553.0334026,6554.791276600001,6554.791276600001,6555.7921136,6555.7921136,6556.2913530666665,6557.641351300001,6558.897150000001,6558.897150000001,6561.2918407,6561.2918407,6561.291856766666,6562.2918857,6563.9981546,6563.775306,,,,,,,BCI02,001,2025-12-12_10h20.03.735,CoSpeechGestures,,2025.1.1,59.95139141183242,2025-12-12 10h20.18.187367 -0600,
75,75,0,speech,images/speak.png,go,"stop",audios/stop2.wav,videos/stop_clip.mp4,wrist,space,580.3234493,None,,,,,3,0,3,0,0,75,75,75,,,,,,,,,6563.9981546,,,,,,,,,,,,,,,,,,,,,,,,,,,,,,,,,,,,,,,,,,,,,,,,,,1.0,6563.9969771,6563.9981546,6565.791899600001,6565.791899600001,6566.7915809999995,6566.7915809999995,6567.291384166667,6568.874687699999,6569.8709789,6569.8709789,6572.2918694,6572.2918694,6572.291903266667,6573.291861400001,6575.035155699999,6574.7754819,,,,,,,BCI02,001,2025-12-12_10h20.03.735,CoSpeechGestures,,2025.1.1,59.95139141183242,2025-12-12 10h20.18.187367 -0600,
76,76,0,speech_gesture,images/speak_gesture.png,go,"hang loose",audios/hangloose.wav,videos/hangloose_clip.mp4,digits,space,580.3234493,None,,,,,3,0,3,0,0,76,76,76,,,,,,,,,6575.035155699999,,,,,,,,,,,,,,,,,,,,,,,,,,,,,,,,,,,,,,,,,,,,,,,,,,2.663076923076923,6575.0339712,6575.035155699999,6576.791550800001,6576.791550800001,6577.7917641,6577.7917641,6578.291580066667,6579.924913000001,6580.8963945,6580.8963945,6583.2915863,6583.2915863,6583.291571666667,6584.2932313,6586.017322600001,6585.775029799999,,,,,,,BCI02,001,2025-12-12_10h20.03.735,CoSpeechGestures,,2025.1.1,59.95139141183242,2025-12-12 10h20.18.187367 -0600,
77,77,0,speech,images/speak.png,go,"bumpy",audios/bumpy.wav,videos/bumpy_clip.mp4,wrist,space,580.3234493,None,,,,,3,0,3,0,0,77,77,77,,,,,,,,,6586.017322600001,,,,,,,,,,,,,,,,,,,,,,,,,,,,,,,,,,,,,,,,,,,,,,,,,,1.0,6586.0144478,6586.017322600001,6587.791614,6587.791614,6588.7918262,6588.7918262,6589.291627766666,6591.1249558,6591.8916357,6591.8916357,6594.291790699999,6594.291790699999,6594.291642066666,6595.2915935,6597.041510200001,6596.775088799999,,,,,,,BCI02,001,2025-12-12_10h20.03.735,CoSpeechGestures,,2025.1.1,59.95139141183242,2025-12-12 10h20.18.187367 -0600,
78,78,0,speech_gesture_no,images/speak_gesture.png,nogo,"sweeping",audios/sweeping.wav,videos/sweeping_clip.mp4,arm,space,580.3234493,None,,,,,3,0,3,0,0,78,78,78,,,,,,,,,6597.041510200001,,,,,,,,,,,,,,,,,,,,,,,,,,,,,,,,,,,,,,,,,,,,,,,,,,2.663076923076923,6597.040326599999,6597.041510200001,6598.7916878,6598.7916878,6599.791867600001,6599.791867600001,6600.291669466666,6602.0916872,6602.8877192,6602.8877192,6605.291729500001,6605.291729500001,6605.291676966666,6606.2923262,6608.0304337,6607.775142099999,,,,,,,BCI02,001,2025-12-12_10h20.03.735,CoSpeechGestures,,2025.1.1,59.95139141183242,2025-12-12 10h20.18.187367 -0600,
79,79,0,gesture,images/hand.png,go,"good luck",audios/goodluck2.wav,videos/goodluck_clip.mp4,digits,space,580.3234493,None,,,,,3,0,3,0,0,79,79,79,,,,,,,,,6608.0304337,,,,,,,,,,,,,,,,,,,,,,,,,,,,,,,,,,,,,,,,,,,,,,,,,,1.0,6608.0291528,6608.0304337,6609.792058700001,6609.792058700001,6610.791808100001,6610.791808100001,6611.291623866666,6612.7749843,6613.882580699999,6613.882580699999,6616.291590299999,6616.291590299999,6616.292090066667,6617.2915266,6619.0436687,6618.775655900001,,,,,,,BCI02,001,2025-12-12_10h20.03.735,CoSpeechGestures,,2025.1.1,59.95139141183242,2025-12-12 10h20.18.187367 -0600,
80,80,0,gesture,images/hand.png,go,"yes",audios/yes.wav,videos/yes_clip.mp4,digits,space,580.3234493,None,,,,,3,0,3,0,0,80,80,80,,,,,,,,,6619.0436687,,,,,,,,,,,,,,,,,,,,,,,,,,,,,,,,,,,,,,,,,,,,,,,,,,1.0,6619.0411619999995,6619.0436687,6620.792148099999,6620.792148099999,6621.792560100001,6621.792560100001,6622.291650466666,6623.9749548,6624.910868499999,6624.910868499999,6627.291641100001,6627.291641100001,6627.292169566666,6628.291608400001,6630.0075387,6629.775626299999,,,,,,,BCI02,001,2025-12-12_10h20.03.735,CoSpeechGestures,,2025.1.1,59.95139141183242,2025-12-12 10h20.18.187367 -0600,
81,81,0,speech,images/speak.png,go,"outside",audios/outside.wav,videos/outside_clip.mp4,arm,space,580.3234493,None,,,,,3,0,3,0,0,81,81,81,,,,,,,,,6630.0075387,,,,,,,,,,,,,,,,,,,,,,,,,,,,,,,,,,,,,,,,,,,,,,,,,,1.0,6630.0063919,6630.0075387,6631.7921418999995,6631.7921418999995,6632.791885799999,6632.791885799999,6633.291695366666,6635.091682300001,6635.911370899999,6635.911370899999,6638.2922304,6638.2922304,6638.292171466666,6639.2941021999995,6641.0256021000005,6640.775593300001,,,,,,,BCI02,001,2025-12-12_10h20.03.735,CoSpeechGestures,,2025.1.1,59.95139141183242,2025-12-12 10h20.18.187367 -0600,
82,82,0,gesture,images/hand.png,go,"bumpy",audios/bumpy.wav,videos/bumpy_clip.mp4,wrist,space,580.3234493,None,,,,,3,0,3,0,0,82,82,82,,,,,,,,,6641.0256021000005,,,,,,,,,,,,,,,,,,,,,,,,,,,,,,,,,,,,,,,,,,,,,,,,,,1.0,6641.024473699999,6641.0256021000005,6642.7921996000005,6642.7921996000005,6643.791992,6643.791992,6644.291733166667,6646.1256113,6646.884683599999,6646.884683599999,6649.2922450999995,6649.2922450999995,6649.292275566666,6650.308515000001,6652.035236600001,6651.7757294,,,,,,,BCI02,001,2025-12-12_10h20.03.735,CoSpeechGestures,,2025.1.1,59.95139141183242,2025-12-12 10h20.18.187367 -0600,
83,83,0,gesture,images/hand.png,go,"cutting",audios/cutting.wav,videos/cutting_clip.mp4,arm,space,580.3234493,None,,,,,3,0,3,0,0,83,83,83,,,,,,,,,6652.035236600001,,,,,,,,,,,,,,,,,,,,,,,,,,,,,,,,,,,,,,,,,,,,,,,,,,1.0,6652.032935200001,6652.035236600001,6653.7922696000005,6653.7922696000005,6654.792050599999,6654.792050599999,6655.292068166666,6657.0251467,6657.8870126,6657.8870126,6660.2918783000005,6660.2918783000005,6660.292006266667,6661.293688600001,6662.997738800001,6662.7752889,,,,,,,BCI02,001,2025-12-12_10h20.03.735,CoSpeechGestures,,2025.1.1,59.95139141183242,2025-12-12 10h20.18.187367 -0600,
84,84,0,speech,images/speak.png,go,"OK,audios/OK.wav,videos/ok_clip.mp4,digits,space,580.3234493,None,,,,,3,0,3,0,0,84,84,84,,,,,,,,,6662.997738800001,,,,,,,,,,,,,,,,,,,,,,,,,,,,,,,,,,,,,,,,,,,,,,,,,,1.0,6662.996636600001,6662.997738800001,6664.7918267000005,6664.7918267000005,6665.7920976000005,6665.7920976000005,6666.291846466667,6667.508509200001,6668.8960183,6668.8960183,6671.2922946,6671.2922946,6671.292520466666,6672.293258899999,6674.0364737,6673.775824,,,,,,,BCI02,001,2025-12-12_10h20.03.735,CoSpeechGestures,,2025.1.1,59.95139141183242,2025-12-12 10h20.18.187367 -0600,
85,85,0,gesture,images/hand.png,go,"what",audios/what.wav,videos/what_clip.mp4,wrist,space,580.3234493,None,,,,,3,0,3,0,0,85,85,85,,,,,,,,,6674.0364737,,,,,,,,,,,,,,,,,,,,,,,,,,,,,,,,,,,,,,,,,,,,,,,,,,1.0,6674.035329300001,6674.0364737,6675.7923697999995,6675.7923697999995,6676.792115300001,6676.792115300001,6677.292467566667,6678.6426594,6679.8976692,6679.8976692,6682.291907299999,6682.291907299999,6682.292363066666,6683.2951766999995,6685.038191400001,6684.7759270999995,,,,,,,BCI02,001,2025-12-12_10h20.03.735,CoSpeechGestures,,2025.1.1,59.95139141183242,2025-12-12 10h20.18.187367 -0600,
86,86,0,speech,images/speak.png,go,"sweeping",audios/sweeping.wav,videos/sweeping_clip.mp4,arm,space,580.3234493,None,,,,,3,0,3,0,0,86,86,86,,,,,,,,,6685.038191400001,,,,,,,,,,,,,,,,,,,,,,,,,,,,,,,,,,,,,,,,,,,,,,,,,,1.0,6685.034538,6685.038191400001,6686.792451200001,6686.792451200001,6687.792269,6687.792269,6688.292534866667,6690.092444100001,6690.8667664,6690.8667664,6693.292601200001,6693.292601200001,6693.292460666666,6694.2920558000005,6696.039022700001,6695.7759673,,,,,,,BCI02,001,2025-12-12_10h20.03.735,CoSpeechGestures,,2025.1.1,59.95139141183242,2025-12-12 10h20.18.187367 -0600,
87,87,0,speech_gesture,images/speak_gesture.png,go,"goodbye",audios/goodbye.wav,videos/goodbye_clip.mp4,wrist,space,580.3234493,None,,,,,3,0,3,0,0,87,87,87,,,,,,,,,6696.039022700001,,,,,,,,,,,,,,,,,,,,,,,,,,,,,,,,,,,,,,,,,,,,,,,,,,2.663076923076923,6696.0374974999995,6696.039022700001,6697.7924862,6697.7924862,6698.7922282,6698.7922282,6699.292022066666,6701.292781300001,6701.8918204,6701.8918204,6704.2925264000005,6704.2925264000005,6704.292506066666,6705.2924165,6707.0466958,6706.775989399999,,,,,,,BCI02,001,2025-12-12_10h20.03.735,CoSpeechGestures,,2025.1.1,59.95139141183242,2025-12-12 10h20.18.187367 -0600,
88,88,0,gesture,images/hand.png,go,"hang loose",audios/hangloose.wav,videos/hangloose_clip.mp4,digits,space,580.3234493,None,,,,,3,0,3,0,0,88,88,88,,,,,,,,,6707.0466958,,,,,,,,,,,,,,,,,,,,,,,,,,,,,,,,,,,,,,,,,,,,,,,,,,1.0,6707.0454656,6707.0466958,6708.792679100001,6708.792679100001,6709.792323,6709.792323,6710.292122666666,6711.9260338,6712.882483400001,6712.882483400001,6715.2921477,6715.2921477,6715.292116666666,6716.296021100001,6718.0243097,6717.776141300001,,,,,,,BCI02,001,2025-12-12_10h20.03.735,CoSpeechGestures,,2025.1.1,59.95139141183242,2025-12-12 10h20.18.187367 -0600,
89,89,0,speech_gesture,images/speak_gesture.png,go,"bumpy",audios/bumpy.wav,videos/bumpy_clip.mp4,wrist,space,580.3234493,None,,,,,3,0,3,0,0,89,89,89,,,,,,,,,6718.0243097,,,,,,,,,,,,,,,,,,,,,,,,,,,,,,,,,,,,,,,,,,,,,,,,,,2.663076923076923,6718.019391,6718.0243097,6719.792740499999,6719.792740499999,6720.7930746,6720.7930746,6721.292125066666,6723.1259737,6723.881547999999,6723.881547999999,6726.292617700001,6726.292617700001,6726.292176966666,6727.2938713,6729.0332674,6728.7761212000005,,,,,,,BCI02,001,2025-12-12_10h20.03.735,CoSpeechGestures,,2025.1.1,59.95139141183242,2025-12-12 10h20.18.187367 -0600,
90,90,0,speech,images/speak.png,go,"outside",audios/outside.wav,videos/outside_clip.mp4,arm,space,580.3234493,None,,,,,3,0,3,0,0,90,90,90,,,,,,,,,6729.0332674,,,,,,,,,,,,,,,,,,,,,,,,,,,,,,,,,,,,,,,,,,,,,,,,,,1.0,6729.0320200999995,6729.0332674,6730.792859700001,6730.792859700001,6731.7923887,6731.7923887,6732.292178766667,6734.0923482,6734.8942838,6734.8942838,6737.2927414000005,6737.2927414000005,6737.292710166666,6738.2935516,6740.021537299999,6739.776214199999,,,,,,,BCI02,001,2025-12-12_10h20.03.735,CoSpeechGestures,,2025.1.1,59.95139141183242,2025-12-12 10h20.18.187367 -0600,
91,91,0,speech_gesture,images/speak_gesture.png,go,"yes",audios/yes.wav,videos/yes_clip.mp4,digits,space,580.3234493,None,,,,,3,0,3,0,0,91,91,91,,,,,,,,,6740.021537299999,,,,,,,,,,,,,,,,,,,,,,,,,,,,,,,,,,,,,,,,,,,,,,,,,,2.663076923076923,6740.019930300001,6740.021537299999,6741.79277,6741.79277,6742.7924097,6742.7924097,6743.292734566667,6744.9922119,6745.9032632,6745.9032632,6748.2922862,6748.2922862,6748.292748766666,6749.296475900001,6751.024273999999,6750.7761961,,,,,,,BCI02,001,2025-12-12_10h20.03.735,CoSpeechGestures,,2025.1.1,59.95139141183242,2025-12-12 10h20.18.187367 -0600,
92,92,0,speech,images/speak.png,go,"cutting",audios/cutting.wav,videos/cutting_clip.mp4,arm,space,580.3234493,None,,,,,3,0,3,0,0,92,92,92,,,,,,,,,6751.024273999999,,,,,,,,,,,,,,,,,,,,,,,,,,,,,,,,,,,,,,,,,,,,,,,,,,1.0,6751.021372200001,6751.024273999999,6752.7928892,6752.7928892,6753.792475,6753.792475,6754.292299566667,6756.0256045999995,6756.8901587,6756.8901587,6759.2927762,6759.2927762,6759.292859066667,6760.2942616,6762.022619200001,6761.776313,,,,,,,BCI02,001,2025-12-12_10h20.03.735,CoSpeechGestures,,2025.1.1,59.95139141183242,2025-12-12 10h20.18.187367 -0600,
93,93,0,gesture,images/hand.png,go,"bumpy",audios/bumpy.wav,videos/bumpy_clip.mp4,wrist,space,580.3234493,None,,,,,3,0,3,0,0,93,93,93,,,,,,,,,6762.022619200001,,,,,,,,,,,,,,,,,,,,,,,,,,,,,,,,,,,,,,,,,,,,,,,,,,1.0,6762.0214595,6762.022619200001,6763.792820799999,6763.792820799999,6764.7925282,6764.7925282,6765.292335766666,6767.142338600001,6767.8652471000005,6767.8652471000005,6770.2929693999995,6770.2929693999995,6770.292774466667,6771.294716300001,6773.027817100001,6772.7763629,,,,,,,BCI02,001,2025-12-12_10h20.03.735,CoSpeechGestures,,2025.1.1,59.95139141183242,2025-12-12 10h20.18.187367 -0600,
94,94,0,gesture,images/hand.png,go,"peace",audios/peace.wav,videos/peace_clip.mp4,digits,space,580.3234493,None,,,,,3,0,3,0,0,94,94,94,,,,,,,,,6773.027817100001,,,,,,,,,,,,,,,,,,,,,,,,,,,,,,,,,,,,,,,,,,,,,,,,,,1.0,6773.026705599999,6773.027817100001,6774.7928563000005,6774.7928563000005,6775.7926272,6775.7926272,6776.292408366666,6777.6590672,6778.886921400001,6778.886921400001,6781.2929697,6781.2929697,6781.292941366666,6782.2943607,6784.0360286,6783.776391199999,,,,,,,BCI02,001,2025-12-12_10h20.03.735,CoSpeechGestures,,2025.1.1,59.95139141183242,2025-12-12 10h20.18.187367 -0600,
95,95,0,speech,images/speak.png,go,"stop",audios/stop2.wav,videos/stop_clip.mp4,wrist,space,580.3234493,None,,,,,3,0,3,0,0,95,95,95,,,,,,,,,6784.0360286,,,,,,,,,,,,,,,,,,,,,,,,,,,,,,,,,,,,,,,,,,,,,,,,,,1.0,6784.0336702,6784.0360286,6785.7929257,6785.7929257,6786.7932783,6786.7932783,6787.2924459666665,6788.8758125,6789.8789712,6789.8789712,6792.292931100001,6792.292931100001,6792.292968666667,6793.295609000001,6795.0224196,6794.776494199999,,,,,,,BCI02,001,2025-12-12_10h20.03.735,CoSpeechGestures,,2025.1.1,59.95139141183242,2025-12-12 10h20.18.187367 -0600,
96,96,0,speech,images/speak.png,go,"good luck",audios/goodluck2.wav,videos/goodluck_clip.mp4,digits,space,580.3234493,None,,,,,3,0,3,0,0,96,96,96,,,,,,,,,6795.0224196,,,,,,,,,,,,,,,,,,,,,,,,,,,,,,,,,,,,,,,,,,,,,,,,,,1.0,6795.0212268,6795.0224196,6796.792566100001,6796.792566100001,6797.792670700001,6797.792670700001,6798.292513466666,6799.7758541,6800.891639400001,6800.891639400001,6803.2925583,6803.2925583,6803.292571866667,6804.293030700001,6806.027588499999,6805.776560599999,,,,,,,BCI02,001,2025-12-12_10h20.03.735,CoSpeechGestures,,2025.1.1,59.95139141183242,2025-12-12 10h20.18.187367 -0600,
97,97,0,gesture,images/hand.png,go,"sweeping",audios/sweeping.wav,videos/sweeping_clip.mp4,arm,space,580.3234493,None,,,,,3,0,3,0,0,97,97,97,,,,,,,,,6806.027588499999,,,,,,,,,,,,,,,,,,,,,,,,,,,,,,,,,,,,,,,,,,,,,,,,,,1.0,6806.026461400001,6806.027588499999,6807.7930302,6807.7930302,6808.792763900001,6808.792763900001,6809.292962266667,6811.092556899999,6811.889521499999,6811.889521499999,6814.2930794,6814.2930794,6814.293139166666,6815.292635600001,6817.0126057,6816.776547699999,,,,,,,BCI02,001,2025-12-12_10h20.03.735,CoSpeechGestures,,2025.1.1,59.95139141183242,2025-12-12 10h20.18.187367 -0600,
98,98,0,gesture,images/hand.png,go,"yes",audios/yes.wav,videos/yes_clip.mp4,digits,space,580.3234493,None,,,,,3,0,3,0,0,98,98,98,,,,,,,,,6817.0126057,,,,,,,,,,,,,,,,,,,,,,,,,,,,,,,,,,,,,,,,,,,,,,,,,,1.0,6817.0102773,6817.0126057,6818.7926272,6818.7926272,6819.793403,6819.793403,6820.293341866667,6821.9925979,6822.911404500001,6822.911404500001,6825.293175999999,6825.293175999999,6825.293115866667,6826.2933075,6828.034478,6827.7765855,,,,,,,BCI02,001,2025-12-12_10h20.03.735,CoSpeechGestures,,2025.1.1,59.95139141183242,2025-12-12 10h20.18.187367 -0600,
99,99,0,speech_gesture,images/speak_gesture.png,go,"outside",audios/outside.wav,videos/outside_clip.mp4,arm,space,580.3234493,None,,,,,3,0,3,0,0,99,99,99,,,,,,,,,6828.034478,,,,,,,,,,,,,,,,,,,,,,,,,,,,,,,,,,,,,,,,,,,,,,,,,,2.663076923076923,6828.0332459,6828.034478,6829.79278,6829.79278,6830.7930089,6830.7930089,6831.292843266667,6833.09323,6833.9107757,6833.9107757,6836.2928182,6836.2928182,6836.292809666666,6837.295505100001,6839.017151399999,6838.7762845,,,,,,,BCI02,001,2025-12-12_10h20.03.735,CoSpeechGestures,,2025.1.1,59.95139141183242,2025-12-12 10h20.18.187367 -0600,
100,100,0,speech,images/speak.png,go,"outside",audios/outside.wav,videos/outside_clip.mp4,arm,space,580.3234493,None,,,,,3,0,3,0,0,100,100,100,,,,,,,,,6839.017151399999,,,,,,,,,,,,,,,,,,,,,,,,,,,,,,,,,,,,,,,,,,,,,,,,,,1.0,6839.015977499999,6839.017151399999,6840.792852799999,6840.792852799999,6841.7930818,6841.7930818,6842.292871866666,6844.0929665,6844.8839038999995,6844.8839038999995,6847.2929576999995,6847.2929576999995,6847.292868066666,6848.293361600001,6850.0294242,6849.776329300001,,,,,,,BCI02,001,2025-12-12_10h20.03.735,CoSpeechGestures,,2025.1.1,59.95139141183242,2025-12-12 10h20.18.187367 -0600,
101,101,0,speech,images/speak.png,go,"bumpy",audios/bumpy.wav,videos/bumpy_clip.mp4,wrist,space,580.3234493,None,,,,,3,0,3,0,0,101,101,101,,,,,,,,,6850.0294242,,,,,,,,,,,,,,,,,,,,,,,,,,,,,,,,,,,,,,,,,,,,,,,,,,1.0,6850.0271667,6850.0294242,6851.7928895000005,6851.7928895000005,6852.7930767,6852.7930767,6853.2929306666665,6855.1429575,6855.889328699999,6855.889328699999,6858.292992000001,6858.292992000001,6858.292948666667,6859.296760900001,6861.050202,6860.776386,,,,,,,BCI02,001,2025-12-12_10h20.03.735,CoSpeechGestures,,2025.1.1,59.95139141183242,2025-12-12 10h20.18.187367 -0600,
102,102,0,speech,images/speak.png,go,"what",audios/what.wav,videos/what_clip.mp4,wrist,space,580.3234493,None,,,,,3,0,3,0,0,102,102,102,,,,,,,,,6861.050202,,,,,,,,,,,,,,,,,,,,,,,,,,,,,,,,,,,,,,,,,,,,,,,,,,1.0,6861.0490529,6861.050202,6862.793151100001,6862.793151100001,6863.793162,6863.793162,6864.292963366666,6865.6429513,6866.8890345,6866.8890345,6869.292984400001,6869.292984400001,6869.292977366666,6870.2935309,6872.023385300001,6871.7763987,,,,,,,BCI02,001,2025-12-12_10h20.03.735,CoSpeechGestures,,2025.1.1,59.95139141183242,2025-12-12 10h20.18.187367 -0600,
103,103,0,speech_gesture,images/speak_gesture.png,go,"stop",audios/stop2.wav,videos/stop_clip.mp4,wrist,space,580.3234493,None,,,,,3,0,3,0,0,103,103,103,,,,,,,,,6872.023385300001,,,,,,,,,,,,,,,,,,,,,,,,,,,,,,,,,,,,,,,,,,,,,,,,,,2.663076923076923,6872.022149099999,6872.023385300001,6873.7931069999995,6873.7931069999995,6874.7932316999995,6874.7932316999995,6875.292982666666,6876.876372799999,6877.8988076000005,6877.8988076000005,6880.2930055,6880.2930055,6880.293013966666,6881.2944995,6883.022562,6882.776534799999,,,,,,,BCI02,001,2025-12-12_10h20.03.735,CoSpeechGestures,,2025.1.1,59.95139141183242,2025-12-12 10h20.18.187367 -0600,
104,104,0,speech_gesture,images/speak_gesture.png,go,"goodbye",audios/goodbye.wav,videos/goodbye_clip.mp4,wrist,space,580.3234493,None,,,,,3,0,3,0,0,104,104,104,,,,,,,,,6883.022562,,,,,,,,,,,,,,,,,,,,,,,,,,,,,,,,,,,,,,,,,,,,,,,,,,2.663076923076923,6883.0175521,6883.022562,6884.793147599999,6884.793147599999,6885.7931974,6885.7931974,6886.293040166667,6888.296485999999,6888.8990297,6888.8990297,6891.293070899999,6891.293070899999,6891.293171266667,6892.2963172,6894.022342099999,6893.7766630999995,,,,,,,BCI02,001,2025-12-12_10h20.03.735,CoSpeechGestures,,2025.1.1,59.95139141183242,2025-12-12 10h20.18.187367 -0600,
105,105,0,speech,images/speak.png,go,"cutting",audios/cutting.wav,videos/cutting_clip.mp4,arm,space,580.3234493,None,,,,,3,0,3,0,0,105,105,105,,,,,,,,,6894.022342099999,,,,,,,,,,,,,,,,,,,,,,,,,,,,,,,,,,,,,,,,,,,,,,,,,,1.0,6894.021140999999,6894.022342099999,6895.793215400001,6895.793215400001,6896.7932657,6896.7932657,6897.293108466667,6899.0264487,6899.8970006,6899.8970006,6902.293158500001,6902.293158500001,6902.293133866666,6903.296275999999,6905.0146841999995,6904.7766575000005,,,,,,,BCI02,001,2025-12-12_10h20.03.735,CoSpeechGestures,,2025.1.1,59.95139141183242,2025-12-12 10h20.18.187367 -0600,
106,106,0,gesture_no,images/hand.png,nogo,"stop",audios/stop2.wav,videos/stop_clip.mp4,wrist,space,580.3234493,None,,,,,3,0,3,0,0,106,106,106,,,,,,,,,6905.0146841999995,,,,,,,,,,,,,,,,,,,,,,,,,,,,,,,,,,,,,,,,,,,,,,,,,,1.0,6905.0135895,6905.0146841999995,6906.7931775,6906.7931775,6907.793429699999,6907.793429699999,6908.293165066667,6909.876547899999,6910.891183600001,6910.891183600001,6913.2931816,6913.2931816,6913.293199666667,6914.2964694,6916.027596399999,6915.7766835,,,,,,,BCI02,001,2025-12-12_10h20.03.735,CoSpeechGestures,,2025.1.1,59.95139141183242,2025-12-12 10h20.18.187367 -0600,
107,107,0,speech_gesture,images/speak_gesture.png,go,"good luck",audios/goodluck2.wav,videos/goodluck_clip.mp4,digits,space,580.3234493,None,,,,,3,0,3,0,0,107,107,107,,,,,,,,,6916.027596399999,,,,,,,,,,,,,,,,,,,,,,,,,,,,,,,,,,,,,,,,,,,,,,,,,,2.663076923076923,6916.0223178,6916.027596399999,6917.793223500001,6917.793223500001,6918.7933692999995,6918.7933692999995,6919.2932507666665,6920.759913399999,6921.9037236,6921.9037236,6924.2932519999995,6924.2932519999995,6924.293258266667,6925.295935599999,6927.0162803,6926.776840500001,,,,,,,BCI02,001,2025-12-12_10h20.03.735,CoSpeechGestures,,2025.1.1,59.95139141183242,2025-12-12 10h20.18.187367 -0600,
108,108,0,gesture,images/hand.png,go,"goodbye",audios/goodbye.wav,videos/goodbye_clip.mp4,wrist,space,580.3234493,None,,,,,3,0,3,0,0,108,108,108,,,,,,,,,6927.0162803,,,,,,,,,,,,,,,,,,,,,,,,,,,,,,,,,,,,,,,,,,,,,,,,,,1.0,6927.015041299999,6927.0162803,6928.793280399999,6928.793280399999,6929.7934700000005,6929.7934700000005,6930.293286066666,6932.295077700001,6932.8874414,6932.8874414,6935.293302800001,6935.293302800001,6935.2934184666665,6936.2953282,6938.037613500001,6937.776829,,,,,,,BCI02,001,2025-12-12_10h20.03.735,CoSpeechGestures,,2025.1.1,59.95139141183242,2025-12-12 10h20.18.187367 -0600,
109,109,0,gesture,images/hand.png,go,"bumpy",audios/bumpy.wav,videos/bumpy_clip.mp4,wrist,space,580.3234493,None,,,,,3,0,3,0,0,109,109,109,,,,,,,,,6938.037613500001,,,,,,,,,,,,,,,,,,,,,,,,,,,,,,,,,,,,,,,,,,,,,,,,,,1.0,6938.036451800001,6938.037613500001,6939.793332900001,6939.793332900001,6940.793505400001,6940.793505400001,6941.293445766667,6943.126714100001,6943.894417699999,6943.894417699999,6946.2933703,6946.2933703,6946.293478866666,6947.293369000001,6949.045859100001,6948.7768607,,,,,,,BCI02,001,2025-12-12_10h20.03.735,CoSpeechGestures,,2025.1.1,59.95139141183242,2025-12-12 10h20.18.187367 -0600,
110,110,0,speech_gesture,images/speak_gesture.png,go,"yes",audios/yes.wav,videos/yes_clip.mp4,digits,space,580.3234493,None,,,,,3,0,3,0,0,110,110,110,,,,,,,,,6949.045859100001,,,,,,,,,,,,,,,,,,,,,,,,,,,,,,,,,,,,,,,,,,,,,,,,,,2.663076923076923,6949.0428335,6949.045859100001,6950.793386699999,6950.793386699999,6951.7936467,6951.7936467,6952.293521866666,6953.9934625000005,6954.9112847,6954.9112847,6957.2934381,6957.2934381,6957.293424366666,6958.2963091,6960.008772900001,6959.776905999999,,,,,,,BCI02,001,2025-12-12_10h20.03.735,CoSpeechGestures,,2025.1.1,59.95139141183242,2025-12-12 10h20.18.187367 -0600,
111,111,0,speech,images/speak.png,go,"goodbye",audios/goodbye.wav,videos/goodbye_clip.mp4,wrist,space,580.3234493,None,,,,,3,0,3,0,0,111,111,111,,,,,,,,,6960.008772900001,,,,,,,,,,,,,,,,,,,,,,,,,,,,,,,,,,,,,,,,,,,,,,,,,,1.0,6960.007482499999,6960.008772900001,6961.793322400001,6961.793322400001,6962.793519700001,6962.793519700001,6963.293356566666,6965.2951696,6965.878847600001,6965.878847600001,6968.293326499999,6968.293326499999,6968.293960766667,6969.2941412,6971.015370700001,6970.7773167,,,,,,,BCI02,001,2025-12-12_10h20.03.735,CoSpeechGestures,,2025.1.1,59.95139141183242,2025-12-12 10h20.18.187367 -0600,
112,112,0,gesture,images/hand.png,go,"cutting",audios/cutting.wav,videos/cutting_clip.mp4,arm,space,580.3234493,None,,,,,3,0,3,0,0,112,112,112,,,,,,,,,6971.015370700001,,,,,,,,,,,,,,,,,,,,,,,,,,,,,,,,,,,,,,,,,,,,,,,,,,1.0,6971.0142485,6971.015370700001,6972.7938455,6972.7938455,6973.7941152,6973.7941152,6974.293369166666,6976.0269546,6976.8870351000005,6976.8870351000005,6979.293921799999,6979.293921799999,6979.293430066666,6980.2948029,6982.037301099999,6981.7773963,,,,,,,BCI02,001,2025-12-12_10h20.03.735,CoSpeechGestures,,2025.1.1,59.95139141183242,2025-12-12 10h20.18.187367 -0600,
113,113,0,speech,images/speak.png,go,"peace",audios/peace.wav,videos/peace_clip.mp4,digits,space,580.3234493,None,,,,,3,0,3,0,0,113,113,113,,,,,,,,,6982.037301099999,,,,,,,,,,,,,,,,,,,,,,,,,,,,,,,,,,,,,,,,,,,,,,,,,,1.0,6982.0349228,6982.037301099999,6983.794040299999,6983.794040299999,6984.7937812,6984.7937812,6985.293475766666,6986.6603522000005,6987.918038100001,6987.918038100001,6990.2939174,6990.2939174,6990.293924266667,6991.293930899999,6993.0255536,6992.7773562,,,,,,,BCI02,001,2025-12-12_10h20.03.735,CoSpeechGestures,,2025.1.1,59.95139141183242,2025-12-12 10h20.18.187367 -0600,
114,114,0,gesture,images/hand.png,go,"peace",audios/peace.wav,videos/peace_clip.mp4,digits,space,580.3234493,None,,,,,3,0,3,0,0,114,114,114,,,,,,,,,6993.0255536,,,,,,,,,,,,,,,,,,,,,,,,,,,,,,,,,,,,,,,,,,,,,,,,,,1.0,6993.0244528,6993.0255536,6994.793932299999,6994.793932299999,6995.7937255,6995.7937255,6996.293497866667,6997.660685299999,6998.8732869,6998.8732869,7001.2941992,7001.2941992,7001.293996666667,7002.297430799999,7003.893831200001,7003.7775193,,,,,,,BCI02,001,2025-12-12_10h20.03.735,CoSpeechGestures,,2025.1.1,59.95139141183242,2025-12-12 10h20.18.187367 -0600,
0,0,0,gesture,images/hand.png,go,"what",audios/what.wav,videos/what_clip.mp4,wrist,space,179.62370620000002,None,,,,,4,0,4,0,0,0,0,0,,,,,,,,,7183.6795035,,,,,,,,,,,,,,,,,,,,,,,,,,,,,,,,,,,,,,,,,,,7003.8927232999995,7003.893831200001,7003.893831200001,7183.5284606000005,space,179.62370620000002,None,1.0,7183.6770939,7183.6795035,7185.528366099999,7185.528366099999,7186.5279565,7186.5279565,7187.027745066667,7188.3783604,7189.6176473,7189.6176473,7192.0277965000005,7192.0277965000005,7192.027721066666,7193.028514,7194.7560361,7194.5117377999995,,,,,,,BCI02,001,2025-12-12_10h20.03.735,CoSpeechGestures,,2025.1.1,59.95139141183242,2025-12-12 10h20.18.187367 -0600,
1,1,0,speech_gesture,images/speak_gesture.png,go,"bumpy",audios/bumpy.wav,videos/bumpy_clip.mp4,wrist,space,179.62370620000002,None,,,,,4,0,4,0,0,1,1,1,,,,,,,,,7194.7560361,,,,,,,,,,,,,,,,,,,,,,,,,,,,,,,,,,,,,,,,,,,,,,,,,,2.663076923076923,7194.7544294,7194.7560361,7196.5277565,7196.5277565,7197.528537800001,7197.528537800001,7198.027812666667,7199.8611574999995,7200.6232117,7200.6232117,7203.0283254000005,7203.0283254000005,7203.0283137666665,7204.0277301999995,7205.768181900001,7205.5118766,,,,,,,BCI02,001,2025-12-12_10h20.03.735,CoSpeechGestures,,2025.1.1,59.95139141183242,2025-12-12 10h20.18.187367 -0600,
2,2,0,speech,images/speak.png,go,"hang loose",audios/hangloose.wav,videos/hangloose_clip.mp4,digits,space,179.62370620000002,None,,,,,4,0,4,0,0,2,2,2,,,,,,,,,7205.768181900001,,,,,,,,,,,,,,,,,,,,,,,,,,,,,,,,,,,,,,,,,,,,,,,,,,1.0,7205.766924899999,7205.768181900001,7207.5278217,7207.5278217,7208.528700500001,7208.528700500001,7209.027858466667,7210.661706000001,7211.624763600001,7211.624763600001,7214.027858699999,7214.027858699999,7214.028421966666,7215.029814400001,7216.7616769,7216.5115506,,,,,,,BCI02,001,2025-12-12_10h20.03.735,CoSpeechGestures,,2025.1.1,59.95139141183242,2025-12-12 10h20.18.187367 -0600,
3,3,0,gesture,images/hand.png,go,"goodbye",audios/goodbye.wav,videos/goodbye_clip.mp4,wrist,space,179.62370620000002,None,,,,,4,0,4,0,0,3,3,3,,,,,,,,,7216.7616769,,,,,,,,,,,,,,,,,,,,,,,,,,,,,,,,,,,,,,,,,,,,,,,,,,1.0,7216.760335499999,7216.7616769,7218.5283941,7218.5283941,7219.528090600001,7219.528090600001,7220.028383966666,7222.0302123,7222.6292514,7222.6292514,7225.0279317,7225.0279317,7225.028518166666,7226.028417199999,7227.763531799999,7227.511866000001,,,,,,,BCI02,001,2025-12-12_10h20.03.735,CoSpeechGestures,,2025.1.1,59.95139141183242,2025-12-12 10h20.18.187367 -0600,
4,4,0,gesture,images/hand.png,go,"yes",audios/yes.wav,videos/yes_clip.mp4,digits,space,179.62370620000002,None,,,,,4,0,4,0,0,4,4,4,,,,,,,,,7227.763531799999,,,,,,,,,,,,,,,,,,,,,,,,,,,,,,,,,,,,,,,,,,,,,,,,,,1.0,7227.762369100001,7227.763531799999,7229.528090100001,7229.528090100001,7230.528666800001,7230.528666800001,7231.028400266667,7232.728409400001,7233.633451400001,7233.633451400001,7236.0285853000005,7236.0285853000005,7236.028503166666,7237.028885899999,7238.7751936,7238.5119964000005,,,,,,,BCI02,001,2025-12-12_10h20.03.735,CoSpeechGestures,,2025.1.1,59.95139141183242,2025-12-12 10h20.18.187367 -0600,
5,5,0,speech,images/speak.png,go,"sweeping",audios/sweeping.wav,videos/sweeping_clip.mp4,arm,space,179.62370620000002,None,,,,,4,0,4,0,0,5,5,5,,,,,,,,,7238.7751936,,,,,,,,,,,,,,,,,,,,,,,,,,,,,,,,,,,,,,,,,,,,,,,,,,1.0,7238.7740491,7238.7751936,7240.5284648,7240.5284648,7241.528300100001,7241.528300100001,7242.028444166666,7243.8285626,7244.624574400001,7244.624574400001,7247.0285064,7247.0285064,7247.028489166667,7248.028678000001,7249.764697500001,7249.5119541,,,,,,,BCI02,001,2025-12-12_10h20.03.735,CoSpeechGestures,,2025.1.1,59.95139141183242,2025-12-12 10h20.18.187367 -0600,
6,6,0,speech_gesture,images/speak_gesture.png,go,"stop",audios/stop2.wav,videos/stop_clip.mp4,wrist,space,179.62370620000002,None,,,,,4,0,4,0,0,6,6,6,,,,,,,,,7249.764697500001,,,,,,,,,,,,,,,,,,,,,,,,,,,,,,,,,,,,,,,,,,,,,,,,,,2.663076923076923,7249.7634027,7249.764697500001,7251.5284827,7251.5284827,7252.5283115,7252.5283115,7253.028531666667,7254.628536,7255.6260975000005,7255.6260975000005,7258.0286037999995,7258.0286037999995,7258.028554566667,7259.028417400001,7260.756569499999,7260.5120099,,,,,,,BCI02,001,2025-12-12_10h20.03.735,CoSpeechGestures,,2025.1.1,59.95139141183242,2025-12-12 10h20.18.187367 -0600,
7,7,0,gesture,images/hand.png,go,"yes",audios/yes.wav,videos/yes_clip.mp4,digits,space,179.62370620000002,None,,,,,4,0,4,0,0,7,7,7,,,,,,,,,7260.756569499999,,,,,,,,,,,,,,,,,,,,,,,,,,,,,,,,,,,,,,,,,,,,,,,,,,1.0,7260.7553699,7260.756569499999,7262.5285896000005,7262.5285896000005,7263.5283414000005,7263.5283414000005,7264.028132166666,7265.7121565,7266.621914200001,7266.621914200001,7269.0281242,7269.0281242,7269.0286424666665,7270.0294495,7271.742185700001,7271.512185199999,,,,,,,BCI02,001,2025-12-12_10h20.03.735,CoSpeechGestures,,2025.1.1,59.95139141183242,2025-12-12 10h20.18.187367 -0600,
8,8,0,speech,images/speak.png,go,"what",audios/what.wav,videos/what_clip.mp4,wrist,space,179.62370620000002,None,,,,,4,0,4,0,0,8,8,8,,,,,,,,,7271.742185700001,,,,,,,,,,,,,,,,,,,,,,,,,,,,,,,,,,,,,,,,,,,,,,,,,,1.0,7271.741045999999,7271.742185700001,7273.528166800001,7273.528166800001,7274.528390199999,7274.528390199999,7275.028199266666,7276.3786628,7277.6231487000005,7277.6231487000005,7280.0282322,7280.0282322,7280.028770166666,7281.0304665,7282.8016241000005,7282.5116712,,,,,,,BCI02,001,2025-12-12_10h20.03.735,CoSpeechGestures,,2025.1.1,59.95139141183242,2025-12-12 10h20.18.187367 -0600,
9,9,0,speech,images/speak.png,go,"outside",audios/outside.wav,videos/outside_clip.mp4,arm,space,179.62370620000002,None,,,,,4,0,4,0,0,9,9,9,,,,,,,,,7282.8016241000005,,,,,,,,,,,,,,,,,,,,,,,,,,,,,,,,,,,,,,,,,,,,,,,,,,1.0,7282.8004564,7282.8016241000005,7284.528705999999,7284.528705999999,7285.5284465,7285.5284465,7286.028251666667,7287.828695300001,7288.619533200001,7288.619533200001,7291.028744200001,7291.028744200001,7291.028735566666,7292.0293745,7293.7694978,7293.5122187,,,,,,,BCI02,001,2025-12-12_10h20.03.735,CoSpeechGestures,,2025.1.1,59.95139141183242,2025-12-12 10h20.18.187367 -0600,
10,10,0,speech_gesture,images/speak_gesture.png,go,"good luck",audios/goodluck2.wav,videos/goodluck_clip.mp4,digits,space,179.62370620000002,None,,,,,4,0,4,0,0,10,10,10,,,,,,,,,7293.7694978,,,,,,,,,,,,,,,,,,,,,,,,,,,,,,,,,,,,,,,,,,,,,,,,,,2.663076923076923,7293.7682654,7293.7694978,7295.5289173,7295.5289173,7296.5290955,7296.5290955,7297.028989966666,7298.512190900001,7299.614702999999,7299.614702999999,7302.028847,7302.028847,7302.028774466666,7303.030925000001,7304.7396512,7304.511871999999,,,,,,,BCI02,001,2025-12-12_10h20.03.735,CoSpeechGestures,,2025.1.1,59.95139141183242,2025-12-12 10h20.18.187367 -0600,
11,11,0,gesture,images/hand.png,go,"goodbye",audios/goodbye.wav,videos/goodbye_clip.mp4,wrist,space,179.62370620000002,None,,,,,4,0,4,0,0,11,11,11,,,,,,,,,7304.7396512,,,,,,,,,,,,,,,,,,,,,,,,,,,,,,,,,,,,,,,,,,,,,,,,,,1.0,7304.738390300001,7304.7396512,7306.5288802,7306.5288802,7307.5285693000005,7307.5285693000005,7308.028371066666,7310.0283356,7310.613964100001,7310.613964100001,7313.028855299999,7313.028855299999,7313.028839566667,7314.0288143,7315.7642784,7315.5118317,,,,,,,BCI02,001,2025-12-12_10h20.03.735,CoSpeechGestures,,2025.1.1,59.95139141183242,2025-12-12 10h20.18.187367 -0600,
12,12,0,gesture,images/hand.png,go,"OK",audios/OK.wav,videos/ok_clip.mp4,digits,space,179.62370620000002,None,,,,,4,0,4,0,0,12,12,12,,,,,,,,,7315.7642784,,,,,,,,,,,,,,,,,,,,,,,,,,,,,,,,,,,,,,,,,,,,,,,,,,1.0,7315.763100100001,7315.7642784,7317.528402600001,7317.528402600001,7318.528596300001,7318.528596300001,7319.028406766667,7320.2450892,7321.627357699999,7321.627357699999,7324.0284457,7324.0284457,7324.028973066666,7325.0289092,7326.8020199,7326.511830699999,,,,,,,BCI02,001,2025-12-12_10h20.03.735,CoSpeechGestures,,2025.1.1,59.95139141183242,2025-12-12 10h20.18.187367 -0600,
13,13,0,gesture,images/hand.png,go,"outside",audios/outside.wav,videos/outside_clip.mp4,arm,space,179.62370620000002,None,,,,,4,0,4,0,0,13,13,13,,,,,,,,,7326.8020199,,,,,,,,,,,,,,,,,,,,,,,,,,,,,,,,,,,,,,,,,,,,,,,,,,1.0,7326.8008537000005,7326.8020199,7328.528980700001,7328.528980700001,7329.529280500001,7329.529280500001,7330.029031266666,7331.8284736000005,7332.6325156,7332.6325156,7335.0289723999995,7335.0289723999995,7335.028959066667,7336.028458700001,7337.777753799999,7337.5125534,,,,,,,BCI02,001,2025-12-12_10h20.03.735,CoSpeechGestures,,2025.1.1,59.95139141183242,2025-12-12 10h20.18.187367 -0600,
14,14,0,speech_gesture,images/speak_gesture.png,go,"sweeping",audios/sweeping.wav,videos/sweeping_clip.mp4,arm,space,179.62370620000002,None,,,,,4,0,4,0,0,14,14,14,,,,,,,,,7337.777753799999,,,,,,,,,,,,,,,,,,,,,,,,,,,,,,,,,,,,,,,,,,,,,,,,,,2.663076923076923,7337.7765585,7337.777753799999,7339.528471400001,7339.528471400001,7340.5293334,7340.5293334,7341.028860666667,7342.8290693,7343.624771999999,7343.624771999999,7346.0291001000005,7346.0291001000005,7346.028665766666,7347.0294815,7348.754872699999,7348.512559999999,,,,,,,BCI02,001,2025-12-12_10h20.03.735,CoSpeechGestures,,2025.1.1,59.95139141183242,2025-12-12 10h20.18.187367 -0600,
15,15,0,speech_no,images/speak.png,nogo,"hang loose",audios/hangloose.wav,videos/hangloose_clip.mp4,digits,space,179.62370620000002,None,,,,,4,0,4,0,0,15,15,15,,,,,,,,,7348.754872699999,,,,,,,,,,,,,,,,,,,,,,,,,,,,,,,,,,,,,,,,,,,,,,,,,,1.0,7348.7537273,7348.754872699999,7350.529092500001,7350.529092500001,7351.528731,7351.528731,7352.028553266666,7353.645208800001,7354.635397399999,7354.635397399999,7357.029045699999,7357.029045699999,7357.029074066666,7358.0309937,7359.7415872,7359.5124918,,,,,,,BCI02,001,2025-12-12_10h20.03.735,CoSpeechGestures,,2025.1.1,59.95139141183242,2025-12-12 10h20.18.187367 -0600,
16,16,0,gesture,images/hand.png,go,"bumpy",audios/bumpy.wav,videos/bumpy_clip.mp4,wrist,space,179.62370620000002,None,,,,,4,0,4,0,0,16,16,16,,,,,,,,,7359.7415872,,,,,,,,,,,,,,,,,,,,,,,,,,,,,,,,,,,,,,,,,,,,,,,,,,1.0,7359.740395000001,7359.7415872,7361.5290678,7361.5290678,7362.5293982,7362.5293982,7363.029306666667,7364.862202,7365.6304642,7365.6304642,7368.0291203,7368.0291203,7368.029094966667,7369.0326136,7370.765106299999,7370.5125628000005,,,,,,,BCI02,001,2025-12-12_10h20.03.735,CoSpeechGestures,,2025.1.1,59.95139141183242,2025-12-12 10h20.18.187367 -0600,
17,17,0,speech_gesture,images/speak_gesture.png,go,"sweeping",audios/sweeping.wav,videos/sweeping_clip.mp4,arm,space,179.62370620000002,None,,,,,4,0,4,0,0,17,17,17,,,,,,,,,7370.765106299999,,,,,,,,,,,,,,,,,,,,,,,,,,,,,,,,,,,,,,,,,,,,,,,,,,2.663076923076923,7370.7634896,7370.765106299999,7372.5288616,7372.5288616,7373.529138,7373.529138,7374.029323866667,7375.829309500001,7376.6282892,7376.6282892,7379.029146500001,7379.029146500001,7379.0291431666665,7380.0454721999995,7381.7389731,7381.5128095,,,,,,,BCI02,001,2025-12-12_10h20.03.735,CoSpeechGestures,,2025.1.1,59.95139141183242,2025-12-12 10h20.18.187367 -0600,
18,18,0,speech,images/speak.png,go,"yes",audios/yes.wav,videos/yes_clip.mp4,digits,space,179.62370620000002,None,,,,,4,0,4,0,0,18,18,18,,,,,,,,,7381.7389731,,,,,,,,,,,,,,,,,,,,,,,,,,,,,,,,,,,,,,,,,,,,,,,,,,1.0,7381.7377738,7381.7389731,7383.5294539999995,7383.5294539999995,7384.5289981000005,7384.5289981000005,7385.029396566666,7386.729441900001,7387.633450900001,7387.633450900001,7390.029238499999,7390.029238499999,7390.028754666666,7391.0302216,7392.759924,7392.5128298,,,,,,,BCI02,001,2025-12-12_10h20.03.735,CoSpeechGestures,,2025.1.1,59.95139141183242,2025-12-12 10h20.18.187367 -0600,
19,19,0,speech,images/speak.png,go,"good luck",audios/goodluck2.wav,videos/goodluck_clip.mp4,digits,space,179.62370620000002,None,,,,,4,0,4,0,0,19,19,19,,,,,,,,,7392.759924,,,,,,,,,,,,,,,,,,,,,,,,,,,,,,,,,,,,,,,,,,,,,,,,,,1.0,7392.7587908000005,7392.759924,7394.5292422,7394.5292422,7395.5289944,7395.5289944,7396.028845366667,7397.5121082000005,7398.609929800001,7398.609929800001,7401.0295112,7401.0295112,7401.029295866667,7402.0294426,7403.7505189,7403.5122964,,,,,,,BCI02,001,2025-12-12_10h20.03.735,CoSpeechGestures,,2025.1.1,59.95139141183242,2025-12-12 10h20.18.187367 -0600,
20,20,0,speech,images/speak.png,go,"goodbye",audios/goodbye.wav,videos/goodbye_clip.mp4,wrist,space,179.62370620000002,None,,,,,4,0,4,0,0,20,20,20,,,,,,,,,7403.7505189,,,,,,,,,,,,,,,,,,,,,,,,,,,,,,,,,,,,,,,,,,,,,,,,,,1.0,7403.7493994,7403.7505189,7405.5294983,7405.5294983,7406.5296256,7406.5296256,7407.028869566666,7409.030061900001,7409.6227509,7409.6227509,7412.0295369,7412.0295369,7412.028883366667,7413.032108400001,7414.788687099999,7414.5127813,,,,,,,BCI02,001,2025-12-12_10h20.03.735,CoSpeechGestures,,2025.1.1,59.95139141183242,2025-12-12 10h20.18.187367 -0600,
21,21,0,speech_gesture,images/speak_gesture.png,go,"good luck",audios/goodluck2.wav,videos/goodluck_clip.mp4,digits,space,179.62370620000002,None,,,,,4,0,4,0,0,21,21,21,,,,,,,,,7414.788687099999,,,,,,,,,,,,,,,,,,,,,,,,,,,,,,,,,,,,,,,,,,,,,,,,,,2.663076923076923,7414.7870427,7414.788687099999,7416.529083199999,7416.529083199999,7417.529157200001,7417.529157200001,7418.029470466667,7419.5122156,7420.6158048,7420.6158048,7423.0289273,7423.0289273,7423.029456666667,7424.029336899999,7425.7668797999995,7425.512821300001,,,,,,,BCI02,001,2025-12-12_10h20.03.735,CoSpeechGestures,,2025.1.1,59.95139141183242,2025-12-12 10h20.18.187367 -0600,
22,22,0,speech,images/speak.png,go,"peace",audios/peace.wav,videos/peace_clip.mp4,digits,space,179.62370620000002,None,,,,,4,0,4,0,0,22,22,22,,,,,,,,,7425.7668797999995,,,,,,,,,,,,,,,,,,,,,,,,,,,,,,,,,,,,,,,,,,,,,,,,,,1.0,7425.7656898000005,7425.7668797999995,7427.5296065,7427.5296065,7428.529164199999,7428.529164199999,7429.028935666667,7430.3955831,7431.6360446,7431.6360446,7434.028981900001,7434.028981900001,7434.028982866666,7435.029782899999,7436.780479499999,7436.5123977,,,,,,,BCI02,001,2025-12-12_10h20.03.735,CoSpeechGestures,,2025.1.1,59.95139141183242,2025-12-12 10h20.18.187367 -0600,
23,23,0,speech_gesture,images/speak_gesture.png,go,"what",audios/what.wav,videos/what_clip.mp4,wrist,space,179.62370620000002,None,,,,,4,0,4,0,0,23,23,23,,,,,,,,,7436.780479499999,,,,,,,,,,,,,,,,,,,,,,,,,,,,,,,,,,,,,,,,,,,,,,,,,,2.663076923076923,7436.7788459,7436.780479499999,7438.529005300001,7438.529005300001,7439.529168700001,7439.529168700001,7440.029414966666,7441.3789638,7442.665444099999,7442.665444099999,7445.0295324,7445.0295324,7445.029543566667,7446.0312214000005,7447.764663399999,7447.5129748,,,,,,,BCI02,001,2025-12-12_10h20.03.735,CoSpeechGestures,,2025.1.1,59.95139141183242,2025-12-12 10h20.18.187367 -0600,
24,24,0,speech,images/speak.png,go,"stop",audios/stop2.wav,videos/stop_clip.mp4,wrist,space,179.62370620000002,None,,,,,4,0,4,0,0,24,24,24,,,,,,,,,7447.764663399999,,,,,,,,,,,,,,,,,,,,,,,,,,,,,,,,,,,,,,,,,,,,,,,,,,1.0,7447.7634179,7447.764663399999,7449.529521,7449.529521,7450.529211700001,7450.529211700001,7451.029228066667,7452.612392700001,7453.6276631,7453.6276631,7456.0295401,7456.0295401,7456.029090566666,7457.028994099999,7458.7822092999995,7458.5130238,,,,,,,BCI02,001,2025-12-12_10h20.03.735,CoSpeechGestures,,2025.1.1,59.95139141183242,2025-12-12 10h20.18.187367 -0600,
25,25,0,speech,images/speak.png,go,"stop",audios/stop2.wav,videos/stop_clip.mp4,wrist,space,179.62370620000002,None,,,,,4,0,4,0,0,25,25,25,,,,,,,,,7458.7822092999995,,,,,,,,,,,,,,,,,,,,,,,,,,,,,,,,,,,,,,,,,,,,,,,,,,1.0,7458.7810424,7458.7822092999995,7460.529192600001,7460.529192600001,7461.5293937999995,7461.5293937999995,7462.029219766666,7463.6125342,7464.626560500001,7464.626560500001,7467.0292613,7467.0292613,7467.029251666667,7468.032134200001,7469.767032399999,7469.5127323,,,,,,,BCI02,001,2025-12-12_10h20.03.735,CoSpeechGestures,,2025.1.1,59.95139141183242,2025-12-12 10h20.18.187367 -0600,
26,26,0,gesture,images/hand.png,go,"OK",audios/OK.wav,videos/ok_clip.mp4,digits,space,179.62370620000002,None,,,,,4,0,4,0,0,26,26,26,,,,,,,,,7469.767032399999,,,,,,,,,,,,,,,,,,,,,,,,,,,,,,,,,,,,,,,,,,,,,,,,,,1.0,7469.7659255,7469.767032399999,7471.5292861,7471.5292861,7472.5294775,7472.5294775,7473.029262066666,7474.2458996000005,7475.6308159,7475.6308159,7478.0292807000005,7478.0292807000005,7478.0292721666665,7479.030870500001,7480.769613500001,7480.512918300001,,,,,,,BCI02,001,2025-12-12_10h20.03.735,CoSpeechGestures,,2025.1.1,59.95139141183242,2025-12-12 10h20.18.187367 -0600,
27,27,0,speech_gesture,images/speak_gesture.png,go,"goodbye",audios/goodbye.wav,videos/goodbye_clip.mp4,wrist,space,179.62370620000002,None,,,,,4,0,4,0,0,27,27,27,,,,,,,,,7480.769613500001,,,,,,,,,,,,,,,,,,,,,,,,,,,,,,,,,,,,,,,,,,,,,,,,,,2.663076923076923,7480.768075800001,7480.769613500001,7482.5293325,7482.5293325,7483.5294811,7483.5294811,7484.0293870666665,7486.0317498,7486.630906799999,7486.630906799999,7489.0294082,7489.0294082,7489.029388966666,7490.0316305,7491.763888900001,7491.5128466999995,,,,,,,BCI02,001,2025-12-12_10h20.03.735,CoSpeechGestures,,2025.1.1,59.95139141183242,2025-12-12 10h20.18.187367 -0600,
28,28,0,gesture,images/hand.png,go,"peace",audios/peace.wav,videos/peace_clip.mp4,digits,space,179.62370620000002,None,,,,,4,0,4,0,0,28,28,28,,,,,,,,,7491.763888900001,,,,,,,,,,,,,,,,,,,,,,,,,,,,,,,,,,,,,,,,,,,,,,,,,,1.0,7491.762669600001,7491.763888900001,7493.5298095,7493.5298095,7494.5294596,7494.5294596,7495.029243466666,7496.395894900001,7497.637325899999,7497.637325899999,7500.0297292,7500.0297292,7500.029771866666,7501.029346200001,7502.7538007,7502.513431900001,,,,,,,BCI02,001,2025-12-12_10h20.03.735,CoSpeechGestures,,2025.1.1,59.95139141183242,2025-12-12 10h20.18.187367 -0600,
29,29,0,speech,images/speak.png,go,"what",audios/what.wav,videos/what_clip.mp4,wrist,space,179.62370620000002,None,,,,,4,0,4,0,0,29,29,29,,,,,,,,,7502.7538007,,,,,,,,,,,,,,,,,,,,,,,,,,,,,,,,,,,,,,,,,,,,,,,,,,1.0,7502.7526581,7502.7538007,7504.5297914,7504.5297914,7505.529543299999,7505.529543299999,7506.029341366666,7507.3798704,7508.614485100001,7508.614485100001,7511.029810399999,7511.029810399999,7511.029848666667,7512.0334492,7513.7826618,7513.5127837,,,,,,,BCI02,001,2025-12-12_10h20.03.735,CoSpeechGestures,,2025.1.1,59.95139141183242,2025-12-12 10h20.18.187367 -0600,
30,30,0,gesture,images/hand.png,go,"cutting",audios/cutting.wav,videos/cutting_clip.mp4,arm,space,179.62370620000002,None,,,,,4,0,4,0,0,30,30,30,,,,,,,,,7513.7826618,,,,,,,,,,,,,,,,,,,,,,,,,,,,,,,,,,,,,,,,,,,,,,,,,,1.0,7513.7814717,7513.7826618,7515.5300931,7515.5300931,7516.529558599999,7516.529558599999,7517.029436266666,7518.7634191,7519.6234606,7519.6234606,7522.029888200001,7522.029888200001,7522.029853166667,7523.0304074,7524.7510716,7524.5135555,,,,,,,BCI02,001,2025-12-12_10h20.03.735,CoSpeechGestures,,2025.1.1,59.95139141183242,2025-12-12 10h20.18.187367 -0600,
31,31,0,gesture,images/hand.png,go,"outside",audios/outside.wav,videos/outside_clip.mp4,arm,space,179.62370620000002,None,,,,,4,0,4,0,0,31,31,31,,,,,,,,,7524.7510716,,,,,,,,,,,,,,,,,,,,,,,,,,,,,,,,,,,,,,,,,,,,,,,,,,1.0,7524.749888,7524.7510716,7526.5298908,7526.5298908,7527.529902599999,7527.529902599999,7528.029406666667,7529.830107,7530.6130576,7530.6130576,7533.029942499999,7533.029942499999,7533.030015466666,7534.032092699999,7535.7711189,7535.512874800001,,,,,,,BCI02,001,2025-12-12_10h20.03.735,CoSpeechGestures,,2025.1.1,59.95139141183242,2025-12-12 10h20.18.187367 -0600,
32,32,0,speech_gesture,images/speak_gesture.png,go,"peace",audios/peace.wav,videos/peace_clip.mp4,digits,space,179.62370620000002,None,,,,,4,0,4,0,0,32,32,32,,,,,,,,,7535.7711189,,,,,,,,,,,,,,,,,,,,,,,,,,,,,,,,,,,,,,,,,,,,,,,,,,2.663076923076923,7535.7692979,7535.7711189,7537.5297164,7537.5297164,7538.5297494999995,7538.5297494999995,7539.029590466667,7540.3962587000005,7541.624898800001,7541.624898800001,7544.0296493000005,7544.0296493000005,7544.029637466667,7545.031019800001,7546.763942199999,7546.513199200001,,,,,,,BCI02,001,2025-12-12_10h20.03.735,CoSpeechGestures,,2025.1.1,59.95139141183242,2025-12-12 10h20.18.187367 -0600,
33,33,0,gesture,images/hand.png,go,"good luck",audios/goodluck2.wav,videos/goodluck_clip.mp4,digits,space,179.62370620000002,None,,,,,4,0,4,0,0,33,33,33,,,,,,,,,7546.763942199999,,,,,,,,,,,,,,,,,,,,,,,,,,,,,,,,,,,,,,,,,,,,,,,,,,1.0,7546.762565000001,7546.763942199999,7548.529827099999,7548.529827099999,7549.5298661,7549.5298661,7550.029647866666,7551.4982781,7552.636371299999,7552.636371299999,7555.029684499999,7555.029684499999,7555.029767266666,7556.033111299999,7557.7529706000005,7557.5131576,,,,,,,BCI02,001,2025-12-12_10h20.03.735,CoSpeechGestures,,2025.1.1,59.95139141183242,2025-12-12 10h20.18.187367 -0600,
34,34,0,gesture,images/hand.png,go,"sweeping",audios/sweeping.wav,videos/sweeping_clip.mp4,arm,space,179.62370620000002,None,,,,,4,0,4,0,0,34,34,34,,,,,,,,,7557.7529706000005,,,,,,,,,,,,,,,,,,,,,,,,,,,,,,,,,,,,,,,,,,,,,,,,,,1.0,7557.751869199999,7557.7529706000005,7559.5297063,7559.5297063,7560.529912,7560.529912,7561.029730466666,7562.8297623,7563.6339424,7563.6339424,7566.029757599999,7566.029757599999,7566.029703366667,7567.0326797,7568.757433299999,7568.5133577,,,,,,,BCI02,001,2025-12-12_10h20.03.735,CoSpeechGestures,,2025.1.1,59.95139141183242,2025-12-12 10h20.18.187367 -0600,
35,35,0,speech_gesture_no,images/speak_gesture.png,nogo,"sweeping",audios/sweeping.wav,videos/sweeping_clip.mp4,arm,space,179.62370620000002,None,,,,,4,0,4,0,0,35,35,35,,,,,,,,,7568.757433299999,,,,,,,,,,,,,,,,,,,,,,,,,,,,,,,,,,,,,,,,,,,,,,,,,,2.663076923076923,7568.7558814,7568.757433299999,7570.529740100001,7570.529740100001,7571.5299438,7571.5299438,7572.029762266666,7573.8298859999995,7574.6287680000005,7574.6287680000005,7577.029785999999,7577.029785999999,7577.029899766667,7578.0315383,7579.7592241,7579.5132564,,,,,,,BCI02,001,2025-12-12_10h20.03.735,CoSpeechGestures,,2025.1.1,59.95139141183242,2025-12-12 10h20.18.187367 -0600,
36,36,0,speech,images/speak.png,go,"sweeping",audios/sweeping.wav,videos/sweeping_clip.mp4,arm,space,179.62370620000002,None,,,,,4,0,4,0,0,36,36,36,,,,,,,,,7579.7592241,,,,,,,,,,,,,,,,,,,,,,,,,,,,,,,,,,,,,,,,,,,,,,,,,,1.0,7579.758020900001,7579.7592241,7581.5298975000005,7581.5298975000005,7582.529993300001,7582.529993300001,7583.0298244666665,7584.8298595,7585.628080799999,7585.628080799999,7588.0298537,7588.0298537,7588.0298459666665,7589.033464599999,7590.7704441999995,7590.5133295,,,,,,,BCI02,001,2025-12-12_10h20.03.735,CoSpeechGestures,,2025.1.1,59.95139141183242,2025-12-12 10h20.18.187367 -0600,
37,37,0,speech_gesture,images/speak_gesture.png,go,"cutting",audios/cutting.wav,videos/cutting_clip.mp4,arm,space,179.62370620000002,None,,,,,4,0,4,0,0,37,37,37,,,,,,,,,7590.7704441999995,,,,,,,,,,,,,,,,,,,,,,,,,,,,,,,,,,,,,,,,,,,,,,,,,,2.663076923076923,7590.7688364000005,7590.7704441999995,7592.530003399999,7592.530003399999,7593.530061199999,7593.530061199999,7594.029845566667,7595.763203300001,7596.624781799999,7596.624781799999,7599.0298697,7599.0298697,7599.029886366667,7600.0327626,7601.7450654,7601.513392700001,,,,,,,BCI02,001,2025-12-12_10h20.03.735,CoSpeechGestures,,2025.1.1,59.95139141183242,2025-12-12 10h20.18.187367 -0600,
38,38,0,speech,images/speak.png,go,"cutting",audios/cutting.wav,videos/cutting_clip.mp4,arm,space,179.62370620000002,None,,,,,4,0,4,0,0,38,38,38,,,,,,,,,7601.7450654,,,,,,,,,,,,,,,,,,,,,,,,,,,,,,,,,,,,,,,,,,,,,,,,,,1.0,7601.743789300001,7601.7450654,7603.5299075,7603.5299075,7604.5301284,7604.5301284,7605.029934466667,7606.763242000001,7607.639133799999,7607.639133799999,7610.029927899999,7610.029927899999,7610.029914866667,7611.029925500001,7612.7359203,7612.5134939,,,,,,,BCI02,001,2025-12-12_10h20.03.735,CoSpeechGestures,,2025.1.1,59.95139141183242,2025-12-12 10h20.18.187367 -0600,
39,39,0,speech_gesture,images/speak_gesture.png,go,"yes",audios/yes.wav,videos/yes_clip.mp4,digits,space,179.62370620000002,None,,,,,4,0,4,0,0,39,39,39,,,,,,,,,7612.7359203,,,,,,,,,,,,,,,,,,,,,,,,,,,,,,,,,,,,,,,,,,,,,,,,,,2.663076923076923,7612.7342979000005,7612.7359203,7614.5303009,7614.5303009,7615.530090599999,7615.530090599999,7616.029846866666,7617.7133526,7618.6332614,7618.6332614,7621.0305057000005,7621.0305057000005,7621.029858966667,7622.030350000001,7623.7634779,7623.513817200001,,,,,,,BCI02,001,2025-12-12_10h20.03.735,CoSpeechGestures,,2025.1.1,59.95139141183242,2025-12-12 10h20.18.187367 -0600,
40,40,0,speech_gesture,images/speak_gesture.png,go,"goodbye",audios/goodbye.wav,videos/goodbye_clip.mp4,wrist,space,179.62370620000002,None,,,,,4,0,4,0,0,40,40,40,,,,,,,,,7623.7634779,,,,,,,,,,,,,,,,,,,,,,,,,,,,,,,,,,,,,,,,,,,,,,,,,,2.663076923076923,7623.7620618,7623.7634779,7625.530362699999,7625.530362699999,7626.5301734,7626.5301734,7627.030395866666,7629.0315218,7629.619221499999,7629.619221499999,7632.030410200001,7632.030410200001,7632.029894566667,7633.030373,7634.764883,7634.514052500001,,,,,,,BCI02,001,2025-12-12_10h20.03.735,CoSpeechGestures,,2025.1.1,59.95139141183242,2025-12-12 10h20.18.187367 -0600,
41,41,0,speech,images/speak.png,go,"yes",audios/yes.wav,videos/yes_clip.mp4,digits,space,179.62370620000002,None,,,,,4,0,4,0,0,41,41,41,,,,,,,,,7634.764883,,,,,,,,,,,,,,,,,,,,,,,,,,,,,,,,,,,,,,,,,,,,,,,,,,1.0,7634.7637259,7634.764883,7636.530428399999,7636.530428399999,7637.5301915,7637.5301915,7638.029997366666,7639.7304437,7640.6264918,7640.6264918,7643.0304595,7643.0304595,7643.030456766666,7644.030004300001,7645.763695,7645.514114199999,,,,,,,BCI02,001,2025-12-12_10h20.03.735,CoSpeechGestures,,2025.1.1,59.95139141183242,2025-12-12 10h20.18.187367 -0600,
42,42,0,gesture,images/hand.png,go,"hang loose",audios/hangloose.wav,videos/hangloose_clip.mp4,digits,space,179.62370620000002,None,,,,,4,0,4,0,0,42,42,42,,,,,,,,,7645.763695,,,,,,,,,,,,,,,,,,,,,,,,,,,,,,,,,,,,,,,,,,,,,,,,,,1.0,7645.76254,7645.763695,7647.5300173,7647.5300173,7648.5302090000005,7648.5302090000005,7649.030560066667,7650.6471912,7651.6584697,7651.6584697,7654.030529600001,7654.030529600001,7654.030666766666,7655.034152099999,7656.769782200001,7656.5139373,,,,,,,BCI02,001,2025-12-12_10h20.03.735,CoSpeechGestures,,2025.1.1,59.95139141183242,2025-12-12 10h20.18.187367 -0600,
43,43,0,gesture,images/hand.png,go,"outside",audios/outside.wav,videos/outside_clip.mp4,arm,space,179.62370620000002,None,,,,,4,0,4,0,0,43,43,43,,,,,,,,,7656.769782200001,,,,,,,,,,,,,,,,,,,,,,,,,,,,,,,,,,,,,,,,,,,,,,,,,,1.0,7656.7685946,7656.769782200001,7658.530534900001,7658.530534900001,7659.530904900001,7659.530904900001,7660.030067366666,7661.830590199999,7662.639525799999,7662.639525799999,7665.0305195,7665.0305195,7665.030120466667,7666.033354700001,7667.795736599999,7667.514102700001,,,,,,,BCI02,001,2025-12-12_10h20.03.735,CoSpeechGestures,,2025.1.1,59.95139141183242,2025-12-12 10h20.18.187367 -0600,
44,44,0,speech_gesture_no,images/speak_gesture.png,nogo,"stop",audios/stop2.wav,videos/stop_clip.mp4,wrist,space,179.62370620000002,None,,,,,4,0,4,0,0,44,44,44,,,,,,,,,7667.795736599999,,,,,,,,,,,,,,,,,,,,,,,,,,,,,,,,,,,,,,,,,,,,,,,,,,2.663076923076923,7667.7941863,7667.795736599999,7669.530154599999,7669.530154599999,7670.5310314,7670.5310314,7671.030165766666,7672.6141099,7673.6257444,7673.6257444,7676.0307667,7676.0307667,7676.030644066666,7677.0339076,7678.755616799999,7678.514128299999,,,,,,,BCI02,001,2025-12-12_10h20.03.735,CoSpeechGestures,,2025.1.1,59.95139141183242,2025-12-12 10h20.18.187367 -0600,
45,45,0,gesture,images/hand.png,go,"good luck",audios/goodluck2.wav,videos/goodluck_clip.mp4,digits,space,179.62370620000002,None,,,,,4,0,4,0,0,45,45,45,,,,,,,,,7678.755616799999,,,,,,,,,,,,,,,,,,,,,,,,,,,,,,,,,,,,,,,,,,,,,,,,,,1.0,7678.7543781,7678.755616799999,7680.5308054,7680.5308054,7681.5304127,7681.5304127,7682.030170766666,7683.5140933,7684.619699500001,7684.619699500001,7687.030769200001,7687.030769200001,7687.030754566666,7688.0319225,7689.7755005,7689.514138300001,,,,,,,BCI02,001,2025-12-12_10h20.03.735,CoSpeechGestures,,2025.1.1,59.95139141183242,2025-12-12 10h20.18.187367 -0600,
46,46,0,speech_gesture,images/speak_gesture.png,go,"outside",audios/outside.wav,videos/outside_clip.mp4,arm,space,179.62370620000002,None,,,,,4,0,4,0,0,46,46,46,,,,,,,,,7689.7755005,,,,,,,,,,,,,,,,,,,,,,,,,,,,,,,,,,,,,,,,,,,,,,,,,,2.663076923076923,7689.7739538999995,7689.7755005,7691.530839700001,7691.530839700001,7692.531180800001,7692.531180800001,7693.030215066667,7694.830926500001,7695.629620400001,7695.629620400001,7698.030967999999,7698.030967999999,7698.030278166667,7699.030944,7700.7692893,7700.5143537,,,,,,,BCI02,001,2025-12-12_10h20.03.735,CoSpeechGestures,,2025.1.1,59.95139141183242,2025-12-12 10h20.18.187367 -0600,
47,47,0,gesture,images/hand.png,go,"bumpy",audios/bumpy.wav,videos/bumpy_clip.mp4,wrist,space,179.62370620000002,None,,,,,4,0,4,0,0,47,47,47,,,,,,,,,7700.7692893,,,,,,,,,,,,,,,,,,,,,,,,,,,,,,,,,,,,,,,,,,,,,,,,,,1.0,7700.768091,7700.7692893,7702.5308245,7702.5308245,7703.531113499999,7703.531113499999,7704.030259566667,7705.880976,7706.623521900001,7706.623521900001,7709.0308219,7709.0308219,7709.030792766667,7710.034402200001,7711.7540725,7711.5142543,,,,,,,BCI02,001,2025-12-12_10h20.03.735,CoSpeechGestures,,2025.1.1,59.95139141183242,2025-12-12 10h20.18.187367 -0600,
48,48,0,speech,images/speak.png,go,"hang loose",audios/hangloose.wav,videos/hangloose_clip.mp4,digits,space,179.62370620000002,None,,,,,4,0,4,0,0,48,48,48,,,,,,,,,7711.7540725,,,,,,,,,,,,,,,,,,,,,,,,,,,,,,,,,,,,,,,,,,,,,,,,,,1.0,7711.7529528,7711.7540725,7713.530926900001,7713.530926900001,7714.530547800001,7714.530547800001,7715.030335666666,7716.6469708,7717.6258827,7717.6258827,7720.0308563,7720.0308563,7720.030863366666,7721.0334148,7722.7583459,7722.514406800001,,,,,,,BCI02,001,2025-12-12_10h20.03.735,CoSpeechGestures,,2025.1.1,59.95139141183242,2025-12-12 10h20.18.187367 -0600,
49,49,0,speech_gesture,images/speak_gesture.png,go,"stop",audios/stop2.wav,videos/stop_clip.mp4,wrist,space,179.62370620000002,None,,,,,4,0,4,0,0,49,49,49,,,,,,,,,7722.7583459,,,,,,,,,,,,,,,,,,,,,,,,,,,,,,,,,,,,,,,,,,,,,,,,,,2.663076923076923,7722.757075699999,7722.7583459,7724.530977799999,7724.530977799999,7725.5306812,7725.5306812,7726.030372566667,7727.6142366,7728.6096555,7728.6096555,7731.030935000001,7731.030935000001,7731.030891466666,7732.032338000001,7733.749042199999,7733.5143472,,,,,,,BCI02,001,2025-12-12_10h20.03.735,CoSpeechGestures,,2025.1.1,59.95139141183242,2025-12-12 10h20.18.187367 -0600,
50,50,0,gesture,images/hand.png,go,"what",audios/what.wav,videos/what_clip.mp4,wrist,space,179.62370620000002,None,,,,,4,0,4,0,0,50,50,50,,,,,,,,,7733.749042199999,,,,,,,,,,,,,,,,,,,,,,,,,,,,,,,,,,,,,,,,,,,,,,,,,,1.0,7733.747812199999,7733.749042199999,7735.531084300001,7735.531084300001,7736.5313981,7736.5313981,7737.030431666666,7738.3805072,7739.6332213000005,7739.6332213000005,7742.0304891,7742.0304891,7742.030974266667,7743.0316048,7744.769085,7744.5144029,,,,,,,BCI02,001,2025-12-12_10h20.03.735,CoSpeechGestures,,2025.1.1,59.95139141183242,2025-12-12 10h20.18.187367 -0600,
51,51,0,speech_gesture,images/speak_gesture.png,go,"cutting",audios/cutting.wav,videos/cutting_clip.mp4,arm,space,179.62370620000002,None,,,,,4,0,4,0,0,51,51,51,,,,,,,,,7744.769085,,,,,,,,,,,,,,,,,,,,,,,,,,,,,,,,,,,,,,,,,,,,,,,,,,2.663076923076923,7744.767920099999,7744.769085,7746.5309784,7746.5309784,7747.530702399999,7747.530702399999,7748.030550566666,7749.764419499999,7750.6308028,7750.6308028,7753.0305465,7753.0305465,7753.031070966666,7754.0311284,7755.7535195,7755.5144869,,,,,,,BCI02,001,2025-12-12_10h20.03.735,CoSpeechGestures,,2025.1.1,59.95139141183242,2025-12-12 10h20.18.187367 -0600,
52,52,0,speech,images/speak.png,go,"outside",audios/outside.wav,videos/outside_clip.mp4,arm,space,179.62370620000002,None,,,,,4,0,4,0,0,52,52,52,,,,,,,,,7755.7535195,,,,,,,,,,,,,,,,,,,,,,,,,,,,,,,,,,,,,,,,,,,,,,,,,,1.0,7755.752243499999,7755.7535195,7757.5310226,7757.5310226,7758.5307412,7758.5307412,7759.0305499666665,7760.8306572,7761.600868400001,7761.600868400001,7764.0310377000005,7764.0310377000005,7764.031119266667,7765.032960500001,7766.736846399999,7766.5146389,,,,,,,BCI02,001,2025-12-12_10h20.03.735,CoSpeechGestures,,2025.1.1,59.95139141183242,2025-12-12 10h20.18.187367 -0600,
53,53,0,speech,images/speak.png,go,"bumpy",audios/bumpy.wav,videos/bumpy_clip.mp4,wrist,space,179.62370620000002,None,,,,,4,0,4,0,0,53,53,53,,,,,,,,,7766.736846399999,,,,,,,,,,,,,,,,,,,,,,,,,,,,,,,,,,,,,,,,,,,,,,,,,,1.0,7766.7357276,7766.736846399999,7768.5311126,7768.5311126,7769.531428099999,7769.531428099999,7770.031095366667,7771.8639769,7772.614251700001,7772.614251700001,7775.0311917,7775.0311917,7775.031111266666,7776.0311559,7777.7428211999995,7777.5146924,,,,,,,BCI02,001,2025-12-12_10h20.03.735,CoSpeechGestures,,2025.1.1,59.95139141183242,2025-12-12 10h20.18.187367 -0600,
54,54,0,speech_gesture_no,images/speak_gesture.png,nogo,"hang loose",audios/hangloose.wav,videos/hangloose_clip.mp4,digits,space,179.62370620000002,None,,,,,4,0,4,0,0,54,54,54,,,,,,,,,7777.7428211999995,,,,,,,,,,,,,,,,,,,,,,,,,,,,,,,,,,,,,,,,,,,,,,,,,,2.663076923076923,7777.7412587,7777.7428211999995,7779.5311747,7779.5311747,7780.5315159,7780.5315159,7781.030631966667,7782.647995400001,7783.609793,7783.609793,7786.0311841,7786.0311841,7786.031162666666,7787.033327900001,7788.746073800001,7788.5147908,,,,,,,BCI02,001,2025-12-12_10h20.03.735,CoSpeechGestures,,2025.1.1,59.95139141183242,2025-12-12 10h20.18.187367 -0600,
55,55,0,speech,images/speak.png,go,"peace",audios/peace.wav,videos/peace_clip.mp4,digits,space,179.62370620000002,None,,,,,4,0,4,0,0,55,55,55,,,,,,,,,7788.746073800001,,,,,,,,,,,,,,,,,,,,,,,,,,,,,,,,,,,,,,,,,,,,,,,,,,1.0,7788.744857,7788.746073800001,7790.531259200001,7790.531259200001,7791.531502,7791.531502,7792.030766566666,7793.3976764,7794.624924199999,7794.624924199999,7797.0312342,7797.0312342,7797.030865166667,7798.0307218,7799.7656905,7799.5147197999995,,,,,,,BCI02,001,2025-12-12_10h20.03.735,CoSpeechGestures,,2025.1.1,59.95139141183242,2025-12-12 10h20.18.187367 -0600,
56,56,0,gesture_no,images/hand.png,nogo,"bumpy",audios/bumpy.wav,videos/bumpy_clip.mp4,wrist,space,179.62370620000002,None,,,,,4,0,4,0,0,56,56,56,,,,,,,,,7799.7656905,,,,,,,,,,,,,,,,,,,,,,,,,,,,,,,,,,,,,,,,,,,,,,,,,,1.0,7799.7645957,7799.7656905,7801.530765400001,7801.530765400001,7802.5316361000005,7802.5316361000005,7803.030831766666,7804.864782799999,7805.6354321,7805.6354321,7808.0312789,7808.0312789,7808.0308141666665,7809.0337569,7810.759033099999,7810.5142727,,,,,,,BCI02,001,2025-12-12_10h20.03.735,CoSpeechGestures,,2025.1.1,59.95139141183242,2025-12-12 10h20.18.187367 -0600,
57,57,0,gesture,images/hand.png,go,"sweeping",audios/sweeping.wav,videos/sweeping_clip.mp4,arm,space,179.62370620000002,None,,,,,4,0,4,0,0,57,57,57,,,,,,,,,7810.759033099999,,,,,,,,,,,,,,,,,,,,,,,,,,,,,,,,,,,,,,,,,,,,,,,,,,1.0,7810.7578868,7810.759033099999,7812.530863399999,7812.530863399999,7813.5309990000005,7813.5309990000005,7814.030799966666,7815.831451,7816.619678999999,7816.619678999999,7819.031387999999,7819.031387999999,7819.031340866666,7820.0349353,7821.751264,7821.5142872,,,,,,,BCI02,001,2025-12-12_10h20.03.735,CoSpeechGestures,,2025.1.1,59.95139141183242,2025-12-12 10h20.18.187367 -0600,
0,0,0,gesture,images/hand.png,go,"what",audios/what.wav,videos/what_clip.mp4,wrist,space,179.62370620000002,None,,,,,4,0,4,0,0,58,58,58,,,,,0,0,0,0,7832.621300000001,,,,,,,,,,,,,,,,,,,,,,,,,,,,,,,,,,,,,,,,,,,,,,,,,,1.0,7821.750131700001,7821.751264,7823.530910199999,7823.530910199999,7824.5319067,7824.5319067,7825.030926866666,7826.381549,7827.618506000001,7827.618506000001,7830.031360200001,7830.031360200001,7830.030902866667,7831.0344595999995,7832.621300000001,7832.514982500001,7832.620220299999,7832.621300000001,7862.5311471,,,,BCI02,001,2025-12-12_10h20.03.735,CoSpeechGestures,,2025.1.1,59.95139141183242,2025-12-12 10h20.18.187367 -0600,
58,58,0,gesture,images/hand.png,go,"what",audios/what.wav,videos/what_clip.mp4,wrist,space,179.62370620000002,None,,,,,4,0,4,0,0,58,58,58,,,,,,,,,,,,,,,,,,,,,,,,,,,,,,,,,,,,,,,,,,,,,,,,,,,,,,,,,,,,,,,,,,,,,,,,,,,,,,,,,,BCI02,001,2025-12-12_10h20.03.735,CoSpeechGestures,,2025.1.1,59.95139141183242,2025-12-12 10h20.18.187367 -0600,
59,59,0,speech,images/speak.png,go,"OK,audios/OK.wav,videos/ok_clip.mp4,digits,space,179.62370620000002,None,,,,,4,0,4,0,0,59,59,59,,,,,,,,,7862.6676924,,,,,,,,,,,,,,,,,,,,,,,,,,,,,,,,,,,,,,,,,,,,,,,,,,1.0,7862.6665486,7862.6676924,7864.5310529,7864.5310529,7865.5313114,7865.5313114,7866.031050166666,7867.247748899999,7868.645668700001,7868.645668700001,7871.0316129,7871.0316129,7871.031604266667,7872.0348784,7873.7582766,7873.5151725,,,,,,,BCI02,001,2025-12-12_10h20.03.735,CoSpeechGestures,,2025.1.1,59.95139141183242,2025-12-12 10h20.18.187367 -0600,
60,60,0,gesture,images/hand.png,go,"stop",audios/stop2.wav,videos/stop_clip.mp4,wrist,space,179.62370620000002,None,,,,,4,0,4,0,0,60,60,60,,,,,,,,,7873.7582766,,,,,,,,,,,,,,,,,,,,,,,,,,,,,,,,,,,,,,,,,,,,,,,,,,1.0,7873.7571116,7873.7582766,7875.531636600001,7875.531636600001,7876.5313406000005,7876.5313406000005,7877.031101966666,7878.6144738,7879.6425206,7879.6425206,7882.0311267,7882.0311267,7882.031636466667,7883.031181300001,7884.748871399999,7884.515295200001,,,,,,,BCI02,001,2025-12-12_10h20.03.735,CoSpeechGestures,,2025.1.1,59.95139141183242,2025-12-12 10h20.18.187367 -0600,
61,61,0,speech,images/speak.png,go,"OK,audios/OK.wav,videos/ok_clip.mp4,digits,space,179.62370620000002,None,,,,,4,0,4,0,0,61,61,61,,,,,,,,,7884.748871399999,,,,,,,,,,,,,,,,,,,,,,,,,,,,,,,,,,,,,,,,,,,,,,,,,,1.0,7884.747533399999,7884.748871399999,7886.5316822,7886.5316822,7887.532042299999,7887.532042299999,7888.031174866666,7889.2479207,7890.6412521,7890.6412521,7893.031881499999,7893.031881499999,7893.031694366666,7894.0312404,7895.7823563,7895.515223099999,,,,,,,BCI02,001,2025-12-12_10h20.03.735,CoSpeechGestures,,2025.1.1,59.95139141183242,2025-12-12 10h20.18.187367 -0600,
62,62,0,speech_gesture,images/speak_gesture.png,go,"hang loose",audios/hangloose.wav,videos/hangloose_clip.mp4,digits,space,179.62370620000002,None,,,,,4,0,4,0,0,62,62,62,,,,,,,,,7895.7823563,,,,,,,,,,,,,,,,,,,,,,,,,,,,,,,,,,,,,,,,,,,,,,,,,,2.663076923076923,7895.7811624000005,7895.7823563,7897.531392999999,7897.531392999999,7898.5315728000005,7898.5315728000005,7899.031367866666,7900.6480718,7901.6252972,7901.6252972,7904.0314172,7904.0314172,7904.031439666667,7905.035388,7906.7611609,7906.514929200001,,,,,,,BCI02,001,2025-12-12_10h20.03.735,CoSpeechGestures,,2025.1.1,59.95139141183242,2025-12-12 10h20.18.187367 -0600,
63,63,0,speech_gesture,images/speak_gesture.png,go,"OK",audios/OK.wav,videos/ok_clip.mp4,digits,space,179.62370620000002,None,,,,,4,0,4,0,0,63,63,63,,,,,,,,,7906.7611609,,,,,,,,,,,,,,,,,,,,,,,,,,,,,,,,,,,,,,,,,,,,,,,,,,2.663076923076923,7906.7597332000005,7906.7611609,7908.531502100001,7908.531502100001,7909.5316920000005,7909.5316920000005,7910.031386466666,7911.264887400001,7912.6338758,7912.6338758,7915.0316408,7915.0316408,7915.031411666667,7916.0314502,7917.7812944,7917.5149038,,,,,,,BCI02,001,2025-12-12_10h20.03.735,CoSpeechGestures,,2025.1.1,59.95139141183242,2025-12-12 10h20.18.187367 -0600,
64,64,0,speech_gesture,images/speak_gesture.png,go,"OK",audios/OK.wav,videos/ok_clip.mp4,digits,space,179.62370620000002,None,,,,,4,0,4,0,0,64,64,64,,,,,,,,,7917.7812944,,,,,,,,,,,,,,,,,,,,,,,,,,,,,,,,,,,,,,,,,,,,,,,,,,2.663076923076923,7917.779920200001,7917.7812944,7919.5314789,7919.5314789,7920.5316458,7920.5316458,7921.031500166666,7922.264811000001,7923.6212817,7923.6212817,7926.0315224999995,7926.0315224999995,7926.031498266666,7927.0336852,7928.764010299999,7928.514992300001,,,,,,,BCI02,001,2025-12-12_10h20.03.735,CoSpeechGestures,,2025.1.1,59.95139141183242,2025-12-12 10h20.18.187367 -0600,
65,65,0,speech_gesture,images/speak_gesture.png,go,"yes",audios/yes.wav,videos/yes_clip.mp4,digits,space,179.62370620000002,None,,,,,4,0,4,0,0,65,65,65,,,,,,,,,7928.764010299999,,,,,,,,,,,,,,,,,,,,,,,,,,,,,,,,,,,,,,,,,,,,,,,,,,2.663076923076923,7928.7630582,7928.764010299999,7930.531492,7930.531492,7931.5317350000005,7931.5317350000005,7932.031708666667,7933.7316553,7934.639671999999,7934.639671999999,7937.0317288999995,7937.0317288999995,7937.031563166667,7938.0344128,7939.7360572,7939.5151759,,,,,,,BCI02,001,2025-12-12_10h20.03.735,CoSpeechGestures,,2025.1.1,59.95139141183242,2025-12-12 10h20.18.187367 -0600,
66,66,0,speech_gesture,images/speak_gesture.png,go,"cutting",audios/cutting.wav,videos/cutting_clip.mp4,arm,space,179.62370620000002,None,,,,,4,0,4,0,0,66,66,66,,,,,,,,,7939.7360572,,,,,,,,,,,,,,,,,,,,,,,,,,,,,,,,,,,,,,,,,,,,,,,,,,2.663076923076923,7939.7346407,7939.7360572,7941.531945999999,7941.531945999999,7942.5316559,7942.5316559,7943.031961166667,7944.765296,7945.625800100001,7945.625800100001,7948.031963900001,7948.031963900001,7948.031938466667,7949.0359116,7950.761697800001,7950.515530500001,,,,,,,BCI02,001,2025-12-12_10h20.03.735,CoSpeechGestures,,2025.1.1,59.95139141183242,2025-12-12 10h20.18.187367 -0600,
67,67,0,speech,images/speak.png,go,"goodbye",audios/goodbye.wav,videos/goodbye_clip.mp4,wrist,space,179.62370620000002,None,,,,,4,0,4,0,0,67,67,67,,,,,,,,,7950.761697800001,,,,,,,,,,,,,,,,,,,,,,,,,,,,,,,,,,,,,,,,,,,,,,,,,,1.0,7950.7604852,7950.761697800001,7952.531888400001,7952.531888400001,7953.5316711,7953.5316711,7954.032028566666,7956.035913899999,7956.619023699999,7956.619023699999,7959.031512699999,7959.031512699999,7959.032004966666,7960.0352349,7961.765337999999,7961.5154342000005,,,,,,,BCI02,001,2025-12-12_10h20.03.735,CoSpeechGestures,,2025.1.1,59.95139141183242,2025-12-12 10h20.18.187367 -0600,
68,68,0,speech,images/speak.png,go,"OK,audios/OK.wav,videos/ok_clip.mp4,digits,space,179.62370620000002,None,,,,,4,0,4,0,0,68,68,68,,,,,,,,,7961.765337999999,,,,,,,,,,,,,,,,,,,,,,,,,,,,,,,,,,,,,,,,,,,,,,,,,,1.0,7961.7641688,7961.765337999999,7963.532161900001,7963.532161900001,7964.5321857,7964.5321857,7965.032210966667,7966.2488741,7967.6153254,7967.6153254,7970.0321805,7970.0321805,7970.032077566666,7971.033891700001,7972.7579019,7972.5155421,,,,,,,BCI02,001,2025-12-12_10h20.03.735,CoSpeechGestures,,2025.1.1,59.95139141183242,2025-12-12 10h20.18.187367 -0600,
69,69,0,speech,images/speak.png,go,"cutting",audios/cutting.wav,videos/cutting_clip.mp4,arm,space,179.62370620000002,None,,,,,4,0,4,0,0,69,69,69,,,,,,,,,7972.7579019,,,,,,,,,,,,,,,,,,,,,,,,,,,,,,,,,,,,,,,,,,,,,,,,,,1.0,7972.7567865,7972.7579019,7974.531718099999,7974.531718099999,7975.5318917,7975.5318917,7976.031932266667,7977.765124,7978.635659899999,7978.635659899999,7981.031776,7981.031776,7981.031771966667,7982.031777800001,7983.7604269,7983.5152528,,,,,,,BCI02,001,2025-12-12_10h20.03.735,CoSpeechGestures,,2025.1.1,59.95139141183242,2025-12-12 10h20.18.187367 -0600,
70,70,0,gesture,images/hand.png,go,"stop",audios/stop2.wav,videos/stop_clip.mp4,wrist,space,179.62370620000002,None,,,,,4,0,4,0,0,70,70,70,,,,,,,,,7983.7604269,,,,,,,,,,,,,,,,,,,,,,,,,,,,,,,,,,,,,,,,,,,,,,,,,,1.0,7983.7593189,7983.7604269,7985.531799,7985.531799,7986.5320804,7986.5320804,7987.031975566666,7988.615151800001,7989.630756799999,7989.630756799999,7992.0319593,7992.0319593,7992.031825766666,7993.0319679,7994.7818893,7994.5152793,,,,,,,BCI02,001,2025-12-12_10h20.03.735,CoSpeechGestures,,2025.1.1,59.95139141183242,2025-12-12 10h20.18.187367 -0600,
71,71,0,speech,images/speak.png,go,"what",audios/what.wav,videos/what_clip.mp4,wrist,space,179.62370620000002,None,,,,,4,0,4,0,0,71,71,71,,,,,,,,,7994.7818893,,,,,,,,,,,,,,,,,,,,,,,,,,,,,,,,,,,,,,,,,,,,,,,,,,1.0,7994.780695400001,7994.7818893,7996.5318683000005,7996.5318683000005,7997.532082600001,7997.532082600001,7998.031969966667,7999.381883800001,8000.6402609,8000.6402609,8003.031876700001,8003.031876700001,8003.031922966666,8004.0342115,8005.7880319,8005.5153677,,,,,,,BCI02,001,2025-12-12_10h20.03.735,CoSpeechGestures,,2025.1.1,59.95139141183242,2025-12-12 10h20.18.187367 -0600,
72,72,0,speech_gesture,images/speak_gesture.png,go,"OK",audios/OK.wav,videos/ok_clip.mp4,digits,space,179.62370620000002,None,,,,,4,0,4,0,0,72,72,72,,,,,,,,,8005.7880319,,,,,,,,,,,,,,,,,,,,,,,,,,,,,,,,,,,,,,,,,,,,,,,,,,2.663076923076923,8005.786451,8005.7880319,8007.531925200001,8007.531925200001,8008.532061,8008.532061,8009.032190966667,8010.2486047,8011.633299900001,8011.633299900001,8014.031938300001,8014.031938300001,8014.031957466666,8015.0356751,8016.776879700001,8016.515475,,,,,,,BCI02,001,2025-12-12_10h20.03.735,CoSpeechGestures,,2025.1.1,59.95139141183242,2025-12-12 10h20.18.187367 -0600,
73,73,0,speech_gesture_no,images/speak_gesture.png,nogo,"cutting",audios/cutting.wav,videos/cutting_clip.mp4,arm,space,179.62370620000002,None,,,,,4,0,4,0,0,73,73,73,,,,,,,,,8016.776879700001,,,,,,,,,,,,,,,,,,,,,,,,,,,,,,,,,,,,,,,,,,,,,,,,,,2.663076923076923,8016.7758777,8016.776879700001,8018.5320531,8018.5320531,8019.5321525,8019.5321525,8020.0319844666665,8021.7653264,8022.651882,8022.651882,8025.0322467000005,8025.0322467000005,8025.031955066666,8026.0320169999995,8027.7764998,8027.5154712,,,,,,,BCI02,001,2025-12-12_10h20.03.735,CoSpeechGestures,,2025.1.1,59.95139141183242,2025-12-12 10h20.18.187367 -0600,
74,74,0,gesture,images/hand.png,go,"cutting",audios/cutting.wav,videos/cutting_clip.mp4,arm,space,179.62370620000002,None,,,,,4,0,4,0,0,74,74,74,,,,,,,,,8027.7764998,,,,,,,,,,,,,,,,,,,,,,,,,,,,,,,,,,,,,,,,,,,,,,,,,,1.0,8027.775169799999,8027.7764998,8029.5320266,8029.5320266,8030.5322301,8030.5322301,8031.032039166666,8032.765509999999,8033.6420880000005,8033.6420880000005,8036.0321673,8036.0321673,8036.032153166667,8037.0359529,8038.7379499,8038.5155288999995,,,,,,,BCI02,001,2025-12-12_10h20.03.735,CoSpeechGestures,,2025.1.1,59.95139141183242,2025-12-12 10h20.18.187367 -0600,
75,75,0,gesture,images/hand.png,go,"peace",audios/peace.wav,videos/peace_clip.mp4,digits,space,179.62370620000002,None,,,,,4,0,4,0,0,75,75,75,,,,,,,,,8038.7379499,,,,,,,,,,,,,,,,,,,,,,,,,,,,,,,,,,,,,,,,,,,,,,,,,,1.0,8038.736858800001,8038.7379499,8040.532060899999,8040.532060899999,8041.5322044,8041.5322044,8042.0322111666665,8043.4155467,8044.621026999999,8044.621026999999,8047.032093899999,8047.032093899999,8047.032095466666,8048.032071,8049.7672962,8049.5155261,,,,,,,BCI02,001,2025-12-12_10h20.03.735,CoSpeechGestures,,2025.1.1,59.95139141183242,2025-12-12 10h20.18.187367 -0600,
76,76,0,speech,images/speak.png,go,"sweeping",audios/sweeping.wav,videos/sweeping_clip.mp4,arm,space,179.62370620000002,None,,,,,4,0,4,0,0,76,76,76,,,,,,,,,8049.7672962,,,,,,,,,,,,,,,,,,,,,,,,,,,,,,,,,,,,,,,,,,,,,,,,,,1.0,8049.766120300001,8049.7672962,8051.5321313,8051.5321313,8052.532286199999,8052.532286199999,8053.032099366666,8054.832091599999,8055.635385,8055.635385,8058.032222899999,8058.032222899999,8058.032153766666,8059.032202099999,8060.778486499999,8060.515588800001,,,,,,,BCI02,001,2025-12-12_10h20.03.735,CoSpeechGestures,,2025.1.1,59.95139141183242,2025-12-12 10h20.18.187367 -0600,
77,77,0,speech_gesture,images/speak_gesture.png,go,"hang loose",audios/hangloose.wav,videos/hangloose_clip.mp4,digits,space,179.62370620000002,None,,,,,4,0,4,0,0,77,77,77,,,,,,,,,8060.778486499999,,,,,,,,,,,,,,,,,,,,,,,,,,,,,,,,,,,,,,,,,,,,,,,,,,2.663076923076923,8060.776830299999,8060.778486499999,8062.532372600001,8062.532372600001,8063.532444,8063.532444,8064.032145566667,8065.648950299999,8066.6437049,8066.6437049,8069.032380299999,8069.032380299999,8069.032227766667,8070.0369935,8071.755796900001,8071.515680099999,,,,,,,BCI02,001,2025-12-12_10h20.03.735,CoSpeechGestures,,2025.1.1,59.95139141183242,2025-12-12 10h20.18.187367 -0600,
78,78,0,gesture,images/hand.png,go,"stop",audios/stop2.wav,videos/stop_clip.mp4,wrist,space,179.62370620000002,None,,,,,4,0,4,0,0,78,78,78,,,,,,,,,8071.755796900001,,,,,,,,,,,,,,,,,,,,,,,,,,,,,,,,,,,,,,,,,,,,,,,,,,1.0,8071.7545716,8071.755796900001,8073.532359500001,8073.532359500001,8074.5325354,8074.5325354,8075.032225666666,8076.615553600001,8077.637335900001,8077.637335900001,8080.032402299999,8080.032402299999,8080.032263166666,8081.03242,8082.764128700001,8082.5157203,,,,,,,BCI02,001,2025-12-12_10h20.03.735,CoSpeechGestures,,2025.1.1,59.95139141183242,2025-12-12 10h20.18.187367 -0600,
79,79,0,speech,images/speak.png,go,"bumpy",audios/bumpy.wav,videos/bumpy_clip.mp4,wrist,space,179.62370620000002,None,,,,,4,0,4,0,0,79,79,79,,,,,,,,,8082.764128700001,,,,,,,,,,,,,,,,,,,,,,,,,,,,,,,,,,,,,,,,,,,,,,,,,,1.0,8082.762993800001,8082.764128700001,8084.5324191,8084.5324191,8085.5325959,8085.5325959,8086.032262066667,8087.8822715999995,8088.6097260999995,8088.6097260999995,8091.0324261999995,8091.0324261999995,8091.0322971666665,8092.032432100001,8093.778441500001,8093.5158104,,,,,,,BCI02,001,2025-12-12_10h20.03.735,CoSpeechGestures,,2025.1.1,59.95139141183242,2025-12-12 10h20.18.187367 -0600,
80,80,0,speech,images/speak.png,go,"cutting",audios/cutting.wav,videos/cutting_clip.mp4,arm,space,179.62370620000002,None,,,,,4,0,4,0,0,80,80,80,,,,,,,,,8093.778441500001,,,,,,,,,,,,,,,,,,,,,,,,,,,,,,,,,,,,,,,,,,,,,,,,,,1.0,8093.7773172,8093.778441500001,8095.532423299999,8095.532423299999,8096.5325364,8096.5325364,8097.032506566666,8098.765836299999,8099.6178451,8099.6178451,8102.0324805,8102.0324805,8102.032416166667,8103.0325187,8104.7761751,8104.5158242,,,,,,,BCI02,001,2025-12-12_10h20.03.735,CoSpeechGestures,,2025.1.1,59.95139141183242,2025-12-12 10h20.18.187367 -0600,
81,81,0,speech_gesture,images/speak_gesture.png,go,"bumpy",audios/bumpy.wav,videos/bumpy_clip.mp4,wrist,space,179.62370620000002,None,,,,,4,0,4,0,0,81,81,81,,,,,,,,,8104.7761751,,,,,,,,,,,,,,,,,,,,,,,,,,,,,,,,,,,,,,,,,,,,,,,,,,2.663076923076923,8104.7745932,8104.7761751,8106.532540800001,8106.532540800001,8107.532693200001,8107.532693200001,8108.032375366667,8109.8657611,8110.6286977,8110.6286977,8113.032431400001,8113.032431400001,8113.032749466667,8114.032429000001,8115.747743,8115.5158981,,,,,,,BCI02,001,2025-12-12_10h20.03.735,CoSpeechGestures,,2025.1.1,59.95139141183242,2025-12-12 10h20.18.187367 -0600,
82,82,0,gesture,images/hand.png,go,"hang loose",audios/hangloose.wav,videos/hangloose_clip.mp4,digits,space,179.62370620000002,None,,,,,4,0,4,0,0,82,82,82,,,,,,,,,8115.747743,,,,,,,,,,,,,,,,,,,,,,,,,,,,,,,,,,,,,,,,,,,,,,,,,,1.0,8115.7464258,8115.747743,8117.532474199999,8117.532474199999,8118.532774400001,8118.532774400001,8119.032478866666,8120.6657813,8121.6372868,8121.6372868,8124.0324901,8124.0324901,8124.032480666667,8125.035964500001,8126.7547794,8126.5159083,,,,,,,BCI02,001,2025-12-12_10h20.03.735,CoSpeechGestures,,2025.1.1,59.95139141183242,2025-12-12 10h20.18.187367 -0600,
83,83,0,speech,images/speak.png,go,"peace",audios/peace.wav,videos/peace_clip.mp4,digits,space,179.62370620000002,None,,,,,4,0,4,0,0,83,83,83,,,,,,,,,8126.7547794,,,,,,,,,,,,,,,,,,,,,,,,,,,,,,,,,,,,,,,,,,,,,,,,,,1.0,8126.7536473,8126.7547794,8128.5325359,8128.5325359,8129.5327296,8129.5327296,8130.032482366667,8131.415837099999,8132.6532651,8132.6532651,8135.0326117,8135.0326117,8135.032631166667,8136.0325526,8137.7838699,8137.516130100001,,,,,,,BCI02,001,2025-12-12_10h20.03.735,CoSpeechGestures,,2025.1.1,59.95139141183242,2025-12-12 10h20.18.187367 -0600,
84,84,0,speech_gesture,images/speak_gesture.png,go,"peace",audios/peace.wav,videos/peace_clip.mp4,digits,space,179.62370620000002,None,,,,,4,0,4,0,0,84,84,84,,,,,,,,,8137.7838699,,,,,,,,,,,,,,,,,,,,,,,,,,,,,,,,,,,,,,,,,,,,,,,,,,2.663076923076923,8137.782635199999,8137.7838699,8139.5325508000005,8139.5325508000005,8140.5327435,8140.5327435,8141.032523566666,8142.3992579000005,8143.6264409,8143.6264409,8146.0326599,8146.0326599,8146.032580066667,8147.0325868,8148.761918,8148.516061,,,,,,,BCI02,001,2025-12-12_10h20.03.735,CoSpeechGestures,,2025.1.1,59.95139141183242,2025-12-12 10h20.18.187367 -0600,
85,85,0,gesture,images/hand.png,go,"bumpy",audios/bumpy.wav,videos/bumpy_clip.mp4,wrist,space,179.62370620000002,None,,,,,4,0,4,0,0,85,85,85,,,,,,,,,8148.761918,,,,,,,,,,,,,,,,,,,,,,,,,,,,,,,,,,,,,,,,,,,,,,,,,,1.0,8148.760645099999,8148.761918,8150.532611299999,8150.532611299999,8151.5328267,8151.5328267,8152.032614066666,8153.8825923,8154.6445986,8154.6445986,8157.032663,8157.032663,8157.032643166667,8158.0326618,8159.7610914,8159.516099099999,,,,,,,BCI02,001,2025-12-12_10h20.03.735,CoSpeechGestures,,2025.1.1,59.95139141183242,2025-12-12 10h20.18.187367 -0600,
86,86,0,speech_gesture,images/speak_gesture.png,go,"yes",audios/yes.wav,videos/yes_clip.mp4,digits,space,179.62370620000002,None,,,,,4,0,4,0,0,86,86,86,,,,,,,,,8159.7610914,,,,,,,,,,,,,,,,,,,,,,,,,,,,,,,,,,,,,,,,,,,,,,,,,,2.663076923076923,8159.7598247000005,8159.7610914,8161.532673600001,8161.532673600001,8162.532933799999,8162.532933799999,8163.032666266667,8164.716103500001,8165.6598854,8165.6598854,8168.0327172,8168.0327172,8168.032716966667,8169.032700899999,8170.7689871,8170.5162961999995,,,,,,,BCI02,001,2025-12-12_10h20.03.735,CoSpeechGestures,,2025.1.1,59.95139141183242,2025-12-12 10h20.18.187367 -0600,
87,87,0,gesture,images/hand.png,go,"sweeping",audios/sweeping.wav,videos/sweeping_clip.mp4,arm,space,179.62370620000002,None,,,,,4,0,4,0,0,87,87,87,,,,,,,,,8170.7689871,,,,,,,,,,,,,,,,,,,,,,,,,,,,,,,,,,,,,,,,,,,,,,,,,,1.0,8170.767809999999,8170.7689871,8172.533226400001,8172.533226400001,8173.532800700001,8173.532800700001,8174.032561766666,8175.833104400001,8176.624346299999,8176.624346299999,8179.032644499999,8179.032644499999,8179.033161266667,8180.0330533,8181.780282399999,8181.5167036,,,,,,,BCI02,001,2025-12-12_10h20.03.735,CoSpeechGestures,,2025.1.1,59.95139141183242,2025-12-12 10h20.18.187367 -0600,
88,88,0,speech_gesture_no,images/speak_gesture.png,nogo,"peace",audios/peace.wav,videos/peace_clip.mp4,digits,space,179.62370620000002,None,,,,,4,0,4,0,0,88,88,88,,,,,,,,,8181.780282399999,,,,,,,,,,,,,,,,,,,,,,,,,,,,,,,,,,,,,,,,,,,,,,,,,,2.663076923076923,8181.7790589,8181.780282399999,8183.5326759,8183.5326759,8184.532838200001,8184.532838200001,8185.033195966667,8186.3995399,8187.637523199999,8187.637523199999,8190.0331814,8190.0331814,8190.033158466666,8191.0331635,8192.7350844,8192.5166268,,,,,,,BCI02,001,2025-12-12_10h20.03.735,CoSpeechGestures,,2025.1.1,59.95139141183242,2025-12-12 10h20.18.187367 -0600,
89,89,0,speech,images/speak.png,go,"stop",audios/stop2.wav,videos/stop_clip.mp4,wrist,space,179.62370620000002,None,,,,,4,0,4,0,0,89,89,89,,,,,,,,,8192.7350844,,,,,,,,,,,,,,,,,,,,,,,,,,,,,,,,,,,,,,,,,,,,,,,,,,1.0,8192.7338327,8192.7350844,8194.5331762,8194.5331762,8195.5335381,8195.5335381,8196.033219566667,8197.6167042,8198.6489706,8198.6489706,8201.0332968,8201.0332968,8201.033174166667,8202.033219,8203.8022192,8203.5167044,,,,,,,BCI02,001,2025-12-12_10h20.03.735,CoSpeechGestures,,2025.1.1,59.95139141183242,2025-12-12 10h20.18.187367 -0600,
90,90,0,speech_gesture,images/speak_gesture.png,go,"goodbye",audios/goodbye.wav,videos/goodbye_clip.mp4,wrist,space,179.62370620000002,None,,,,,4,0,4,0,0,90,90,90,,,,,,,,,8203.8022192,,,,,,,,,,,,,,,,,,,,,,,,,,,,,,,,,,,,,,,,,,,,,,,,,,2.663076923076923,8203.8010041,8203.8022192,8205.5332036,8205.5332036,8206.5329045,8206.5329045,8207.032749166667,8209.0333936,8209.6439596,8209.6439596,8212.0333263,8212.0333263,8212.033245066666,8213.0332686,8214.7736406,8214.5167197,,,,,,,BCI02,001,2025-12-12_10h20.03.735,CoSpeechGestures,,2025.1.1,59.95139141183242,2025-12-12 10h20.18.187367 -0600,
91,91,0,speech_gesture,images/speak_gesture.png,go,"outside",audios/outside.wav,videos/outside_clip.mp4,arm,space,179.62370620000002,None,,,,,4,0,4,0,0,91,91,91,,,,,,,,,8214.7736406,,,,,,,,,,,,,,,,,,,,,,,,,,,,,,,,,,,,,,,,,,,,,,,,,,2.663076923076923,8214.7722826,8214.7736406,8216.5334023,8216.5334023,8217.5330006,8217.5330006,8218.032797466667,8219.8328079,8220.6415499,8220.6415499,8223.0328852,8223.0328852,8223.033319366667,8224.0369896,8225.7471185,8225.5167731,,,,,,,BCI02,001,2025-12-12_10h20.03.735,CoSpeechGestures,,2025.1.1,59.95139141183242,2025-12-12 10h20.18.187367 -0600,
92,92,0,speech_gesture,images/speak_gesture.png,go,"stop",audios/stop2.wav,videos/stop_clip.mp4,wrist,space,179.62370620000002,None,,,,,4,0,4,0,0,92,92,92,,,,,,,,,8225.7471185,,,,,,,,,,,,,,,,,,,,,,,,,,,,,,,,,,,,,,,,,,,,,,,,,,2.663076923076923,8225.7457016,8225.7471185,8227.5328798,8227.5328798,8228.533684600001,8228.533684600001,8229.033563666666,8230.6162458,8231.6549688,8231.6549688,8234.0329146,8234.0329146,8234.033384466666,8235.0372173,8236.768135,8236.5169208,,,,,,,BCI02,001,2025-12-12_10h20.03.735,CoSpeechGestures,,2025.1.1,59.95139141183242,2025-12-12 10h20.18.187367 -0600,
93,93,0,speech,images/speak.png,go,"good luck",audios/goodluck2.wav,videos/goodluck_clip.mp4,digits,space,179.62370620000002,None,,,,,4,0,4,0,0,93,93,93,,,,,,,,,8236.768135,,,,,,,,,,,,,,,,,,,,,,,,,,,,,,,,,,,,,,,,,,,,,,,,,,1.0,8236.7668693,8236.768135,8238.5329297,8238.5329297,8239.53317,8239.53317,8240.033470066666,8241.5002608,8242.6240108,8242.6240108,8245.0329624,8245.0329624,8245.033411566666,8246.0329684,8247.7748686,8247.5168938,,,,,,,BCI02,001,2025-12-12_10h20.03.735,CoSpeechGestures,,2025.1.1,59.95139141183242,2025-12-12 10h20.18.187367 -0600,
94,94,0,speech_gesture,images/speak_gesture.png,go,"peace",audios/peace.wav,videos/peace_clip.mp4,digits,space,179.62370620000002,None,,,,,4,0,4,0,0,94,94,94,,,,,,,,,8247.7748686,,,,,,,,,,,,,,,,,,,,,,,,,,,,,,,,,,,,,,,,,,,,,,,,,,2.663076923076923,8247.7732298,8247.7748686,8249.5330035,8249.5330035,8250.5332228,8250.5332228,8251.033536266666,8252.3996266,8253.6290733,8253.6290733,8256.0336988,8256.0336988,8256.033006866666,8257.0362845,8258.7709346,8258.5170291,,,,,,,BCI02,001,2025-12-12_10h20.03.735,CoSpeechGestures,,2025.1.1,59.95139141183242,2025-12-12 10h20.18.187367 -0600,
95,95,0,gesture,images/hand.png,go,"yes",audios/yes.wav,videos/yes_clip.mp4,digits,space,179.62370620000002,None,,,,,4,0,4,0,0,95,95,95,,,,,,,,,8258.7709346,,,,,,,,,,,,,,,,,,,,,,,,,,,,,,,,,,,,,,,,,,,,,,,,,,1.0,8258.7696685,8258.7709346,8260.5335155,8260.5335155,8261.5332909,8261.5332909,8262.033081566666,8263.7330334,8264.6393204,8264.6393204,8267.0335334,8267.0335334,8267.033576066666,8268.0335341,8269.7639571,8269.516999,,,,,,,BCI02,001,2025-12-12_10h20.03.735,CoSpeechGestures,,2025.1.1,59.95139141183242,2025-12-12 10h20.18.187367 -0600,
96,96,0,gesture,images/hand.png,go,"hang loose",audios/hangloose.wav,videos/hangloose_clip.mp4,digits,space,179.62370620000002,None,,,,,4,0,4,0,0,96,96,96,,,,,,,,,8269.7639571,,,,,,,,,,,,,,,,,,,,,,,,,,,,,,,,,,,,,,,,,,,,,,,,,,1.0,8269.7627995,8269.7639571,8271.5335337,8271.5335337,8272.5332543,8272.5332543,8273.033048566667,8274.6663912,8275.6210486,8275.6210486,8278.0336188,8278.0336188,8278.033622966666,8279.0336735,8280.774971,8280.5171925,,,,,,,BCI02,001,2025-12-12_10h20.03.735,CoSpeechGestures,,2025.1.1,59.95139141183242,2025-12-12 10h20.18.187367 -0600,
97,97,0,gesture,images/hand.png,go,"peace",audios/peace.wav,videos/peace_clip.mp4,digits,space,179.62370620000002,None,,,,,4,0,4,0,0,97,97,97,,,,,,,,,8280.774971,,,,,,,,,,,,,,,,,,,,,,,,,,,,,,,,,,,,,,,,,,,,,,,,,,1.0,8280.7737646,8280.774971,8282.5337753,8282.5337753,8283.5333936,8283.5333936,8284.033818966667,8285.4002904,8286.6396788,8286.6396788,8289.0336179,8289.0336179,8289.033715666666,8290.0336495,8291.7655099,8291.5171923,,,,,,,BCI02,001,2025-12-12_10h20.03.735,CoSpeechGestures,,2025.1.1,59.95139141183242,2025-12-12 10h20.18.187367 -0600,
98,98,0,speech_gesture,images/speak_gesture.png,go,"good luck",audios/goodluck2.wav,videos/goodluck_clip.mp4,digits,space,179.62370620000002,None,,,,,4,0,4,0,0,98,98,98,,,,,,,,,8291.7655099,,,,,,,,,,,,,,,,,,,,,,,,,,,,,,,,,,,,,,,,,,,,,,,,,,2.663076923076923,8291.7639287,8291.7655099,8293.533652,8293.533652,8294.533995,8294.533995,8295.033779166666,8296.5170244,8297.6309862,8297.6309862,8300.0332602,8300.0332602,8300.033730066667,8301.0337544,8302.7730493,8302.5172509,,,,,,,BCI02,001,2025-12-12_10h20.03.735,CoSpeechGestures,,2025.1.1,59.95139141183242,2025-12-12 10h20.18.187367 -0600,
99,99,0,speech_gesture,images/speak_gesture.png,go,"hang loose",audios/hangloose.wav,videos/hangloose_clip.mp4,digits,space,179.62370620000002,None,,,,,4,0,4,0,0,99,99,99,,,,,,,,,8302.7730493,,,,,,,,,,,,,,,,,,,,,,,,,,,,,,,,,,,,,,,,,,,,,,,,,,2.663076923076923,8302.7720409,8302.7730493,8304.5337493,8304.5337493,8305.5334269,8305.5334269,8306.033729266666,8307.6671034,8308.620256,8308.620256,8311.0337754,8311.0337754,8311.033867866667,8312.0337443,8313.7625731,8313.517162,,,,,,,BCI02,001,2025-12-12_10h20.03.735,CoSpeechGestures,,2025.1.1,59.95139141183242,2025-12-12 10h20.18.187367 -0600,
100,100,0,gesture,images/hand.png,go,"cutting",audios/cutting.wav,videos/cutting_clip.mp4,arm,space,179.62370620000002,None,,,,,4,0,4,0,0,100,100,100,,,,,,,,,8313.7625731,,,,,,,,,,,,,,,,,,,,,,,,,,,,,,,,,,,,,,,,,,,,,,,,,,1.0,8313.7613277,8313.7625731,8315.5337443,8315.5337443,8316.5334893,8316.5334893,8317.033308066666,8318.7671702,8319.6355869,8319.6355869,8322.0338958,8322.0338958,8322.033788566667,8323.0338128,8324.7591548,8324.5172174,,,,,,,BCI02,001,2025-12-12_10h20.03.735,CoSpeechGestures,,2025.1.1,59.95139141183242,2025-12-12 10h20.18.187367 -0600,
101,101,0,speech_gesture,images/speak_gesture.png,go,"what",audios/what.wav,videos/what_clip.mp4,wrist,space,179.62370620000002,None,,,,,4,0,4,0,0,101,101,101,,,,,,,,,8324.7591548,,,,,,,,,,,,,,,,,,,,,,,,,,,,,,,,,,,,,,,,,,,,,,,,,,2.663076923076923,8324.7579499,8324.7591548,8326.5337883,8326.5337883,8327.5341419,8327.5341419,8328.033908466667,8329.3833583,8330.6430469,8330.6430469,8333.0338336,8333.0338336,8333.033834966667,8334.033912,8335.7713545,8335.5173255,,,,,,,BCI02,001,2025-12-12_10h20.03.735,CoSpeechGestures,,2025.1.1,59.95139141183242,2025-12-12 10h20.18.187367 -0600,
102,102,0,speech,images/speak.png,go,"good luck",audios/goodluck2.wav,videos/goodluck_clip.mp4,digits,space,179.62370620000002,None,,,,,4,0,4,0,0,102,102,102,,,,,,,,,8335.7713545,,,,,,,,,,,,,,,,,,,,,,,,,,,,,,,,,,,,,,,,,,,,,,,,,,1.0,8335.7701763,8335.7713545,8337.5338952,8337.5338952,8338.5336206,8338.5336206,8339.034134666666,8340.5172479,8341.6342147,8341.6342147,8344.0338835,8344.0338835,8344.034031566667,8345.0339297,8346.7669311,8346.5175066,,,,,,,BCI02,001,2025-12-12_10h20.03.735,CoSpeechGestures,,2025.1.1,59.95139141183242,2025-12-12 10h20.18.187367 -0600,
103,103,0,speech,images/speak.png,go,"goodbye",audios/goodbye.wav,videos/goodbye_clip.mp4,wrist,space,179.62370620000002,None,,,,,4,0,4,0,0,103,103,103,,,,,,,,,8346.7669311,,,,,,,,,,,,,,,,,,,,,,,,,,,,,,,,,,,,,,,,,,,,,,,,,,1.0,8346.7657551,8346.7669311,8348.5334281,8348.5334281,8349.5336374,8349.5336374,8350.033480166667,8352.0340256,8352.6174133,8352.6174133,8355.0339795,8355.0339795,8355.034096866666,8356.0335027,8357.7623969,8357.5174251,,,,,,,BCI02,001,2025-12-12_10h20.03.735,CoSpeechGestures,,2025.1.1,59.95139141183242,2025-12-12 10h20.18.187367 -0600,
104,104,0,speech_gesture,images/speak_gesture.png,go,"bumpy",audios/bumpy.wav,videos/bumpy_clip.mp4,wrist,space,179.62370620000002,None,,,,,4,0,4,0,0,104,104,104,,,,,,,,,8357.7623969,,,,,,,,,,,,,,,,,,,,,,,,,,,,,,,,,,,,,,,,,,,,,,,,,,2.663076923076923,8357.7611491,8357.7623969,8359.5339976,8359.5339976,8360.5342255,8360.5342255,8361.034084266666,8362.8835234,8363.648347800001,8363.648347800001,8366.033517,8366.033517,8366.034018666667,8367.0340462,8368.7550743,8368.5176089,,,,,,,BCI02,001,2025-12-12_10h20.03.735,CoSpeechGestures,,2025.1.1,59.95139141183242,2025-12-12 10h20.18.187367 -0600,
105,105,0,speech_gesture,images/speak_gesture.png,go,"outside",audios/outside.wav,videos/outside_clip.mp4,arm,space,179.62370620000002,None,,,,,4,0,4,0,0,105,105,105,,,,,,,,,8368.7550743,,,,,,,,,,,,,,,,,,,,,,,,,,,,,,,,,,,,,,,,,,,,,,,,,,2.663076923076923,8368.7533609,8368.7550743,8370.5340462,8370.5340462,8371.5338153,8371.5338153,8372.034102666667,8373.834263,8374.6429872,8374.6429872,8377.0340848,8377.0340848,8377.034135966667,8378.0340825,8379.7807842,8379.5175515,,,,,,,BCI02,001,2025-12-12_10h20.03.735,CoSpeechGestures,,2025.1.1,59.95139141183242,2025-12-12 10h20.18.187367 -0600,
106,106,0,speech_gesture,images/speak_gesture.png,go,"what",audios/what.wav,videos/what_clip.mp4,wrist,space,179.62370620000002,None,,,,,4,0,4,0,0,106,106,106,,,,,,,,,8379.7807842,,,,,,,,,,,,,,,,,,,,,,,,,,,,,,,,,,,,,,,,,,,,,,,,,,2.663076923076923,8379.7793464,8379.7807842,8381.5340982,8381.5340982,8382.5338422,8382.5338422,8383.034318366666,8384.3836335,8385.6346319,8385.6346319,8388.0341475,8388.0341475,8388.034143866666,8389.0341525,8390.7640935,8390.5175511,,,,,,,BCI02,001,2025-12-12_10h20.03.735,CoSpeechGestures,,2025.1.1,59.95139141183242,2025-12-12 10h20.18.187367 -0600,
107,107,0,gesture,images/hand.png,go,"goodbye",audios/goodbye.wav,videos/goodbye_clip.mp4,wrist,space,179.62370620000002,None,,,,,4,0,4,0,0,107,107,107,,,,,,,,,8390.7640935,,,,,,,,,,,,,,,,,,,,,,,,,,,,,,,,,,,,,,,,,,,,,,,,,,1.0,8390.7629038,8390.7640935,8392.5341728,8392.5341728,8393.5344763,8393.5344763,8394.034271566667,8396.033618,8396.6353712,8396.6353712,8399.0342803,8399.0342803,8399.034221966667,8400.0338244,8401.762788,8401.5177905,,,,,,,BCI02,001,2025-12-12_10h20.03.735,CoSpeechGestures,,2025.1.1,59.95139141183242,2025-12-12 10h20.18.187367 -0600,
108,108,0,gesture,images/hand.png,go,"OK",audios/OK.wav,videos/ok_clip.mp4,digits,space,179.62370620000002,None,,,,,4,0,4,0,0,108,108,108,,,,,,,,,8401.762788,,,,,,,,,,,,,,,,,,,,,,,,,,,,,,,,,,,,,,,,,,,,,,,,,,1.0,8401.761641,8401.762788,8403.5337822,8403.5337822,8404.5339441,8404.5339441,8405.034367966666,8406.2503661,8407.6319846,8407.6319846,8410.0342321,8410.0342321,8410.034284266667,8411.0342862,8412.7673707,8412.5178877,,,,,,,BCI02,001,2025-12-12_10h20.03.735,CoSpeechGestures,,2025.1.1,59.95139141183242,2025-12-12 10h20.18.187367 -0600,
109,109,0,speech,images/speak.png,go,"yes",audios/yes.wav,videos/yes_clip.mp4,digits,space,179.62370620000002,None,,,,,4,0,4,0,0,109,109,109,,,,,,,,,8412.7673707,,,,,,,,,,,,,,,,,,,,,,,,,,,,,,,,,,,,,,,,,,,,,,,,,,1.0,8412.7662277,8412.7673707,8414.5337627,8414.5337627,8415.5339726,8415.5339726,8416.033864366667,8417.7177803,8418.6294575,8418.6294575,8421.0343497,8421.0343497,8421.034509166666,8422.0343121,8423.772953400001,8423.517844,,,,,,,BCI02,001,2025-12-12_10h20.03.735,CoSpeechGestures,,2025.1.1,59.95139141183242,2025-12-12 10h20.18.187367 -0600,
110,110,0,speech,images/speak.png,go,"outside",audios/outside.wav,videos/outside_clip.mp4,arm,space,179.62370620000002,None,,,,,4,0,4,0,0,110,110,110,,,,,,,,,8423.772953400001,,,,,,,,,,,,,,,,,,,,,,,,,,,,,,,,,,,,,,,,,,,,,,,,,,1.0,8423.7718616,8423.772953400001,8425.5343887,8425.5343887,8426.5340852,8426.5340852,8427.034177666666,8428.8505246,8429.6273164,8429.6273164,8432.0343222,8432.0343222,8432.034483566666,8433.0343582,8434.7583197,8434.5179735,,,,,,,BCI02,001,2025-12-12_10h20.03.735,CoSpeechGestures,,2025.1.1,59.95139141183242,2025-12-12 10h20.18.187367 -0600,
111,111,0,gesture,images/hand.png,go,"good luck",audios/goodluck2.wav,videos/goodluck_clip.mp4,digits,space,179.62370620000002,None,,,,,4,0,4,0,0,111,111,111,,,,,,,,,8434.7583197,,,,,,,,,,,,,,,,,,,,,,,,,,,,,,,,,,,,,,,,,,,,,,,,,,1.0,8434.7572149,8434.7583197,8436.5344217,8436.5344217,8437.534691500001,8437.534691500001,8438.034597666667,8439.5178587,8440.6363673,8440.6363673,8443.0344324,8443.0344324,8443.034537066667,8444.0343212,8445.7676633,8445.5179877,,,,,,,BCI02,001,2025-12-12_10h20.03.735,CoSpeechGestures,,2025.1.1,59.95139141183242,2025-12-12 10h20.18.187367 -0600,
112,112,0,speech_gesture,images/speak_gesture.png,go,"sweeping",audios/sweeping.wav,videos/sweeping_clip.mp4,arm,space,179.62370620000002,None,,,,,4,0,4,0,0,112,112,112,,,,,,,,,8445.7676633,,,,,,,,,,,,,,,,,,,,,,,,,,,,,,,,,,,,,,,,,,,,,,,,,,2.663076923076923,8445.7660044,8445.7676633,8447.5344342,8447.5344342,8448.5341354,8448.5341354,8449.033952366666,8450.8344007,8451.6305819,8451.6305819,8454.0344985,8454.0344985,8454.034134666666,8455.0344331,8456.7703125,8456.5178981,,,,,,,BCI02,001,2025-12-12_10h20.03.735,CoSpeechGestures,,2025.1.1,59.95139141183242,2025-12-12 10h20.18.187367 -0600,
113,113,0,speech,images/speak.png,go,"hang loose",audios/hangloose.wav,videos/hangloose_clip.mp4,digits,space,179.62370620000002,None,,,,,4,0,4,0,0,113,113,113,,,,,,,,,8456.7703125,,,,,,,,,,,,,,,,,,,,,,,,,,,,,,,,,,,,,,,,,,,,,,,,,,1.0,8456.7691248,8456.7703125,8458.5344256,8458.5344256,8459.5349588,8459.5349588,8460.033982266666,8461.6678336,8462.6209341,8462.6209341,8465.0345472,8465.0345472,8465.034525866666,8466.0345399,8467.7471517,8467.5179767,,,,,,,BCI02,001,2025-12-12_10h20.03.735,CoSpeechGestures,,2025.1.1,59.95139141183242,2025-12-12 10h20.18.187367 -0600,
114,114,0,speech,images/speak.png,go,"bumpy",audios/bumpy.wav,videos/bumpy_clip.mp4,wrist,space,179.62370620000002,None,,,,,4,0,4,0,0,114,114,114,,,,,,,,,8467.7471517,,,,,,,,,,,,,,,,,,,,,,,,,,,,,,,,,,,,,,,,,,,,,,,,,,1.0,8467.7460394,8467.7471517,8469.5347945,8469.5347945,8470.5343011,8470.5343011,8471.034075066667,8472.8680717,8473.6201343,8473.6201343,8476.0345437,8476.0345437,8476.034553766667,8477.0345797,8478.6418218,8478.51799,,,,,,,BCI02,001,2025-12-12_10h20.03.735,CoSpeechGestures,,2025.1.1,59.95139141183242,2025-12-12 10h20.18.187367 -0600,
,,,,,,,,,,,,,,,,,,,,,,,,,,,,,,,,,,,,,,,,,,,,,,,,,,,,,,,,,,,,,,,,,,,,,,,,,,,,,,,,,,,,,,,,,,,,,,,,,,,,,,,8478.6403724,8478.6418218,8483.5341322,BCI02,001,2025-12-12_10h20.03.735,CoSpeechGestures,,2025.1.1,59.95139141183242,2025-12-12 10h20.18.187367 -0600,
