21.0918 	WARNING 	/Users/sara-sofiagorriz/.psychopy3/fonts/Calibri.truetype doesn't have valid font family name
21.1540 	WARNING 	Font Manager failed to load file /System/Library/PrivateFrameworks/FontServices.framework/Resources/Reserved/PingFangUI.ttc
21.2206 	WARNING 	/Users/sara-sofiagorriz/.psychopy3/fonts/Calibri.truetype doesn't have valid font family name
21.2302 	WARNING 	Font Manager failed to load file /System/Library/PrivateFrameworks/FontServices.framework/Resources/Reserved/PingFangUI.ttc
23.3291 	INFO 	Loaded monitor calibration from ['2025_12_15 15:02']
23.3318 	WARNING 	Requested an unavailable screen number - using first available.
23.3336 	WARNING 	User requested fullscreen with size [1920 1080], but screen is actually [1800, 1169]. Using actual size
23.5335 	INFO 	Using renderer 'Apple M1 Pro' for graphics
23.5336 	INFO 	OpenGL version supported by driver is 2..
23.5939 	EXP 	Created window1 = Window(allowGUI=True, allowStencil=False, autoLog=True, backendConf=UNKNOWN, backgroundFit=<method-wrapper '__getattribute__' of attributeSetter object at 0x137d76bf0>, backgroundImage=<method-wrapper '__getattribute__' of attributeSetter object at 0x137d76b90>, bitsMode=UNKNOWN, blendMode='avg', bpc=(8, 8, 8), color=array([0, 0, 0]), colorSpace='rgb', depthBits=8, fullscr=True, gamma=None, gammaErrorPolicy='raise', infoMsg=UNKNOWN, lms=UNKNOWN, monitor=<psychopy.monitors.calibTools.Monitor object at 0x137e44d30>, multiSample=False, name='window1', numSamples=2, pos=[np.float64(0.0), np.float64(0.0)], screen=1, size=array([3600, 2338]), stencilBits=0, stereo=False, title='PsychoPy', units='height', useFBO=True, useRetina=True, viewOri=0.0, viewPos=None, viewScale=None, waitBlanking=True, winType='pyglet')
23.5940 	EXP 	window1: backgroundImage = ''
23.5940 	EXP 	window1: backgroundFit = 'none'
23.9731 	EXP 	window1: Attempting to measure frame rate of screen (1) ...
23.9731 	EXP 	window1: recordFrameIntervals = False
24.1884 	EXP 	window1: recordFrameIntervals = True
25.0223 	WARNING 	Couldn't measure a consistent frame rate!
  - Is your graphics card set to sync to vertical blank?
  - Are you running other processes on your computer?

25.7204 	INFO 	keyboard.Keyboard is using ptb backend.
25.8084 	INFO 	keyboard.Keyboard is using ptb backend.
25.8899 	INFO 	keyboard.Keyboard is using ptb backend.
25.9691 	INFO 	keyboard.Keyboard is using ptb backend.
26.0486 	INFO 	keyboard.Keyboard is using ptb backend.
26.1290 	INFO 	keyboard.Keyboard is using ptb backend.
26.2086 	INFO 	keyboard.Keyboard is using ptb backend.
26.3676 	WARNING 	No default speaker specified in Preferences / Hardware, using first speaker found: MacBook Pro-Lautsprecher
26.4297 	INFO 	New audio device 3 with handle 0 opened as PortAudio stream:
26.4298 	INFO 	For 2 channels Playback: Audio subsystem is Core Audio, Audio device name is MacBook Pro-Lautsprecher
26.4298 	INFO 	Real samplerate 44100,000000 Hz. Input latency 0,000000 msecs, Output latency 17,959184 msecs.
26.4298 	INFO 	Created stream for speaker device: MacBook Pro-Lautsprecher (3.0)
26.4619 	WARNING 	No default speaker specified in Preferences / Hardware, using first speaker found: MacBook Pro-Lautsprecher
26.4663 	INFO 	New audio device 3 with handle 1 opened as PortAudio stream:
26.4663 	INFO 	For 2 channels Playback: Audio subsystem is Core Audio, Audio device name is MacBook Pro-Lautsprecher
26.4664 	INFO 	Real samplerate 44100,000000 Hz. Input latency 0,000000 msecs, Output latency 17,959184 msecs.
26.4664 	INFO 	Created stream for speaker device: MacBook Pro-Lautsprecher (3.0)
26.5604 	INFO 	keyboard.Keyboard is using ptb backend.
26.5605 	WARNING 	No default speaker specified in Preferences / Hardware, using first speaker found: MacBook Pro-Lautsprecher
26.5668 	INFO 	New audio device 3 with handle 2 opened as PortAudio stream:
26.5668 	INFO 	For 2 channels Playback: Audio subsystem is Core Audio, Audio device name is MacBook Pro-Lautsprecher
26.5668 	INFO 	Real samplerate 44100,000000 Hz. Input latency 0,000000 msecs, Output latency 17,959184 msecs.
26.5668 	INFO 	Created stream for speaker device: MacBook Pro-Lautsprecher (3.0)
26.6366 	WARNING 	No default speaker specified in Preferences / Hardware, using first speaker found: MacBook Pro-Lautsprecher
26.6435 	INFO 	New audio device 3 with handle 3 opened as PortAudio stream:
26.6435 	INFO 	For 2 channels Playback: Audio subsystem is Core Audio, Audio device name is MacBook Pro-Lautsprecher
26.6435 	INFO 	Real samplerate 44100,000000 Hz. Input latency 0,000000 msecs, Output latency 17,959184 msecs.
26.6435 	INFO 	Created stream for speaker device: MacBook Pro-Lautsprecher (3.0)
26.7986 	INFO 	keyboard.Keyboard is using ptb backend.
26.7987 	EXP 	exp_cospeech_congruency: status = STARTED
26.8788 	EXP 	Created textWelcome = TextStim(__class__=<class 'psychopy.visual.text.TextStim'>, alignHoriz=method-wrapper(...), alignText='center', alignVert=method-wrapper(...), anchorHoriz='center', anchorVert='center', antialias=True, autoDraw=False, autoLog=True, bold=False, color=array([1., 1., 1.]), colorSpace='rgb', contrast=1.0, depth=-1.0, draggable=False, flipHoriz=False, flipVert=False, font='Arial', fontFiles=[], height=np.float64(0.04), italic=False, languageStyle='LTR', name='textWelcome', opacity=1, ori=0.0, pos=array([0., 0.]), rgb=UNKNOWN, text=str(...), units='height', win=Window(...), wrapWidth=1)
26.8984 	EXP 	Created textExplanation = TextStim(__class__=<class 'psychopy.visual.text.TextStim'>, alignHoriz=method-wrapper(...), alignText='center', alignVert=method-wrapper(...), anchorHoriz='center', anchorVert='center', antialias=True, autoDraw=False, autoLog=True, bold=False, color=array([1., 1., 1.]), colorSpace='rgb', contrast=1.0, depth=0.0, draggable=False, flipHoriz=False, flipVert=False, font='Arial', fontFiles=[], height=np.float64(0.04), italic=False, languageStyle='LTR', name='textExplanation', opacity=1, ori=0.0, pos=array([0., 0.]), rgb=UNKNOWN, text=str(...), units='height', win=Window(...), wrapWidth=1)
26.9554 	EXP 	Created image = ImageStim(__class__=<class 'psychopy.visual.image.ImageStim'>, anchor=('center', 'center'), autoLog=True, color=array([1., 1., 1.]), colorSpace='rgb', contrast=1.0, depth=0.0, draggable=False, flipHoriz=np.False_, flipVert=np.False_, image='images/speak.png', interpolate=True, mask=None, maskParams=None, name='image', opacity=1, ori=0.0, pos=array([0., 0.]), size=array([0.5, 0.5]), texRes=128.0, units='height', win=Window(...))
26.9586 	EXP 	Created textInstructSpeak = TextStim(__class__=<class 'psychopy.visual.text.TextStim'>, alignHoriz=method-wrapper(...), alignText='center', alignVert=method-wrapper(...), anchorHoriz='center', anchorVert='center', antialias=True, autoDraw=False, autoLog=True, bold=False, color=array([1., 1., 1.]), colorSpace='rgb', contrast=1.0, depth=-1.0, draggable=False, flipHoriz=False, flipVert=False, font='Arial', fontFiles=[], height=np.float64(0.04), italic=False, languageStyle='LTR', name='textInstructSpeak', opacity=1, ori=0.0, pos=array([0. , 0.4]), rgb=UNKNOWN, text=str(...), units='height', win=Window(...), wrapWidth=1)
26.9605 	EXP 	Created textInstructSpeak_continue = TextStim(__class__=<class 'psychopy.visual.text.TextStim'>, alignHoriz=method-wrapper(...), alignText='center', alignVert=method-wrapper(...), anchorHoriz='center', anchorVert='center', antialias=True, autoDraw=False, autoLog=True, bold=False, color=array([1., 1., 1.]), colorSpace='rgb', contrast=1.0, depth=-3.0, draggable=False, flipHoriz=False, flipVert=False, font='Arial', fontFiles=[], height=np.float64(0.04), italic=False, languageStyle='LTR', name='textInstructSpeak_continue', opacity=1, ori=0.0, pos=array([ 0. , -0.4]), rgb=UNKNOWN, text='Press SPACEBAR to continue.', units='height', win=Window(...), wrapWidth=1)
26.9634 	EXP 	Created textInstructHand = TextStim(__class__=<class 'psychopy.visual.text.TextStim'>, alignHoriz=method-wrapper(...), alignText='center', alignVert=method-wrapper(...), anchorHoriz='center', anchorVert='center', antialias=True, autoDraw=False, autoLog=True, bold=False, color=array([1., 1., 1.]), colorSpace='rgb', contrast=1.0, depth=0.0, draggable=False, flipHoriz=False, flipVert=False, font='Arial', fontFiles=[], height=np.float64(0.04), italic=False, languageStyle='LTR', name='textInstructHand', opacity=1, ori=0.0, pos=array([0. , 0.4]), rgb=UNKNOWN, text=str(...), units='height', win=Window(...), wrapWidth=1)
26.9720 	EXP 	Created imageInstructHand = ImageStim(__class__=<class 'psychopy.visual.image.ImageStim'>, anchor=('center', 'center'), autoLog=True, color=array([1., 1., 1.]), colorSpace='rgb', contrast=1.0, depth=-1.0, draggable=False, flipHoriz=np.False_, flipVert=np.False_, image='images/hand.png', interpolate=True, mask=None, maskParams=None, name='imageInstructHand', opacity=1, ori=0.0, pos=array([0., 0.]), size=array([0.5, 0.5]), texRes=128.0, units='height', win=Window(...))
26.9741 	EXP 	Created textInstructHand_continue = TextStim(__class__=<class 'psychopy.visual.text.TextStim'>, alignHoriz=method-wrapper(...), alignText='center', alignVert=method-wrapper(...), anchorHoriz='center', anchorVert='center', antialias=True, autoDraw=False, autoLog=True, bold=False, color=array([1., 1., 1.]), colorSpace='rgb', contrast=1.0, depth=-3.0, draggable=False, flipHoriz=False, flipVert=False, font='Arial', fontFiles=[], height=np.float64(0.04), italic=False, languageStyle='LTR', name='textInstructHand_continue', opacity=1, ori=0.0, pos=array([ 0. , -0.4]), rgb=UNKNOWN, text='Press SPACEBAR to continue.', units='height', win=Window(...), wrapWidth=1)
27.0108 	EXP 	Created imageInstructBoth = ImageStim(__class__=<class 'psychopy.visual.image.ImageStim'>, anchor=('center', 'center'), autoLog=True, color=array([1., 1., 1.]), colorSpace='rgb', contrast=1.0, depth=-1.0, draggable=False, flipHoriz=np.False_, flipVert=np.False_, image='images/speak_gesture1.png', interpolate=True, mask=None, maskParams=None, name='imageInstructBoth', opacity=1, ori=0.0, pos=array([0., 0.]), size=array([1., 1.]), texRes=128.0, units='height', win=Window(...))
27.0148 	EXP 	Created textInstructBoth = TextStim(__class__=<class 'psychopy.visual.text.TextStim'>, alignHoriz=method-wrapper(...), alignText='center', alignVert=method-wrapper(...), anchorHoriz='center', anchorVert='center', antialias=True, autoDraw=False, autoLog=True, bold=False, color=array([1., 1., 1.]), colorSpace='rgb', contrast=1.0, depth=-2.0, draggable=False, flipHoriz=False, flipVert=False, font='Arial', fontFiles=[], height=np.float64(0.04), italic=False, languageStyle='LTR', name='textInstructBoth', opacity=1, ori=0.0, pos=array([0. , 0.4]), rgb=UNKNOWN, text=str(...), units='height', win=Window(...), wrapWidth=1)
27.0204 	EXP 	Created textInstructBoth_continue = TextStim(__class__=<class 'psychopy.visual.text.TextStim'>, alignHoriz=method-wrapper(...), alignText='center', alignVert=method-wrapper(...), anchorHoriz='center', anchorVert='center', antialias=True, autoDraw=False, autoLog=True, bold=False, color=array([1., 1., 1.]), colorSpace='rgb', contrast=1.0, depth=-4.0, draggable=False, flipHoriz=False, flipVert=False, font='Arial', fontFiles=[], height=np.float64(0.05), italic=False, languageStyle='LTR', name='textInstructBoth_continue', opacity=1, ori=0.0, pos=array([ 0. , -0.4]), rgb=UNKNOWN, text='Press SPACEBAR to continue.', units='height', win=Window(...), wrapWidth=1)
27.0256 	EXP 	Created textBlockTraining = TextStim(__class__=<class 'psychopy.visual.text.TextStim'>, alignHoriz=method-wrapper(...), alignText='center', alignVert=method-wrapper(...), anchorHoriz='center', anchorVert='center', antialias=True, autoDraw=False, autoLog=True, bold=False, color=array([1., 1., 1.]), colorSpace='rgb', contrast=1.0, depth=0.0, draggable=False, flipHoriz=False, flipVert=False, font='Arial', fontFiles=[], height=np.float64(0.05), italic=False, languageStyle='LTR', name='textBlockTraining', opacity=1, ori=0.0, pos=array([0., 0.]), rgb=UNKNOWN, text=str(...), units='height', win=Window(...), wrapWidth=1)
27.0264 	EXP 	Created iti_Training = Rect(__class__=<class 'psychopy.visual.rect.Rect'>, anchor=('center', 'center'), autoDraw=False, autoLog=True, closeShape=True, color=method-wrapper(...), colorSpace='rgb', contrast=None, depth=-1.0, draggable=False, fillColor=array([-1., -1., -1.]), fillColorSpace='rgb', fillRGB=array([-1., -1., -1.]), interpolate=True, lineColor=array([-1., -1., -1.]), lineColorSpace='rgb', lineRGB=array([-1., -1., -1.]), lineWidth=1.0, name='iti_Training', opacity=1, ori=0.0, pos=array([0., 0.]), size=array([2., 2.]), units='height', vertices=ndarray(...), win=Window(...))
27.0493 	EXP 	Created textStart_Training = TextStim(__class__=<class 'psychopy.visual.text.TextStim'>, alignHoriz=method-wrapper(...), alignText='center', alignVert=method-wrapper(...), anchorHoriz='center', anchorVert='center', antialias=True, autoDraw=False, autoLog=True, bold=False, color=array([-1., -1., -1.]), colorSpace='rgb', contrast=1.0, depth=-2.0, draggable=False, flipHoriz=False, flipVert=False, font='Arial', fontFiles=[], height=np.float64(0.3), italic=False, languageStyle='LTR', name='textStart_Training', opacity=1, ori=0.0, pos=array([0., 0.]), rgb=UNKNOWN, text='START', units='height', win=Window(...), wrapWidth=1)
27.0530 	WARNING 	Using `sdl2` for audio playback via `ffpyplayer`. This is not recommended for applications requiring precise audio-visual synchronization.
27.0686 	INFO 	Loaded psychtoolbox audio version 3.0.19.696976787
27.0687 	EXP 	audioStim_Training: sampleRate = 44100
27.0687 	EXP 	audioStim_Training: channels = None
27.0773 	EXP 	Sound audioStim_Training set volume 1.000
27.0830 	EXP 	Created instructionImage_Training = ImageStim(__class__=<class 'psychopy.visual.image.ImageStim'>, anchor=('center', 'center'), autoLog=True, color=array([1., 1., 1.]), colorSpace='rgb', contrast=1.0, depth=-5.0, draggable=False, flipHoriz=np.False_, flipVert=np.False_, image='default.png', interpolate=True, mask=None, maskParams=None, name='instructionImage_Training', opacity=1, ori=0.0, pos=array([0., 0.]), size=array([1., 1.]), texRes=128.0, units='height', win=Window(...))
27.0907 	EXP 	Created actionCue_Training = ShapeStim(__class__=<class 'psychopy.visual.shape.ShapeStim'>, anchor=('center', 'center'), autoDraw=False, autoLog=True, closeShape=True, color=method-wrapper(...), colorSpace='rgb', contrast=None, depth=-6.0, draggable=False, fillColor=array([1, 1, 1]), fillColorSpace='rgb', fillRGB=array([1, 1, 1]), interpolate=True, lineColor=array([1., 1., 1.]), lineColorSpace='rgb', lineRGB=array([1, 1, 1]), lineWidth=1.0, name='actionCue_Training', opacity=1, ori=0.0, pos=array([0., 0.]), size=array([0.5, 0.5]), units='height', vertices=ndarray(...), win=Window(...), windingRule=None)
27.0975 	EXP 	audioGoCue_Training: sampleRate = 44100
27.0975 	EXP 	audioGoCue_Training: channels = None
27.0984 	EXP 	Sound audioGoCue_Training set volume 0.800
27.1064 	EXP 	Created textBlockStart = TextStim(__class__=<class 'psychopy.visual.text.TextStim'>, alignHoriz=method-wrapper(...), alignText='center', alignVert=method-wrapper(...), anchorHoriz='center', anchorVert='center', antialias=True, autoDraw=False, autoLog=True, bold=False, color=array([1., 1., 1.]), colorSpace='rgb', contrast=1.0, depth=-1.0, draggable=False, flipHoriz=False, flipVert=False, font='Arial', fontFiles=[], height=np.float64(0.05), italic=False, languageStyle='LTR', name='textBlockStart', opacity=1, ori=0.0, pos=array([0., 0.]), rgb=UNKNOWN, text=str(...), units='height', win=Window(...), wrapWidth=1)
27.1072 	EXP 	Created iti = Rect(__class__=<class 'psychopy.visual.rect.Rect'>, anchor=('center', 'center'), autoDraw=False, autoLog=True, closeShape=True, color=method-wrapper(...), colorSpace='rgb', contrast=None, depth=-1.0, draggable=False, fillColor=array([-1., -1., -1.]), fillColorSpace='rgb', fillRGB=array([-1., -1., -1.]), interpolate=True, lineColor=array([-1., -1., -1.]), lineColorSpace='rgb', lineRGB=array([-1., -1., -1.]), lineWidth=1.0, name='iti', opacity=1, ori=0.0, pos=array([0., 0.]), size=array([2., 2.]), units='height', vertices=ndarray(...), win=Window(...))
27.1086 	EXP 	Created textStart = TextStim(__class__=<class 'psychopy.visual.text.TextStim'>, alignHoriz=method-wrapper(...), alignText='center', alignVert=method-wrapper(...), anchorHoriz='center', anchorVert='center', antialias=True, autoDraw=False, autoLog=True, bold=False, color=array([-1., -1., -1.]), colorSpace='rgb', contrast=1.0, depth=-2.0, draggable=False, flipHoriz=False, flipVert=False, font='Arial', fontFiles=[], height=np.float64(0.3), italic=False, languageStyle='LTR', name='textStart', opacity=1, ori=0.0, pos=array([0., 0.]), rgb=UNKNOWN, text='START', units='height', win=Window(...), wrapWidth=1)
27.1088 	WARNING 	Using `sdl2` for audio playback via `ffpyplayer`. This is not recommended for applications requiring precise audio-visual synchronization.
27.1155 	EXP 	audioStimuli: sampleRate = 44100
27.1156 	EXP 	audioStimuli: channels = None
27.1275 	EXP 	Sound audioStimuli set volume 1.000
27.1323 	EXP 	Created instructionImage = ImageStim(__class__=<class 'psychopy.visual.image.ImageStim'>, anchor=('center', 'center'), autoLog=True, color=array([1., 1., 1.]), colorSpace='rgb', contrast=1.0, depth=-5.0, draggable=False, flipHoriz=np.False_, flipVert=np.False_, image='default.png', interpolate=True, mask=None, maskParams=None, name='instructionImage', opacity=1, ori=0.0, pos=array([0., 0.]), size=array([1., 1.]), texRes=128.0, units='height', win=Window(...))
27.1375 	EXP 	Created actionCue = ShapeStim(__class__=<class 'psychopy.visual.shape.ShapeStim'>, anchor=('center', 'center'), autoDraw=False, autoLog=True, closeShape=True, color=method-wrapper(...), colorSpace='rgb', contrast=None, depth=-6.0, draggable=False, fillColor=array([1, 1, 1]), fillColorSpace='rgb', fillRGB=array([1, 1, 1]), interpolate=True, lineColor=array([1., 1., 1.]), lineColorSpace='rgb', lineRGB=array([1, 1, 1]), lineWidth=1.0, name='actionCue', opacity=1, ori=0.0, pos=array([0., 0.]), size=array([0.5, 0.5]), units='height', vertices=ndarray(...), win=Window(...), windingRule=None)
27.1435 	EXP 	audioGoCue: sampleRate = 44100
27.1436 	EXP 	audioGoCue: channels = None
27.1444 	EXP 	Sound audioGoCue set volume 0.800
27.1512 	EXP 	Created textPause = TextStim(__class__=<class 'psychopy.visual.text.TextStim'>, alignHoriz=method-wrapper(...), alignText='center', alignVert=method-wrapper(...), anchorHoriz='center', anchorVert='center', antialias=True, autoDraw=False, autoLog=True, bold=False, color=array([1., 1., 1.]), colorSpace='rgb', contrast=1.0, depth=-1.0, draggable=False, flipHoriz=False, flipVert=False, font='Arial', fontFiles=[], height=np.float64(0.05), italic=False, languageStyle='LTR', name='textPause', opacity=1, ori=0.0, pos=array([0., 0.]), rgb=UNKNOWN, text=str(...), units='height', win=Window(...), wrapWidth=1)
27.1578 	EXP 	Created textOneThird = TextStim(__class__=<class 'psychopy.visual.text.TextStim'>, alignHoriz=method-wrapper(...), alignText='center', alignVert=method-wrapper(...), anchorHoriz='center', anchorVert='center', antialias=True, autoDraw=False, autoLog=True, bold=False, color=array([1., 1., 1.]), colorSpace='rgb', contrast=1.0, depth=-1.0, draggable=False, flipHoriz=False, flipVert=False, font='Arial', fontFiles=[], height=np.float64(0.05), italic=False, languageStyle='LTR', name='textOneThird', opacity=1, ori=0.0, pos=array([0., 0.]), rgb=UNKNOWN, text=str(...), units='height', win=Window(...), wrapWidth=1)
27.1614 	EXP 	Created textTwothirds = TextStim(__class__=<class 'psychopy.visual.text.TextStim'>, alignHoriz=method-wrapper(...), alignText='center', alignVert=method-wrapper(...), anchorHoriz='center', anchorVert='center', antialias=True, autoDraw=False, autoLog=True, bold=False, color=array([1., 1., 1.]), colorSpace='rgb', contrast=1.0, depth=-1.0, draggable=False, flipHoriz=False, flipVert=False, font='Arial', fontFiles=[], height=np.float64(0.05), italic=False, languageStyle='LTR', name='textTwothirds', opacity=1, ori=0.0, pos=array([0., 0.]), rgb=UNKNOWN, text=str(...), units='height', win=Window(...), wrapWidth=1)
27.1687 	EXP 	Created textGoodbye = TextStim(__class__=<class 'psychopy.visual.text.TextStim'>, alignHoriz=method-wrapper(...), alignText='center', alignVert=method-wrapper(...), anchorHoriz='center', anchorVert='center', antialias=True, autoDraw=False, autoLog=True, bold=False, color=array([1., 1., 1.]), colorSpace='rgb', contrast=1.0, depth=0.0, draggable=False, flipHoriz=False, flipVert=False, font='Arial', fontFiles=[], height=np.float64(0.05), italic=False, languageStyle='LTR', name='textGoodbye', opacity=1, ori=0.0, pos=array([0., 0.]), rgb=UNKNOWN, text=str(...), units='height', win=Window(...), wrapWidth=1)
0.0218 	EXP 	movieGesture_Training: autoLog = True
0.0218 	EXP 	movieGesture: autoLog = True
0.0417 	INFO 	Keyboard events cleared
0.0415 	EXP 	textWelcome: autoDraw = True
1.7844 	EXP 	Device response: <KeyPress from None: t=1.4390037909906823, value=space, duration=None>
1.7846 	EXP 	Device response: <KeyPress from None: t=1.4390037909906823, value=space, duration=0.10407829099858645>
1.7939 	DATA 	Keypress: space
1.8019 	INFO 	Keyboard events cleared
1.8018 	WARNING 	t of last frame was 358.08ms (=1/2)
1.8018 	EXP 	textWelcome: autoDraw = False
1.8018 	EXP 	textExplanation: autoDraw = True
2.2966 	EXP 	Device response: <KeyPress from None: t=2.2949325410008896, value=space, duration=None>
2.3181 	DATA 	Keypress: space
2.3230 	INFO 	Keyboard events cleared
2.3228 	WARNING 	t of last frame was 27.59ms (=1/36)
2.3228 	EXP 	textExplanation: autoDraw = False
2.3228 	EXP 	image: autoDraw = True
2.3228 	EXP 	textInstructSpeak: autoDraw = True
2.3228 	EXP 	textInstructSpeak_continue: autoDraw = True
2.3749 	EXP 	Device response: <KeyPress from None: t=2.2949325410008896, value=space, duration=0.07613466600014362>
2.6372 	EXP 	Device response: <KeyPress from None: t=2.6350113739899825, value=space, duration=None>
2.6405 	DATA 	Keypress: space
2.6453 	INFO 	Keyboard events cleared
2.6451 	EXP 	image: autoDraw = False
2.6451 	EXP 	textInstructSpeak: autoDraw = False
2.6451 	EXP 	textInstructSpeak_continue: autoDraw = False
2.6451 	EXP 	textInstructHand: autoDraw = True
2.6451 	EXP 	imageInstructHand: autoDraw = True
2.6451 	EXP 	textInstructHand_continue: autoDraw = True
2.7164 	EXP 	Device response: <KeyPress from None: t=2.6350113739899825, value=space, duration=0.08008129200607073>
2.9376 	EXP 	Device response: <KeyPress from None: t=2.9293010409892304, value=space, duration=None>
2.9429 	DATA 	Keypress: space
2.9478 	INFO 	Keyboard events cleared
2.9476 	EXP 	textInstructHand: autoDraw = False
2.9476 	EXP 	imageInstructHand: autoDraw = False
2.9476 	EXP 	textInstructHand_continue: autoDraw = False
2.9476 	EXP 	imageInstructBoth: autoDraw = True
2.9476 	EXP 	textInstructBoth: autoDraw = True
2.9476 	EXP 	textInstructBoth_continue: autoDraw = True
3.0119 	EXP 	Device response: <KeyPress from None: t=2.9293010409892304, value=space, duration=0.08002391600166447>
3.2462 	EXP 	Device response: <KeyPress from None: t=3.2390519990003668, value=space, duration=None>
3.2593 	EXP 	Imported trainingTrials.csv as conditions, 18 conditions, 8 params
3.2602 	EXP 	New trial (rep=0, index=0): <Trial 0 (0 in rep 0) data={'instructionType': 'speech_gesture', 'instructionSymbol': 'images/speak_gesture1.png', 'action': 'go', 'stimText': '"falling"', 'stimVideo': 'videos/rising_clip.mp4', 'stimAudio': 'audios/falling.wav', 'movement': 'arm', 'congruency': 'incongruent', 'thisN': 0, 'thisTrialN': 0, 'thisRepN': 0}>
3.2629 	DATA 	Keypress: space
3.2674 	INFO 	Keyboard events cleared
3.2672 	WARNING 	t of last frame was 22.99ms (=1/43)
3.2672 	EXP 	imageInstructBoth: autoDraw = False
3.2672 	EXP 	textInstructBoth: autoDraw = False
3.2672 	EXP 	textInstructBoth_continue: autoDraw = False
3.2672 	EXP 	textBlockTraining: autoDraw = True
3.3232 	EXP 	Device response: <KeyPress from None: t=3.2390519990003668, value=space, duration=0.08005920799041633>
3.7094 	EXP 	Device response: <KeyPress from None: t=3.702366165991407, value=space, duration=None>
5.0313 	INFO 	Opening movie file: /Users/sara-sofiagorriz/Documents/UPF Barcelona/Interactive Systems/cospeech-gesture/CoSpeech_congruency/videos/rising_clip.mp4
5.2192 	EXP 	audioStim_Training: sampleRate = 44100
5.2476 	EXP 	audioGoCue_Training: sampleRate = 44100
5.2514 	EXP 	Device response: <KeyPress from None: t=3.702366165991407, value=space, duration=0.09189212499768473>
5.2799 	DATA 	Keypress: space
5.2972 	WARNING 	t of last frame was 1588.62ms (=1/0)
5.2972 	EXP 	textBlockTraining: autoDraw = False
5.2972 	EXP 	instructionImage_Training: image = 'images/speak_gesture1.png'
5.2972 	EXP 	actionCue_Training: fillColor = <psychopy.colors.Color: green, alpha=1.0>
5.2972 	EXP 	actionCue_Training: borderColor = <psychopy.colors.Color: green, alpha=1.0>
5.2972 	EXP 	iti_Training: autoDraw = True
5.7001 	EXP 	iti_Training: autoDraw = False
5.7001 	EXP 	textStart_Training: autoDraw = True
6.7022 	INFO 	Movie playback /Users/sara-sofiagorriz/Documents/UPF Barcelona/Interactive Systems/cospeech-gesture/CoSpeech_congruency/videos/rising_clip.mp4 started at 0.00 seconds
6.7194 	EXP 	textStart_Training: autoDraw = False
6.7194 	EXP 	movieGesture_Training: autoDraw = True
7.1926 	EXP 	Sound audioStim_Training reached end of file
7.2090 	EXP 	Playing sound audioStim_Training on speaker MacBook Pro-Lautsprecher
8.2548 	EXP 	Sound audioStim_Training reached end of file
8.2628 	EXP 	Sound audioStim_Training reached end of file
8.9726 	EXP 	Device response: <KeyPress from None: t=8.961769916000776, value=f10, duration=None>
9.0179 	EXP 	Device response: <KeyPress from None: t=8.961769916000776, value=f10, duration=0.05113862500002142>
9.4032 	INFO 	Opening movie file: /Users/sara-sofiagorriz/Documents/UPF Barcelona/Interactive Systems/cospeech-gesture/CoSpeech_congruency/videos/rising_clip.mp4
9.5394 	INFO 	Movie stopped: /Users/sara-sofiagorriz/Documents/UPF Barcelona/Interactive Systems/cospeech-gesture/CoSpeech_congruency/videos/rising_clip.mp4
9.5440 	WARNING 	Multiple dropped frames have occurred - I'll stop bothering you about them!
9.5439 	EXP 	movieGesture_Training: autoDraw = False
9.7061 	EXP 	instructionImage_Training: autoDraw = True
12.2038 	EXP 	Sound audioGoCue_Training reached end of file
12.2198 	EXP 	Playing sound audioGoCue_Training on speaker MacBook Pro-Lautsprecher
12.2117 	EXP 	instructionImage_Training: autoDraw = False
12.2117 	EXP 	actionCue_Training: autoDraw = True
13.2125 	EXP 	Sound audioGoCue_Training stopped
15.7039 	EXP 	New trial (rep=0, index=1): <Trial 1 (1 in rep 0) data={'instructionType': 'speech_gesture', 'instructionSymbol': 'images/speak_gesture1.png', 'action': 'go', 'stimText': '"rising"', 'stimVideo': 'videos/rising_clip.mp4', 'stimAudio': 'audios/rising.wav', 'movement': 'arm', 'congruency': 'congruent', 'thisN': 1, 'thisTrialN': 1, 'thisRepN': 0}>
15.7102 	INFO 	Keyboard events cleared
15.7099 	EXP 	actionCue_Training: autoDraw = False
15.7099 	EXP 	iti_Training: autoDraw = False
15.7099 	EXP 	textStart_Training: autoDraw = False
15.7099 	EXP 	movieGesture_Training: autoDraw = False
15.7099 	EXP 	instructionImage_Training: autoDraw = False
15.7099 	EXP 	actionCue_Training: autoDraw = False
15.7099 	EXP 	textBlockTraining: autoDraw = True
16.7082 	EXP 	Device response: <KeyPress from None: t=16.707132832001662, value=space, duration=None>
16.7119 	INFO 	Opening movie file: /Users/sara-sofiagorriz/Documents/UPF Barcelona/Interactive Systems/cospeech-gesture/CoSpeech_congruency/videos/rising_clip.mp4
16.8669 	EXP 	audioStim_Training: sampleRate = 44100
16.8876 	EXP 	audioGoCue_Training: sampleRate = 44100
16.8903 	EXP 	Device response: <KeyPress from None: t=16.707132832001662, value=space, duration=0.11911604199849535>
16.8924 	DATA 	Keypress: space
16.8984 	EXP 	textBlockTraining: autoDraw = False
16.8984 	EXP 	instructionImage_Training: image = 'images/speak_gesture1.png'
16.8984 	EXP 	actionCue_Training: fillColor = <psychopy.colors.Color: green, alpha=1.0>
16.8984 	EXP 	actionCue_Training: borderColor = <psychopy.colors.Color: green, alpha=1.0>
16.8984 	EXP 	iti_Training: autoDraw = True
18.6983 	EXP 	iti_Training: autoDraw = False
18.6983 	EXP 	textStart_Training: autoDraw = True
19.6927 	INFO 	Movie playback /Users/sara-sofiagorriz/Documents/UPF Barcelona/Interactive Systems/cospeech-gesture/CoSpeech_congruency/videos/rising_clip.mp4 started at 0.00 seconds
19.7042 	EXP 	textStart_Training: autoDraw = False
19.7042 	EXP 	movieGesture_Training: autoDraw = True
20.1917 	EXP 	Sound audioStim_Training reached end of file
20.2081 	EXP 	Playing sound audioStim_Training on speaker MacBook Pro-Lautsprecher
21.2537 	EXP 	Sound audioStim_Training reached end of file
21.2618 	EXP 	Sound audioStim_Training reached end of file
22.3949 	INFO 	Opening movie file: /Users/sara-sofiagorriz/Documents/UPF Barcelona/Interactive Systems/cospeech-gesture/CoSpeech_congruency/videos/rising_clip.mp4
22.5378 	INFO 	Movie stopped: /Users/sara-sofiagorriz/Documents/UPF Barcelona/Interactive Systems/cospeech-gesture/CoSpeech_congruency/videos/rising_clip.mp4
22.5437 	EXP 	movieGesture_Training: autoDraw = False
22.7058 	EXP 	instructionImage_Training: autoDraw = True
25.1920 	EXP 	Sound audioGoCue_Training reached end of file
25.2079 	EXP 	Playing sound audioGoCue_Training on speaker MacBook Pro-Lautsprecher
25.1992 	EXP 	instructionImage_Training: autoDraw = False
25.1992 	EXP 	actionCue_Training: autoDraw = True
26.2030 	EXP 	Sound audioGoCue_Training stopped
28.6994 	EXP 	New trial (rep=0, index=2): <Trial 2 (2 in rep 0) data={'instructionType': 'gesture', 'instructionSymbol': 'images/hand.png', 'action': 'go', 'stimText': '"falling"', 'stimVideo': 'videos/rising_clip.mp4', 'stimAudio': 'audios/falling.wav', 'movement': 'arm', 'congruency': 'incongruent', 'thisN': 2, 'thisTrialN': 2, 'thisRepN': 0}>
28.7052 	INFO 	Keyboard events cleared
28.7049 	EXP 	actionCue_Training: autoDraw = False
28.7049 	EXP 	iti_Training: autoDraw = False
28.7049 	EXP 	textStart_Training: autoDraw = False
28.7049 	EXP 	movieGesture_Training: autoDraw = False
28.7049 	EXP 	instructionImage_Training: autoDraw = False
28.7049 	EXP 	actionCue_Training: autoDraw = False
28.7049 	EXP 	textBlockTraining: autoDraw = True
29.2926 	EXP 	Device response: <KeyPress from None: t=29.28500212400104, value=space, duration=None>
29.3038 	INFO 	Opening movie file: /Users/sara-sofiagorriz/Documents/UPF Barcelona/Interactive Systems/cospeech-gesture/CoSpeech_congruency/videos/rising_clip.mp4
29.4616 	EXP 	audioStim_Training: sampleRate = 44100
29.4721 	EXP 	audioGoCue_Training: sampleRate = 44100
29.4748 	EXP 	Device response: <KeyPress from None: t=29.28500212400104, value=space, duration=0.14792024999042042>
29.4768 	DATA 	Keypress: space
29.4824 	EXP 	textBlockTraining: autoDraw = False
29.4824 	EXP 	instructionImage_Training: image = 'images/hand.png'
29.4824 	EXP 	actionCue_Training: fillColor = <psychopy.colors.Color: green, alpha=1.0>
29.4824 	EXP 	actionCue_Training: borderColor = <psychopy.colors.Color: green, alpha=1.0>
29.4824 	EXP 	iti_Training: autoDraw = True
31.2835 	EXP 	iti_Training: autoDraw = False
31.2835 	EXP 	textStart_Training: autoDraw = True
32.2803 	INFO 	Movie playback /Users/sara-sofiagorriz/Documents/UPF Barcelona/Interactive Systems/cospeech-gesture/CoSpeech_congruency/videos/rising_clip.mp4 started at 0.00 seconds
32.2879 	EXP 	textStart_Training: autoDraw = False
32.2879 	EXP 	movieGesture_Training: autoDraw = True
32.7836 	EXP 	Sound audioStim_Training reached end of file
32.8000 	EXP 	Playing sound audioStim_Training on speaker MacBook Pro-Lautsprecher
33.8458 	EXP 	Sound audioStim_Training reached end of file
33.8538 	EXP 	Sound audioStim_Training reached end of file
34.9892 	INFO 	Opening movie file: /Users/sara-sofiagorriz/Documents/UPF Barcelona/Interactive Systems/cospeech-gesture/CoSpeech_congruency/videos/rising_clip.mp4
35.1105 	INFO 	Movie stopped: /Users/sara-sofiagorriz/Documents/UPF Barcelona/Interactive Systems/cospeech-gesture/CoSpeech_congruency/videos/rising_clip.mp4
35.1151 	EXP 	movieGesture_Training: autoDraw = False
35.2923 	EXP 	instructionImage_Training: autoDraw = True
37.7831 	EXP 	Sound audioGoCue_Training reached end of file
37.7992 	EXP 	Playing sound audioGoCue_Training on speaker MacBook Pro-Lautsprecher
37.7894 	EXP 	instructionImage_Training: autoDraw = False
37.7894 	EXP 	actionCue_Training: autoDraw = True
38.7882 	EXP 	Sound audioGoCue_Training stopped
41.2792 	EXP 	New trial (rep=0, index=3): <Trial 3 (3 in rep 0) data={'instructionType': 'speech', 'instructionSymbol': 'images/speak.png', 'action': 'go', 'stimText': '"you"', 'stimVideo': 'videos/you_clip.mp4', 'stimAudio': 'audios/you.wav', 'movement': 'hand_wrist', 'congruency': 'congruent', 'thisN': 3, 'thisTrialN': 3, 'thisRepN': 0}>
41.2899 	INFO 	Keyboard events cleared
41.2897 	EXP 	actionCue_Training: autoDraw = False
41.2897 	EXP 	iti_Training: autoDraw = False
41.2897 	EXP 	textStart_Training: autoDraw = False
41.2897 	EXP 	movieGesture_Training: autoDraw = False
41.2897 	EXP 	instructionImage_Training: autoDraw = False
41.2897 	EXP 	actionCue_Training: autoDraw = False
41.2897 	EXP 	textBlockTraining: autoDraw = True
41.7517 	EXP 	Device response: <KeyPress from None: t=41.74878154099861, value=space, duration=None>
41.7534 	DATA 	Keypress: space
41.7669 	INFO 	Opening movie file: /Users/sara-sofiagorriz/Documents/UPF Barcelona/Interactive Systems/cospeech-gesture/CoSpeech_congruency/videos/you_clip.mp4
41.8935 	EXP 	audioStim_Training: sampleRate = 44100
41.9011 	EXP 	audioGoCue_Training: sampleRate = 44100
41.9042 	EXP 	Device response: <KeyPress from None: t=41.74878154099861, value=space, duration=0.1435417500033509>
41.9099 	EXP 	textBlockTraining: autoDraw = False
41.9099 	EXP 	instructionImage_Training: image = 'images/speak.png'
41.9099 	EXP 	actionCue_Training: fillColor = <psychopy.colors.Color: green, alpha=1.0>
41.9099 	EXP 	actionCue_Training: borderColor = <psychopy.colors.Color: green, alpha=1.0>
41.9099 	EXP 	iti_Training: autoDraw = True
43.7551 	EXP 	iti_Training: autoDraw = False
43.7551 	EXP 	textStart_Training: autoDraw = True
44.7414 	INFO 	Movie playback /Users/sara-sofiagorriz/Documents/UPF Barcelona/Interactive Systems/cospeech-gesture/CoSpeech_congruency/videos/you_clip.mp4 started at 0.00 seconds
44.7493 	EXP 	textStart_Training: autoDraw = False
44.7493 	EXP 	movieGesture_Training: autoDraw = True
45.2459 	EXP 	Sound audioStim_Training reached end of file
45.2623 	EXP 	Playing sound audioStim_Training on speaker MacBook Pro-Lautsprecher
46.3081 	EXP 	Sound audioStim_Training reached end of file
46.3161 	EXP 	Sound audioStim_Training reached end of file
47.7156 	INFO 	Opening movie file: /Users/sara-sofiagorriz/Documents/UPF Barcelona/Interactive Systems/cospeech-gesture/CoSpeech_congruency/videos/you_clip.mp4
47.8558 	INFO 	Movie stopped: /Users/sara-sofiagorriz/Documents/UPF Barcelona/Interactive Systems/cospeech-gesture/CoSpeech_congruency/videos/you_clip.mp4
47.8604 	EXP 	movieGesture_Training: autoDraw = False
47.8647 	EXP 	instructionImage_Training: autoDraw = True
50.2510 	EXP 	Sound audioGoCue_Training reached end of file
50.2671 	EXP 	Playing sound audioGoCue_Training on speaker MacBook Pro-Lautsprecher
50.2571 	EXP 	instructionImage_Training: autoDraw = False
50.2571 	EXP 	actionCue_Training: autoDraw = True
51.2645 	EXP 	Sound audioGoCue_Training stopped
53.7514 	EXP 	New trial (rep=0, index=4): <Trial 4 (4 in rep 0) data={'instructionType': 'gesture', 'instructionSymbol': 'images/hand.png', 'action': 'nogo', 'stimText': '"you"', 'stimVideo': 'videos/you_clip.mp4', 'stimAudio': 'audios/you.wav', 'movement': 'hand_wrist', 'congruency': 'congruent', 'thisN': 4, 'thisTrialN': 4, 'thisRepN': 0}>
53.7568 	INFO 	Keyboard events cleared
53.7566 	EXP 	actionCue_Training: autoDraw = False
53.7566 	EXP 	iti_Training: autoDraw = False
53.7566 	EXP 	textStart_Training: autoDraw = False
53.7566 	EXP 	movieGesture_Training: autoDraw = False
53.7566 	EXP 	instructionImage_Training: autoDraw = False
53.7566 	EXP 	actionCue_Training: autoDraw = False
53.7566 	EXP 	textBlockTraining: autoDraw = True
54.3127 	DATA 	Keypress: space
54.3178 	EXP 	Device response: <KeyPress from None: t=54.307858831991325, value=space, duration=None>
54.3333 	INFO 	Opening movie file: /Users/sara-sofiagorriz/Documents/UPF Barcelona/Interactive Systems/cospeech-gesture/CoSpeech_congruency/videos/you_clip.mp4
54.4473 	EXP 	audioStim_Training: sampleRate = 44100
54.4547 	EXP 	audioGoCue_Training: sampleRate = 44100
54.4573 	EXP 	Device response: <KeyPress from None: t=54.307858831991325, value=space, duration=0.12407279200851917>
54.4630 	EXP 	textBlockTraining: autoDraw = False
54.4630 	EXP 	instructionImage_Training: image = 'images/hand.png'
54.4630 	EXP 	actionCue_Training: fillColor = <psychopy.colors.Color: red, alpha=1.0>
54.4630 	EXP 	actionCue_Training: borderColor = <psychopy.colors.Color: red, alpha=1.0>
54.4630 	EXP 	iti_Training: autoDraw = True
56.3085 	EXP 	iti_Training: autoDraw = False
56.3085 	EXP 	textStart_Training: autoDraw = True
57.3015 	INFO 	Movie playback /Users/sara-sofiagorriz/Documents/UPF Barcelona/Interactive Systems/cospeech-gesture/CoSpeech_congruency/videos/you_clip.mp4 started at 0.00 seconds
57.3149 	EXP 	textStart_Training: autoDraw = False
57.3149 	EXP 	movieGesture_Training: autoDraw = True
57.8039 	EXP 	Sound audioStim_Training reached end of file
57.8203 	EXP 	Playing sound audioStim_Training on speaker MacBook Pro-Lautsprecher
58.8660 	EXP 	Sound audioStim_Training reached end of file
58.8735 	EXP 	Sound audioStim_Training reached end of file
60.2732 	INFO 	Opening movie file: /Users/sara-sofiagorriz/Documents/UPF Barcelona/Interactive Systems/cospeech-gesture/CoSpeech_congruency/videos/you_clip.mp4
60.4150 	INFO 	Movie stopped: /Users/sara-sofiagorriz/Documents/UPF Barcelona/Interactive Systems/cospeech-gesture/CoSpeech_congruency/videos/you_clip.mp4
60.4196 	EXP 	movieGesture_Training: autoDraw = False
60.4239 	EXP 	instructionImage_Training: autoDraw = True
62.8045 	EXP 	Sound audioGoCue_Training reached end of file
62.8207 	EXP 	Playing sound audioGoCue_Training on speaker MacBook Pro-Lautsprecher
62.8121 	EXP 	instructionImage_Training: autoDraw = False
62.8121 	EXP 	actionCue_Training: autoDraw = True
63.8094 	EXP 	Sound audioGoCue_Training stopped
66.3101 	EXP 	New trial (rep=0, index=5): <Trial 5 (5 in rep 0) data={'instructionType': 'speech_gesture', 'instructionSymbol': 'images/speak_gesture1.png', 'action': 'go', 'stimText': '"rising"', 'stimVideo': 'videos/falling_clip.mp4', 'stimAudio': 'audios/rising.wav', 'movement': 'arm', 'congruency': 'incongruent', 'thisN': 5, 'thisTrialN': 5, 'thisRepN': 0}>
66.3160 	INFO 	Keyboard events cleared
66.3157 	EXP 	actionCue_Training: autoDraw = False
66.3157 	EXP 	iti_Training: autoDraw = False
66.3157 	EXP 	textStart_Training: autoDraw = False
66.3157 	EXP 	movieGesture_Training: autoDraw = False
66.3157 	EXP 	instructionImage_Training: autoDraw = False
66.3157 	EXP 	actionCue_Training: autoDraw = False
66.3157 	EXP 	textBlockTraining: autoDraw = True
66.8935 	EXP 	Device response: <KeyPress from None: t=66.8872154159908, value=space, duration=None>
66.9081 	INFO 	Opening movie file: /Users/sara-sofiagorriz/Documents/UPF Barcelona/Interactive Systems/cospeech-gesture/CoSpeech_congruency/videos/falling_clip.mp4
67.0011 	EXP 	audioStim_Training: sampleRate = 44100
67.0232 	EXP 	audioGoCue_Training: sampleRate = 44100
67.0260 	EXP 	Device response: <KeyPress from None: t=66.8872154159908, value=space, duration=0.11113124999974389>
67.0280 	DATA 	Keypress: space
67.0362 	EXP 	textBlockTraining: autoDraw = False
67.0362 	EXP 	instructionImage_Training: image = 'images/speak_gesture1.png'
67.0362 	EXP 	actionCue_Training: fillColor = <psychopy.colors.Color: green, alpha=1.0>
67.0362 	EXP 	actionCue_Training: borderColor = <psychopy.colors.Color: green, alpha=1.0>
67.0362 	EXP 	iti_Training: autoDraw = True
68.8869 	EXP 	iti_Training: autoDraw = False
68.8869 	EXP 	textStart_Training: autoDraw = True
69.8786 	INFO 	Movie playback /Users/sara-sofiagorriz/Documents/UPF Barcelona/Interactive Systems/cospeech-gesture/CoSpeech_congruency/videos/falling_clip.mp4 started at 0.00 seconds
69.8899 	EXP 	textStart_Training: autoDraw = False
69.8899 	EXP 	movieGesture_Training: autoDraw = True
70.3794 	EXP 	Sound audioStim_Training reached end of file
70.3958 	EXP 	Playing sound audioStim_Training on speaker MacBook Pro-Lautsprecher
71.4412 	EXP 	Sound audioStim_Training reached end of file
71.4491 	EXP 	Sound audioStim_Training reached end of file
72.8820 	INFO 	Opening movie file: /Users/sara-sofiagorriz/Documents/UPF Barcelona/Interactive Systems/cospeech-gesture/CoSpeech_congruency/videos/falling_clip.mp4
72.9852 	INFO 	Movie stopped: /Users/sara-sofiagorriz/Documents/UPF Barcelona/Interactive Systems/cospeech-gesture/CoSpeech_congruency/videos/falling_clip.mp4
72.9906 	EXP 	movieGesture_Training: autoDraw = False
72.9906 	EXP 	instructionImage_Training: autoDraw = True
75.3914 	EXP 	Sound audioGoCue_Training reached end of file
75.4075 	EXP 	Playing sound audioGoCue_Training on speaker MacBook Pro-Lautsprecher
75.3996 	EXP 	instructionImage_Training: autoDraw = False
75.3996 	EXP 	actionCue_Training: autoDraw = True
76.3982 	EXP 	Sound audioGoCue_Training stopped
78.8805 	EXP 	New trial (rep=0, index=6): <Trial 6 (6 in rep 0) data={'instructionType': 'gesture', 'instructionSymbol': 'images/hand.png', 'action': 'go', 'stimText': '"rising"', 'stimVideo': 'videos/falling_clip.mp4', 'stimAudio': 'audios/rising.wav', 'movement': 'arm', 'congruency': 'incongruent', 'thisN': 6, 'thisTrialN': 6, 'thisRepN': 0}>
78.8862 	INFO 	Keyboard events cleared
78.8861 	EXP 	actionCue_Training: autoDraw = False
78.8861 	EXP 	iti_Training: autoDraw = False
78.8861 	EXP 	textStart_Training: autoDraw = False
78.8861 	EXP 	movieGesture_Training: autoDraw = False
78.8861 	EXP 	instructionImage_Training: autoDraw = False
78.8861 	EXP 	actionCue_Training: autoDraw = False
78.8861 	EXP 	textBlockTraining: autoDraw = True
79.4439 	EXP 	Device response: <KeyPress from None: t=79.43722216600145, value=space, duration=None>
79.4563 	INFO 	Opening movie file: /Users/sara-sofiagorriz/Documents/UPF Barcelona/Interactive Systems/cospeech-gesture/CoSpeech_congruency/videos/falling_clip.mp4
79.5628 	EXP 	audioStim_Training: sampleRate = 44100
79.5723 	EXP 	audioGoCue_Training: sampleRate = 44100
79.5751 	EXP 	Device response: <KeyPress from None: t=79.43722216600145, value=space, duration=0.1230212499940535>
79.5770 	DATA 	Keypress: space
79.5829 	EXP 	textBlockTraining: autoDraw = False
79.5829 	EXP 	instructionImage_Training: image = 'images/hand.png'
79.5829 	EXP 	actionCue_Training: fillColor = <psychopy.colors.Color: green, alpha=1.0>
79.5829 	EXP 	actionCue_Training: borderColor = <psychopy.colors.Color: green, alpha=1.0>
79.5829 	EXP 	iti_Training: autoDraw = True
81.4436 	EXP 	iti_Training: autoDraw = False
81.4436 	EXP 	textStart_Training: autoDraw = True
82.4332 	INFO 	Movie playback /Users/sara-sofiagorriz/Documents/UPF Barcelona/Interactive Systems/cospeech-gesture/CoSpeech_congruency/videos/falling_clip.mp4 started at 0.00 seconds
82.4433 	EXP 	textStart_Training: autoDraw = False
82.4433 	EXP 	movieGesture_Training: autoDraw = True
82.9335 	EXP 	Sound audioStim_Training reached end of file
82.9500 	EXP 	Playing sound audioStim_Training on speaker MacBook Pro-Lautsprecher
83.9958 	EXP 	Sound audioStim_Training reached end of file
84.0037 	EXP 	Sound audioStim_Training reached end of file
85.4402 	INFO 	Opening movie file: /Users/sara-sofiagorriz/Documents/UPF Barcelona/Interactive Systems/cospeech-gesture/CoSpeech_congruency/videos/falling_clip.mp4
85.5261 	INFO 	Movie stopped: /Users/sara-sofiagorriz/Documents/UPF Barcelona/Interactive Systems/cospeech-gesture/CoSpeech_congruency/videos/falling_clip.mp4
85.5311 	EXP 	movieGesture_Training: autoDraw = False
85.5311 	EXP 	instructionImage_Training: autoDraw = True
87.9298 	EXP 	Sound audioGoCue_Training reached end of file
87.9457 	EXP 	Playing sound audioGoCue_Training on speaker MacBook Pro-Lautsprecher
87.9370 	EXP 	instructionImage_Training: autoDraw = False
87.9370 	EXP 	actionCue_Training: autoDraw = True
88.9412 	EXP 	Sound audioGoCue_Training stopped
91.4386 	EXP 	New trial (rep=0, index=7): <Trial 7 (7 in rep 0) data={'instructionType': 'gesture', 'instructionSymbol': 'images/hand.png', 'action': 'go', 'stimText': '"you"', 'stimVideo': 'videos/me_clip.mp4', 'stimAudio': 'audios/you.wav', 'movement': 'hand_wrist', 'congruency': 'incongruent', 'thisN': 7, 'thisTrialN': 7, 'thisRepN': 0}>
91.4441 	INFO 	Keyboard events cleared
91.4440 	EXP 	actionCue_Training: autoDraw = False
91.4440 	EXP 	iti_Training: autoDraw = False
91.4440 	EXP 	textStart_Training: autoDraw = False
91.4440 	EXP 	movieGesture_Training: autoDraw = False
91.4440 	EXP 	instructionImage_Training: autoDraw = False
91.4440 	EXP 	actionCue_Training: autoDraw = False
91.4440 	EXP 	textBlockTraining: autoDraw = True
92.8509 	DATA 	Keypress: space
92.8562 	EXP 	Device response: <KeyPress from None: t=92.8458572489908, value=space, duration=None>
92.8635 	INFO 	Opening movie file: /Users/sara-sofiagorriz/Documents/UPF Barcelona/Interactive Systems/cospeech-gesture/CoSpeech_congruency/videos/me_clip.mp4
92.9996 	EXP 	audioStim_Training: sampleRate = 44100
93.0078 	EXP 	audioGoCue_Training: sampleRate = 44100
93.0104 	EXP 	Device response: <KeyPress from None: t=92.8458572489908, value=space, duration=0.11157516700041015>
93.0162 	EXP 	textBlockTraining: autoDraw = False
93.0162 	EXP 	instructionImage_Training: image = 'images/hand.png'
93.0162 	EXP 	actionCue_Training: fillColor = <psychopy.colors.Color: green, alpha=1.0>
93.0162 	EXP 	actionCue_Training: borderColor = <psychopy.colors.Color: green, alpha=1.0>
93.0162 	EXP 	iti_Training: autoDraw = True
94.8504 	EXP 	iti_Training: autoDraw = False
94.8504 	EXP 	textStart_Training: autoDraw = True
95.8435 	INFO 	Movie playback /Users/sara-sofiagorriz/Documents/UPF Barcelona/Interactive Systems/cospeech-gesture/CoSpeech_congruency/videos/me_clip.mp4 started at 0.00 seconds
95.8530 	EXP 	textStart_Training: autoDraw = False
95.8530 	EXP 	movieGesture_Training: autoDraw = True
96.3426 	EXP 	Sound audioStim_Training reached end of file
96.3591 	EXP 	Playing sound audioStim_Training on speaker MacBook Pro-Lautsprecher
97.4088 	EXP 	Sound audioStim_Training reached end of file
97.4172 	EXP 	Sound audioStim_Training reached end of file
98.8505 	INFO 	Opening movie file: /Users/sara-sofiagorriz/Documents/UPF Barcelona/Interactive Systems/cospeech-gesture/CoSpeech_congruency/videos/me_clip.mp4
98.9855 	INFO 	Movie stopped: /Users/sara-sofiagorriz/Documents/UPF Barcelona/Interactive Systems/cospeech-gesture/CoSpeech_congruency/videos/me_clip.mp4
98.9906 	EXP 	movieGesture_Training: autoDraw = False
98.9906 	EXP 	instructionImage_Training: autoDraw = True
101.3465 	EXP 	Sound audioGoCue_Training reached end of file
101.3625 	EXP 	Playing sound audioGoCue_Training on speaker MacBook Pro-Lautsprecher
101.3530 	EXP 	instructionImage_Training: autoDraw = False
101.3530 	EXP 	actionCue_Training: autoDraw = True
102.3591 	EXP 	Sound audioGoCue_Training stopped
104.8441 	EXP 	New trial (rep=0, index=8): <Trial 8 (8 in rep 0) data={'instructionType': 'speech_gesture', 'instructionSymbol': 'images/speak_gesture1.png', 'action': 'nogo', 'stimText': '"rising"', 'stimVideo': 'videos/rising_clip.mp4', 'stimAudio': 'audios/rising.wav', 'movement': 'arm', 'congruency': 'congruent', 'thisN': 8, 'thisTrialN': 8, 'thisRepN': 0}>
104.8496 	INFO 	Keyboard events cleared
104.8495 	EXP 	actionCue_Training: autoDraw = False
104.8495 	EXP 	iti_Training: autoDraw = False
104.8495 	EXP 	textStart_Training: autoDraw = False
104.8495 	EXP 	movieGesture_Training: autoDraw = False
104.8495 	EXP 	instructionImage_Training: autoDraw = False
104.8495 	EXP 	actionCue_Training: autoDraw = False
104.8495 	EXP 	textBlockTraining: autoDraw = True
106.1664 	DATA 	Keypress: space
106.1714 	EXP 	Device response: <KeyPress from None: t=106.16243579098955, value=space, duration=None>
106.1807 	INFO 	Opening movie file: /Users/sara-sofiagorriz/Documents/UPF Barcelona/Interactive Systems/cospeech-gesture/CoSpeech_congruency/videos/rising_clip.mp4
106.3165 	EXP 	audioStim_Training: sampleRate = 44100
106.3427 	EXP 	audioGoCue_Training: sampleRate = 44100
106.3456 	EXP 	Device response: <KeyPress from None: t=106.16243579098955, value=space, duration=0.06801149999955669>
106.3514 	EXP 	textBlockTraining: autoDraw = False
106.3514 	EXP 	instructionImage_Training: image = 'images/speak_gesture1.png'
106.3514 	EXP 	actionCue_Training: fillColor = <psychopy.colors.Color: red, alpha=1.0>
106.3514 	EXP 	actionCue_Training: borderColor = <psychopy.colors.Color: red, alpha=1.0>
106.3514 	EXP 	iti_Training: autoDraw = True
108.1707 	EXP 	iti_Training: autoDraw = False
108.1707 	EXP 	textStart_Training: autoDraw = True
109.1650 	INFO 	Movie playback /Users/sara-sofiagorriz/Documents/UPF Barcelona/Interactive Systems/cospeech-gesture/CoSpeech_congruency/videos/rising_clip.mp4 started at 0.00 seconds
109.1745 	EXP 	textStart_Training: autoDraw = False
109.1745 	EXP 	movieGesture_Training: autoDraw = True
109.6586 	EXP 	Sound audioStim_Training reached end of file
109.6751 	EXP 	Playing sound audioStim_Training on speaker MacBook Pro-Lautsprecher
110.7208 	EXP 	Sound audioStim_Training reached end of file
110.7287 	EXP 	Sound audioStim_Training reached end of file
111.8773 	INFO 	Opening movie file: /Users/sara-sofiagorriz/Documents/UPF Barcelona/Interactive Systems/cospeech-gesture/CoSpeech_congruency/videos/rising_clip.mp4
112.0219 	INFO 	Movie stopped: /Users/sara-sofiagorriz/Documents/UPF Barcelona/Interactive Systems/cospeech-gesture/CoSpeech_congruency/videos/rising_clip.mp4
112.0267 	EXP 	movieGesture_Training: autoDraw = False
112.1688 	EXP 	instructionImage_Training: autoDraw = True
114.6601 	EXP 	Sound audioGoCue_Training reached end of file
114.6758 	EXP 	Playing sound audioGoCue_Training on speaker MacBook Pro-Lautsprecher
114.6670 	EXP 	instructionImage_Training: autoDraw = False
114.6670 	EXP 	actionCue_Training: autoDraw = True
115.6666 	EXP 	Sound audioGoCue_Training stopped
118.1545 	EXP 	New trial (rep=0, index=9): <Trial 9 (9 in rep 0) data={'instructionType': 'speech', 'instructionSymbol': 'images/speak.png', 'action': 'go', 'stimText': '"falling"', 'stimVideo': 'videos/falling_clip.mp4', 'stimAudio': 'audios/falling.wav', 'movement': 'arm', 'congruency': 'congruent', 'thisN': 9, 'thisTrialN': 9, 'thisRepN': 0}>
118.1659 	INFO 	Keyboard events cleared
118.1657 	EXP 	actionCue_Training: autoDraw = False
118.1657 	EXP 	iti_Training: autoDraw = False
118.1657 	EXP 	textStart_Training: autoDraw = False
118.1657 	EXP 	movieGesture_Training: autoDraw = False
118.1657 	EXP 	instructionImage_Training: autoDraw = False
118.1657 	EXP 	actionCue_Training: autoDraw = False
118.1657 	EXP 	textBlockTraining: autoDraw = True
119.3767 	EXP 	Device response: <KeyPress from None: t=119.36872891600069, value=space, duration=None>
119.3847 	INFO 	Opening movie file: /Users/sara-sofiagorriz/Documents/UPF Barcelona/Interactive Systems/cospeech-gesture/CoSpeech_congruency/videos/falling_clip.mp4
119.4704 	EXP 	audioStim_Training: sampleRate = 44100
119.4795 	EXP 	audioGoCue_Training: sampleRate = 44100
119.4839 	DATA 	Keypress: space
119.4896 	EXP 	textBlockTraining: autoDraw = False
119.4896 	EXP 	instructionImage_Training: image = 'images/speak.png'
119.4896 	EXP 	actionCue_Training: fillColor = <psychopy.colors.Color: green, alpha=1.0>
119.4896 	EXP 	actionCue_Training: borderColor = <psychopy.colors.Color: green, alpha=1.0>
119.4896 	EXP 	iti_Training: autoDraw = True
119.4904 	EXP 	Device response: <KeyPress from None: t=119.36872891600069, value=space, duration=0.11504137500014622>
121.3741 	EXP 	iti_Training: autoDraw = False
121.3741 	EXP 	textStart_Training: autoDraw = True
122.3621 	INFO 	Movie playback /Users/sara-sofiagorriz/Documents/UPF Barcelona/Interactive Systems/cospeech-gesture/CoSpeech_congruency/videos/falling_clip.mp4 started at 0.00 seconds
122.3739 	EXP 	textStart_Training: autoDraw = False
122.3739 	EXP 	movieGesture_Training: autoDraw = True
122.8629 	EXP 	Sound audioStim_Training reached end of file
122.8793 	EXP 	Playing sound audioStim_Training on speaker MacBook Pro-Lautsprecher
123.9251 	EXP 	Sound audioStim_Training reached end of file
123.9330 	EXP 	Sound audioStim_Training reached end of file
125.3635 	INFO 	Opening movie file: /Users/sara-sofiagorriz/Documents/UPF Barcelona/Interactive Systems/cospeech-gesture/CoSpeech_congruency/videos/falling_clip.mp4
125.4777 	INFO 	Movie stopped: /Users/sara-sofiagorriz/Documents/UPF Barcelona/Interactive Systems/cospeech-gesture/CoSpeech_congruency/videos/falling_clip.mp4
125.4825 	EXP 	movieGesture_Training: autoDraw = False
125.4825 	EXP 	instructionImage_Training: autoDraw = True
127.8623 	EXP 	Sound audioGoCue_Training reached end of file
127.8784 	EXP 	Playing sound audioGoCue_Training on speaker MacBook Pro-Lautsprecher
127.8701 	EXP 	instructionImage_Training: autoDraw = False
127.8701 	EXP 	actionCue_Training: autoDraw = True
128.8666 	EXP 	Sound audioGoCue_Training stopped
131.3633 	EXP 	New trial (rep=0, index=10): <Trial 10 (10 in rep 0) data={'instructionType': 'gesture', 'instructionSymbol': 'images/hand.png', 'action': 'go', 'stimText': '"me"', 'stimVideo': 'videos/me_clip.mp4', 'stimAudio': 'audios/me.wav', 'movement': 'hand_wrist', 'congruency': 'congruent', 'thisN': 10, 'thisTrialN': 10, 'thisRepN': 0}>
131.3694 	INFO 	Keyboard events cleared
131.3691 	EXP 	actionCue_Training: autoDraw = False
131.3691 	EXP 	iti_Training: autoDraw = False
131.3691 	EXP 	textStart_Training: autoDraw = False
131.3691 	EXP 	movieGesture_Training: autoDraw = False
131.3691 	EXP 	instructionImage_Training: autoDraw = False
131.3691 	EXP 	actionCue_Training: autoDraw = False
131.3691 	EXP 	textBlockTraining: autoDraw = True
132.3139 	EXP 	Device response: <KeyPress from None: t=132.30894791599712, value=space, duration=None>
132.3194 	INFO 	Opening movie file: /Users/sara-sofiagorriz/Documents/UPF Barcelona/Interactive Systems/cospeech-gesture/CoSpeech_congruency/videos/me_clip.mp4
132.4655 	EXP 	audioStim_Training: sampleRate = 44100
132.4733 	EXP 	audioGoCue_Training: sampleRate = 44100
132.4761 	EXP 	Device response: <KeyPress from None: t=132.30894791599712, value=space, duration=0.1111934999935329>
132.4780 	DATA 	Keypress: space
132.4840 	EXP 	textBlockTraining: autoDraw = False
132.4840 	EXP 	instructionImage_Training: image = 'images/hand.png'
132.4840 	EXP 	actionCue_Training: fillColor = <psychopy.colors.Color: green, alpha=1.0>
132.4840 	EXP 	actionCue_Training: borderColor = <psychopy.colors.Color: green, alpha=1.0>
132.4840 	EXP 	iti_Training: autoDraw = True
134.3061 	EXP 	iti_Training: autoDraw = False
134.3061 	EXP 	textStart_Training: autoDraw = True
135.2999 	INFO 	Movie playback /Users/sara-sofiagorriz/Documents/UPF Barcelona/Interactive Systems/cospeech-gesture/CoSpeech_congruency/videos/me_clip.mp4 started at 0.00 seconds
135.3084 	EXP 	textStart_Training: autoDraw = False
135.3084 	EXP 	movieGesture_Training: autoDraw = True
135.8039 	EXP 	Sound audioStim_Training reached end of file
135.8203 	EXP 	Playing sound audioStim_Training on speaker MacBook Pro-Lautsprecher
136.8484 	EXP 	Sound audioStim_Training reached end of file
136.8563 	EXP 	Sound audioStim_Training reached end of file
138.3108 	INFO 	Opening movie file: /Users/sara-sofiagorriz/Documents/UPF Barcelona/Interactive Systems/cospeech-gesture/CoSpeech_congruency/videos/me_clip.mp4
138.4380 	INFO 	Movie stopped: /Users/sara-sofiagorriz/Documents/UPF Barcelona/Interactive Systems/cospeech-gesture/CoSpeech_congruency/videos/me_clip.mp4
138.4423 	EXP 	movieGesture_Training: autoDraw = False
138.4423 	EXP 	instructionImage_Training: autoDraw = True
140.8008 	EXP 	Sound audioGoCue_Training reached end of file
140.8167 	EXP 	Playing sound audioGoCue_Training on speaker MacBook Pro-Lautsprecher
140.8078 	EXP 	instructionImage_Training: autoDraw = False
140.8078 	EXP 	actionCue_Training: autoDraw = True
141.8041 	EXP 	Sound audioGoCue_Training stopped
144.2977 	EXP 	New trial (rep=0, index=11): <Trial 11 (11 in rep 0) data={'instructionType': 'gesture', 'instructionSymbol': 'images/hand.png', 'action': 'go', 'stimText': '"falling"', 'stimVideo': 'videos/falling_clip.mp4', 'stimAudio': 'audios/falling.wav', 'movement': 'arm', 'congruency': 'congruent', 'thisN': 11, 'thisTrialN': 11, 'thisRepN': 0}>
144.3034 	INFO 	Keyboard events cleared
144.3032 	EXP 	actionCue_Training: autoDraw = False
144.3032 	EXP 	iti_Training: autoDraw = False
144.3032 	EXP 	textStart_Training: autoDraw = False
144.3032 	EXP 	movieGesture_Training: autoDraw = False
144.3032 	EXP 	instructionImage_Training: autoDraw = False
144.3032 	EXP 	actionCue_Training: autoDraw = False
144.3032 	EXP 	textBlockTraining: autoDraw = True
147.2096 	EXP 	Device response: <KeyPress from None: t=147.20422829099698, value=space, duration=None>
147.2170 	INFO 	Opening movie file: /Users/sara-sofiagorriz/Documents/UPF Barcelona/Interactive Systems/cospeech-gesture/CoSpeech_congruency/videos/falling_clip.mp4
147.3298 	EXP 	audioStim_Training: sampleRate = 44100
147.3376 	EXP 	audioGoCue_Training: sampleRate = 44100
147.3403 	EXP 	Device response: <KeyPress from None: t=147.20422829099698, value=space, duration=0.1317977080034325>
147.3420 	DATA 	Keypress: space
147.3480 	EXP 	textBlockTraining: autoDraw = False
147.3480 	EXP 	instructionImage_Training: image = 'images/hand.png'
147.3480 	EXP 	actionCue_Training: fillColor = <psychopy.colors.Color: green, alpha=1.0>
147.3480 	EXP 	actionCue_Training: borderColor = <psychopy.colors.Color: green, alpha=1.0>
147.3480 	EXP 	iti_Training: autoDraw = True
149.2034 	EXP 	iti_Training: autoDraw = False
149.2034 	EXP 	textStart_Training: autoDraw = True
150.2028 	INFO 	Movie playback /Users/sara-sofiagorriz/Documents/UPF Barcelona/Interactive Systems/cospeech-gesture/CoSpeech_congruency/videos/falling_clip.mp4 started at 0.00 seconds
150.2101 	EXP 	textStart_Training: autoDraw = False
150.2101 	EXP 	movieGesture_Training: autoDraw = True
150.6962 	EXP 	Sound audioStim_Training reached end of file
150.7126 	EXP 	Playing sound audioStim_Training on speaker MacBook Pro-Lautsprecher
151.7584 	EXP 	Sound audioStim_Training reached end of file
151.7663 	EXP 	Sound audioStim_Training reached end of file
153.1981 	INFO 	Opening movie file: /Users/sara-sofiagorriz/Documents/UPF Barcelona/Interactive Systems/cospeech-gesture/CoSpeech_congruency/videos/falling_clip.mp4
153.3108 	INFO 	Movie stopped: /Users/sara-sofiagorriz/Documents/UPF Barcelona/Interactive Systems/cospeech-gesture/CoSpeech_congruency/videos/falling_clip.mp4
153.3157 	EXP 	movieGesture_Training: autoDraw = False
153.3157 	EXP 	instructionImage_Training: autoDraw = True
155.6950 	EXP 	Sound audioGoCue_Training reached end of file
155.7110 	EXP 	Playing sound audioGoCue_Training on speaker MacBook Pro-Lautsprecher
155.7017 	EXP 	instructionImage_Training: autoDraw = False
155.7017 	EXP 	actionCue_Training: autoDraw = True
156.7030 	EXP 	Sound audioGoCue_Training stopped
159.1936 	EXP 	New trial (rep=0, index=12): <Trial 12 (12 in rep 0) data={'instructionType': 'gesture', 'instructionSymbol': 'images/hand.png', 'action': 'go', 'stimText': '"me"', 'stimVideo': 'videos/you_clip.mp4', 'stimAudio': 'audios/me.wav', 'movement': 'hand_wrist', 'congruency': 'incongruent', 'thisN': 12, 'thisTrialN': 12, 'thisRepN': 0}>
159.1995 	INFO 	Keyboard events cleared
159.1993 	EXP 	actionCue_Training: autoDraw = False
159.1993 	EXP 	iti_Training: autoDraw = False
159.1993 	EXP 	textStart_Training: autoDraw = False
159.1993 	EXP 	movieGesture_Training: autoDraw = False
159.1993 	EXP 	instructionImage_Training: autoDraw = False
159.1993 	EXP 	actionCue_Training: autoDraw = False
159.1993 	EXP 	textBlockTraining: autoDraw = True
162.6573 	EXP 	Device response: <KeyPress from None: t=162.64606595700025, value=space, duration=None>
162.6714 	INFO 	Opening movie file: /Users/sara-sofiagorriz/Documents/UPF Barcelona/Interactive Systems/cospeech-gesture/CoSpeech_congruency/videos/you_clip.mp4
162.8167 	EXP 	audioStim_Training: sampleRate = 44100
162.8295 	EXP 	audioGoCue_Training: sampleRate = 44100
162.8337 	EXP 	Device response: <KeyPress from None: t=162.64606595700025, value=space, duration=0.11928591699688695>
162.8364 	DATA 	Keypress: space
162.8441 	EXP 	textBlockTraining: autoDraw = False
162.8441 	EXP 	instructionImage_Training: image = 'images/hand.png'
162.8441 	EXP 	actionCue_Training: fillColor = <psychopy.colors.Color: green, alpha=1.0>
162.8441 	EXP 	actionCue_Training: borderColor = <psychopy.colors.Color: green, alpha=1.0>
162.8441 	EXP 	iti_Training: autoDraw = True
164.6501 	EXP 	iti_Training: autoDraw = False
164.6501 	EXP 	textStart_Training: autoDraw = True
165.6465 	INFO 	Movie playback /Users/sara-sofiagorriz/Documents/UPF Barcelona/Interactive Systems/cospeech-gesture/CoSpeech_congruency/videos/you_clip.mp4 started at 0.00 seconds
165.6579 	EXP 	textStart_Training: autoDraw = False
165.6579 	EXP 	movieGesture_Training: autoDraw = True
166.1425 	EXP 	Sound audioStim_Training reached end of file
166.1588 	EXP 	Playing sound audioStim_Training on speaker MacBook Pro-Lautsprecher
167.1841 	EXP 	Sound audioStim_Training reached end of file
167.1923 	EXP 	Sound audioStim_Training reached end of file
168.6107 	INFO 	Opening movie file: /Users/sara-sofiagorriz/Documents/UPF Barcelona/Interactive Systems/cospeech-gesture/CoSpeech_congruency/videos/you_clip.mp4
168.7462 	INFO 	Movie stopped: /Users/sara-sofiagorriz/Documents/UPF Barcelona/Interactive Systems/cospeech-gesture/CoSpeech_congruency/videos/you_clip.mp4
168.7507 	EXP 	movieGesture_Training: autoDraw = False
168.7553 	EXP 	instructionImage_Training: autoDraw = True
171.1424 	EXP 	Sound audioGoCue_Training reached end of file
171.1584 	EXP 	Playing sound audioGoCue_Training on speaker MacBook Pro-Lautsprecher
171.1514 	EXP 	instructionImage_Training: autoDraw = False
171.1514 	EXP 	actionCue_Training: autoDraw = True
172.1503 	EXP 	Sound audioGoCue_Training stopped
174.6521 	EXP 	New trial (rep=0, index=13): <Trial 13 (13 in rep 0) data={'instructionType': 'speech_gesture', 'instructionSymbol': 'images/speak_gesture1.png', 'action': 'go', 'stimText': '"you"', 'stimVideo': 'videos/you_clip.mp4', 'stimAudio': 'audios/you.wav', 'movement': 'hand_wrist', 'congruency': 'congruent', 'thisN': 13, 'thisTrialN': 13, 'thisRepN': 0}>
174.6594 	INFO 	Keyboard events cleared
174.6573 	EXP 	actionCue_Training: autoDraw = False
174.6573 	EXP 	iti_Training: autoDraw = False
174.6573 	EXP 	textStart_Training: autoDraw = False
174.6573 	EXP 	movieGesture_Training: autoDraw = False
174.6573 	EXP 	instructionImage_Training: autoDraw = False
174.6573 	EXP 	actionCue_Training: autoDraw = False
174.6573 	EXP 	textBlockTraining: autoDraw = True
175.4177 	EXP 	Device response: <KeyPress from None: t=175.40986895699461, value=space, duration=None>
175.4232 	INFO 	Opening movie file: /Users/sara-sofiagorriz/Documents/UPF Barcelona/Interactive Systems/cospeech-gesture/CoSpeech_congruency/videos/you_clip.mp4
175.5566 	EXP 	audioStim_Training: sampleRate = 44100
175.5848 	EXP 	audioGoCue_Training: sampleRate = 44100
175.5876 	EXP 	Device response: <KeyPress from None: t=175.40986895699461, value=space, duration=0.1598143750015879>
175.5896 	DATA 	Keypress: space
175.5956 	EXP 	textBlockTraining: autoDraw = False
175.5956 	EXP 	instructionImage_Training: image = 'images/speak_gesture1.png'
175.5956 	EXP 	actionCue_Training: fillColor = <psychopy.colors.Color: green, alpha=1.0>
175.5956 	EXP 	actionCue_Training: borderColor = <psychopy.colors.Color: green, alpha=1.0>
175.5956 	EXP 	iti_Training: autoDraw = True
177.4128 	EXP 	iti_Training: autoDraw = False
177.4128 	EXP 	textStart_Training: autoDraw = True
178.4038 	INFO 	Movie playback /Users/sara-sofiagorriz/Documents/UPF Barcelona/Interactive Systems/cospeech-gesture/CoSpeech_congruency/videos/you_clip.mp4 started at 0.00 seconds
178.4149 	EXP 	textStart_Training: autoDraw = False
178.4149 	EXP 	movieGesture_Training: autoDraw = True
178.9046 	EXP 	Sound audioStim_Training reached end of file
178.9211 	EXP 	Playing sound audioStim_Training on speaker MacBook Pro-Lautsprecher
179.9669 	EXP 	Sound audioStim_Training reached end of file
179.9748 	EXP 	Sound audioStim_Training reached end of file
181.3693 	INFO 	Opening movie file: /Users/sara-sofiagorriz/Documents/UPF Barcelona/Interactive Systems/cospeech-gesture/CoSpeech_congruency/videos/you_clip.mp4
181.5111 	INFO 	Movie stopped: /Users/sara-sofiagorriz/Documents/UPF Barcelona/Interactive Systems/cospeech-gesture/CoSpeech_congruency/videos/you_clip.mp4
181.5157 	EXP 	movieGesture_Training: autoDraw = False
181.5194 	EXP 	instructionImage_Training: autoDraw = True
183.9017 	EXP 	Sound audioGoCue_Training reached end of file
183.9178 	EXP 	Playing sound audioGoCue_Training on speaker MacBook Pro-Lautsprecher
183.9079 	EXP 	instructionImage_Training: autoDraw = False
183.9079 	EXP 	actionCue_Training: autoDraw = True
184.9072 	EXP 	Sound audioGoCue_Training stopped
187.4041 	EXP 	New trial (rep=0, index=14): <Trial 14 (14 in rep 0) data={'instructionType': 'speech', 'instructionSymbol': 'images/speak.png', 'action': 'go', 'stimText': '"me"', 'stimVideo': 'videos/me_clip.mp4', 'stimAudio': 'audios/me.wav', 'movement': 'hand_wrist', 'congruency': 'congruent', 'thisN': 14, 'thisTrialN': 14, 'thisRepN': 0}>
187.4104 	INFO 	Keyboard events cleared
187.4102 	EXP 	actionCue_Training: autoDraw = False
187.4102 	EXP 	iti_Training: autoDraw = False
187.4102 	EXP 	textStart_Training: autoDraw = False
187.4102 	EXP 	movieGesture_Training: autoDraw = False
187.4102 	EXP 	instructionImage_Training: autoDraw = False
187.4102 	EXP 	actionCue_Training: autoDraw = False
187.4102 	EXP 	textBlockTraining: autoDraw = True
188.2591 	DATA 	Keypress: space
188.2641 	EXP 	Device response: <KeyPress from None: t=188.25511345699488, value=space, duration=None>
188.2738 	INFO 	Opening movie file: /Users/sara-sofiagorriz/Documents/UPF Barcelona/Interactive Systems/cospeech-gesture/CoSpeech_congruency/videos/me_clip.mp4
188.4161 	EXP 	audioStim_Training: sampleRate = 44100
188.4252 	EXP 	audioGoCue_Training: sampleRate = 44100
188.4279 	EXP 	Device response: <KeyPress from None: t=188.25511345699488, value=space, duration=0.12774300000455696>
188.4338 	EXP 	textBlockTraining: autoDraw = False
188.4338 	EXP 	instructionImage_Training: image = 'images/speak.png'
188.4338 	EXP 	actionCue_Training: fillColor = <psychopy.colors.Color: green, alpha=1.0>
188.4338 	EXP 	actionCue_Training: borderColor = <psychopy.colors.Color: green, alpha=1.0>
188.4338 	EXP 	iti_Training: autoDraw = True
190.2605 	EXP 	iti_Training: autoDraw = False
190.2605 	EXP 	textStart_Training: autoDraw = True
191.2509 	INFO 	Movie playback /Users/sara-sofiagorriz/Documents/UPF Barcelona/Interactive Systems/cospeech-gesture/CoSpeech_congruency/videos/me_clip.mp4 started at 0.00 seconds
191.2588 	EXP 	textStart_Training: autoDraw = False
191.2588 	EXP 	movieGesture_Training: autoDraw = True
191.7507 	EXP 	Sound audioStim_Training reached end of file
191.7671 	EXP 	Playing sound audioStim_Training on speaker MacBook Pro-Lautsprecher
192.7924 	EXP 	Sound audioStim_Training reached end of file
192.8006 	EXP 	Sound audioStim_Training reached end of file
194.2542 	INFO 	Opening movie file: /Users/sara-sofiagorriz/Documents/UPF Barcelona/Interactive Systems/cospeech-gesture/CoSpeech_congruency/videos/me_clip.mp4
194.3921 	INFO 	Movie stopped: /Users/sara-sofiagorriz/Documents/UPF Barcelona/Interactive Systems/cospeech-gesture/CoSpeech_congruency/videos/me_clip.mp4
194.3966 	EXP 	movieGesture_Training: autoDraw = False
194.3966 	EXP 	instructionImage_Training: autoDraw = True
196.7490 	EXP 	Sound audioGoCue_Training reached end of file
196.7644 	EXP 	Playing sound audioGoCue_Training on speaker MacBook Pro-Lautsprecher
196.7558 	EXP 	instructionImage_Training: autoDraw = False
196.7558 	EXP 	actionCue_Training: autoDraw = True
197.7550 	EXP 	Sound audioGoCue_Training stopped
200.2505 	EXP 	New trial (rep=0, index=15): <Trial 15 (15 in rep 0) data={'instructionType': 'speech', 'instructionSymbol': 'images/speak.png', 'action': 'go', 'stimText': '"me"', 'stimVideo': 'videos/you_clip.mp4', 'stimAudio': 'audios/me.wav', 'movement': 'hand_wrist', 'congruency': 'incongruent', 'thisN': 15, 'thisTrialN': 15, 'thisRepN': 0}>
200.2611 	INFO 	Keyboard events cleared
200.2609 	EXP 	actionCue_Training: autoDraw = False
200.2609 	EXP 	iti_Training: autoDraw = False
200.2609 	EXP 	textStart_Training: autoDraw = False
200.2609 	EXP 	movieGesture_Training: autoDraw = False
200.2609 	EXP 	instructionImage_Training: autoDraw = False
200.2609 	EXP 	actionCue_Training: autoDraw = False
200.2609 	EXP 	textBlockTraining: autoDraw = True
201.1621 	EXP 	Device response: <KeyPress from None: t=201.1543231659889, value=space, duration=None>
201.1782 	INFO 	Opening movie file: /Users/sara-sofiagorriz/Documents/UPF Barcelona/Interactive Systems/cospeech-gesture/CoSpeech_congruency/videos/you_clip.mp4
201.3290 	EXP 	audioStim_Training: sampleRate = 44100
201.3385 	EXP 	audioGoCue_Training: sampleRate = 44100
201.3419 	EXP 	Device response: <KeyPress from None: t=201.1543231659889, value=space, duration=0.12316191600984894>
201.3450 	DATA 	Keypress: space
201.3534 	EXP 	textBlockTraining: autoDraw = False
201.3534 	EXP 	instructionImage_Training: image = 'images/speak.png'
201.3534 	EXP 	actionCue_Training: fillColor = <psychopy.colors.Color: green, alpha=1.0>
201.3534 	EXP 	actionCue_Training: borderColor = <psychopy.colors.Color: green, alpha=1.0>
201.3534 	EXP 	iti_Training: autoDraw = True
203.1536 	EXP 	iti_Training: autoDraw = False
203.1536 	EXP 	textStart_Training: autoDraw = True
204.1481 	INFO 	Movie playback /Users/sara-sofiagorriz/Documents/UPF Barcelona/Interactive Systems/cospeech-gesture/CoSpeech_congruency/videos/you_clip.mp4 started at 0.00 seconds
204.1591 	EXP 	textStart_Training: autoDraw = False
204.1591 	EXP 	movieGesture_Training: autoDraw = True
204.6463 	EXP 	Sound audioStim_Training reached end of file
204.6627 	EXP 	Playing sound audioStim_Training on speaker MacBook Pro-Lautsprecher
205.6883 	EXP 	Sound audioStim_Training reached end of file
205.6967 	EXP 	Sound audioStim_Training reached end of file
207.1218 	INFO 	Opening movie file: /Users/sara-sofiagorriz/Documents/UPF Barcelona/Interactive Systems/cospeech-gesture/CoSpeech_congruency/videos/you_clip.mp4
207.2685 	INFO 	Movie stopped: /Users/sara-sofiagorriz/Documents/UPF Barcelona/Interactive Systems/cospeech-gesture/CoSpeech_congruency/videos/you_clip.mp4
207.2730 	EXP 	movieGesture_Training: autoDraw = False
207.2765 	EXP 	instructionImage_Training: autoDraw = True
209.6478 	EXP 	Sound audioGoCue_Training reached end of file
209.6640 	EXP 	Playing sound audioGoCue_Training on speaker MacBook Pro-Lautsprecher
209.6531 	EXP 	instructionImage_Training: autoDraw = False
209.6531 	EXP 	actionCue_Training: autoDraw = True
210.6572 	EXP 	Sound audioGoCue_Training stopped
213.1534 	EXP 	New trial (rep=0, index=16): <Trial 16 (16 in rep 0) data={'instructionType': 'speech_gesture', 'instructionSymbol': 'images/speak_gesture1.png', 'action': 'go', 'stimText': '"you"', 'stimVideo': 'videos/me_clip.mp4', 'stimAudio': 'audios/you.wav', 'movement': 'hand_wrist', 'congruency': 'incongruent', 'thisN': 16, 'thisTrialN': 16, 'thisRepN': 0}>
213.1578 	INFO 	Keyboard events cleared
213.1576 	EXP 	actionCue_Training: autoDraw = False
213.1576 	EXP 	iti_Training: autoDraw = False
213.1576 	EXP 	textStart_Training: autoDraw = False
213.1576 	EXP 	movieGesture_Training: autoDraw = False
213.1576 	EXP 	instructionImage_Training: autoDraw = False
213.1576 	EXP 	actionCue_Training: autoDraw = False
213.1576 	EXP 	textBlockTraining: autoDraw = True
214.1164 	EXP 	Device response: <KeyPress from None: t=214.1089884989924, value=space, duration=None>
214.1269 	INFO 	Opening movie file: /Users/sara-sofiagorriz/Documents/UPF Barcelona/Interactive Systems/cospeech-gesture/CoSpeech_congruency/videos/me_clip.mp4
214.2766 	EXP 	audioStim_Training: sampleRate = 44100
214.2978 	EXP 	audioGoCue_Training: sampleRate = 44100
214.3006 	EXP 	Device response: <KeyPress from None: t=214.1089884989924, value=space, duration=0.1070442920026835>
214.3025 	DATA 	Keypress: space
214.3085 	EXP 	textBlockTraining: autoDraw = False
214.3085 	EXP 	instructionImage_Training: image = 'images/speak_gesture1.png'
214.3085 	EXP 	actionCue_Training: fillColor = <psychopy.colors.Color: green, alpha=1.0>
214.3085 	EXP 	actionCue_Training: borderColor = <psychopy.colors.Color: green, alpha=1.0>
214.3085 	EXP 	iti_Training: autoDraw = True
216.1069 	EXP 	iti_Training: autoDraw = False
216.1069 	EXP 	textStart_Training: autoDraw = True
217.1083 	INFO 	Movie playback /Users/sara-sofiagorriz/Documents/UPF Barcelona/Interactive Systems/cospeech-gesture/CoSpeech_congruency/videos/me_clip.mp4 started at 0.00 seconds
217.1170 	EXP 	textStart_Training: autoDraw = False
217.1170 	EXP 	movieGesture_Training: autoDraw = True
217.6005 	EXP 	Sound audioStim_Training reached end of file
217.6170 	EXP 	Playing sound audioStim_Training on speaker MacBook Pro-Lautsprecher
218.6628 	EXP 	Sound audioStim_Training reached end of file
218.6706 	EXP 	Sound audioStim_Training reached end of file
220.1096 	INFO 	Opening movie file: /Users/sara-sofiagorriz/Documents/UPF Barcelona/Interactive Systems/cospeech-gesture/CoSpeech_congruency/videos/me_clip.mp4
220.2560 	INFO 	Movie stopped: /Users/sara-sofiagorriz/Documents/UPF Barcelona/Interactive Systems/cospeech-gesture/CoSpeech_congruency/videos/me_clip.mp4
220.2616 	EXP 	movieGesture_Training: autoDraw = False
220.2616 	EXP 	instructionImage_Training: autoDraw = True
222.6120 	EXP 	Sound audioGoCue_Training reached end of file
222.6281 	EXP 	Playing sound audioGoCue_Training on speaker MacBook Pro-Lautsprecher
222.6187 	EXP 	instructionImage_Training: autoDraw = False
222.6187 	EXP 	actionCue_Training: autoDraw = True
223.6207 	EXP 	Sound audioGoCue_Training stopped
226.1016 	EXP 	New trial (rep=0, index=17): <Trial 17 (17 in rep 0) data={'instructionType': 'gesture', 'instructionSymbol': 'images/hand.png', 'action': 'go', 'stimText': '"rising"', 'stimVideo': 'videos/rising_clip.mp4', 'stimAudio': 'audios/rising.wav', 'movement': 'arm', 'congruency': 'congruent', 'thisN': 17, 'thisTrialN': 17, 'thisRepN': 0}>
226.1068 	INFO 	Keyboard events cleared
226.1067 	EXP 	actionCue_Training: autoDraw = False
226.1067 	EXP 	iti_Training: autoDraw = False
226.1067 	EXP 	textStart_Training: autoDraw = False
226.1067 	EXP 	movieGesture_Training: autoDraw = False
226.1067 	EXP 	instructionImage_Training: autoDraw = False
226.1067 	EXP 	actionCue_Training: autoDraw = False
226.1067 	EXP 	textBlockTraining: autoDraw = True
228.8221 	EXP 	Device response: <KeyPress from None: t=228.81565637399035, value=space, duration=None>
228.8375 	INFO 	Opening movie file: /Users/sara-sofiagorriz/Documents/UPF Barcelona/Interactive Systems/cospeech-gesture/CoSpeech_congruency/videos/rising_clip.mp4
228.9873 	EXP 	audioStim_Training: sampleRate = 44100
229.0043 	EXP 	audioGoCue_Training: sampleRate = 44100
229.0088 	EXP 	Device response: <KeyPress from None: t=228.81565637399035, value=space, duration=0.13479954200738575>
229.0115 	DATA 	Keypress: space
229.0172 	EXP 	textBlockTraining: autoDraw = False
229.0172 	EXP 	instructionImage_Training: image = 'images/hand.png'
229.0172 	EXP 	actionCue_Training: fillColor = <psychopy.colors.Color: green, alpha=1.0>
229.0172 	EXP 	actionCue_Training: borderColor = <psychopy.colors.Color: green, alpha=1.0>
229.0172 	EXP 	iti_Training: autoDraw = True
230.8177 	EXP 	iti_Training: autoDraw = False
230.8177 	EXP 	textStart_Training: autoDraw = True
231.8232 	INFO 	Movie playback /Users/sara-sofiagorriz/Documents/UPF Barcelona/Interactive Systems/cospeech-gesture/CoSpeech_congruency/videos/rising_clip.mp4 started at 0.00 seconds
231.8284 	EXP 	textStart_Training: autoDraw = False
231.8284 	EXP 	movieGesture_Training: autoDraw = True
232.3147 	EXP 	Sound audioStim_Training reached end of file
232.3295 	EXP 	Playing sound audioStim_Training on speaker MacBook Pro-Lautsprecher
233.3765 	EXP 	Sound audioStim_Training reached end of file
233.3849 	EXP 	Sound audioStim_Training reached end of file
234.5300 	INFO 	Opening movie file: /Users/sara-sofiagorriz/Documents/UPF Barcelona/Interactive Systems/cospeech-gesture/CoSpeech_congruency/videos/rising_clip.mp4
234.6631 	INFO 	Movie stopped: /Users/sara-sofiagorriz/Documents/UPF Barcelona/Interactive Systems/cospeech-gesture/CoSpeech_congruency/videos/rising_clip.mp4
234.6676 	EXP 	movieGesture_Training: autoDraw = False
234.8269 	EXP 	instructionImage_Training: autoDraw = True
237.3151 	EXP 	Sound audioGoCue_Training reached end of file
237.3315 	EXP 	Playing sound audioGoCue_Training on speaker MacBook Pro-Lautsprecher
237.3191 	EXP 	instructionImage_Training: autoDraw = False
237.3191 	EXP 	actionCue_Training: autoDraw = True
238.3189 	EXP 	Sound audioGoCue_Training stopped
240.8158 	EXP 	New trial (rep=0, index=0): <Trial 0 (0 in rep 0) data={'thisN': 0, 'thisTrialN': 0, 'thisRepN': 0}>
240.8457 	INFO 	Keyboard events cleared
240.8455 	EXP 	actionCue_Training: autoDraw = False
240.8455 	EXP 	iti_Training: autoDraw = False
240.8455 	EXP 	textStart_Training: autoDraw = False
240.8455 	EXP 	movieGesture_Training: autoDraw = False
240.8455 	EXP 	instructionImage_Training: autoDraw = False
240.8455 	EXP 	actionCue_Training: autoDraw = False
240.8455 	EXP 	textBlockStart: autoDraw = True
252.5844 	EXP 	Device response: <KeyPress from None: t=252.5781079570006, value=space, duration=None>
252.5987 	EXP 	Imported current_block_trials.csv as conditions, 77 conditions, 8 params
252.5995 	EXP 	New trial (rep=0, index=0): <Trial 0 (0 in rep 0) data={'instructionType': 'speech', 'instructionSymbol': 'images/speak.png', 'action': 'go', 'stimText': '"rising"', 'stimVideo': 'videos/rising_clip.mp4', 'stimAudio': 'audios/rising.wav', 'movement': 'arm', 'congruency': 'congruent', 'thisN': 0, 'thisTrialN': 0, 'thisRepN': 0}>
252.6050 	DATA 	Keypress: space
252.6070 	INFO 	Opening movie file: /Users/sara-sofiagorriz/Documents/UPF Barcelona/Interactive Systems/cospeech-gesture/CoSpeech_congruency/videos/rising_clip.mp4
252.7722 	EXP 	audioStimuli: sampleRate = 44100
252.7856 	EXP 	audioGoCue: sampleRate = 44100
252.7896 	EXP 	Device response: <KeyPress from None: t=252.5781079570006, value=space, duration=0.08710333399358205>
252.7959 	EXP 	textBlockStart: autoDraw = False
252.7959 	EXP 	instructionImage: image = 'images/speak.png'
252.7959 	EXP 	actionCue: fillColor = <psychopy.colors.Color: green, alpha=1.0>
252.7959 	EXP 	actionCue: borderColor = <psychopy.colors.Color: green, alpha=1.0>
252.7959 	EXP 	iti: autoDraw = True
254.5838 	EXP 	iti: autoDraw = False
254.5838 	EXP 	textStart: autoDraw = True
255.5707 	INFO 	Movie playback /Users/sara-sofiagorriz/Documents/UPF Barcelona/Interactive Systems/cospeech-gesture/CoSpeech_congruency/videos/rising_clip.mp4 started at 0.00 seconds
255.5791 	EXP 	textStart: autoDraw = False
255.5791 	EXP 	movieGesture: autoDraw = True
256.0680 	EXP 	Sound audioStimuli reached end of file
256.0843 	EXP 	Playing sound audioStimuli on speaker MacBook Pro-Lautsprecher
257.1339 	EXP 	Sound audioStimuli reached end of file
257.1421 	EXP 	Sound audioStimuli reached end of file
258.2813 	INFO 	Opening movie file: /Users/sara-sofiagorriz/Documents/UPF Barcelona/Interactive Systems/cospeech-gesture/CoSpeech_congruency/videos/rising_clip.mp4
258.4219 	INFO 	Movie stopped: /Users/sara-sofiagorriz/Documents/UPF Barcelona/Interactive Systems/cospeech-gesture/CoSpeech_congruency/videos/rising_clip.mp4
258.4264 	EXP 	movieGesture: autoDraw = False
258.5736 	EXP 	instructionImage: autoDraw = True
261.0777 	EXP 	Sound audioGoCue reached end of file
261.0935 	EXP 	Playing sound audioGoCue on speaker MacBook Pro-Lautsprecher
261.0854 	EXP 	instructionImage: autoDraw = False
261.0854 	EXP 	actionCue: autoDraw = True
262.0847 	EXP 	Sound audioGoCue stopped
264.5942 	EXP 	New trial (rep=0, index=1): <Trial 1 (1 in rep 0) data={'instructionType': 'speech', 'instructionSymbol': 'images/speak.png', 'action': 'go', 'stimText': '"rising"', 'stimVideo': 'videos/falling_clip.mp4', 'stimAudio': 'audios/rising.wav', 'movement': 'arm', 'congruency': 'incongruent', 'thisN': 1, 'thisTrialN': 1, 'thisRepN': 0}>
264.6039 	INFO 	Opening movie file: /Users/sara-sofiagorriz/Documents/UPF Barcelona/Interactive Systems/cospeech-gesture/CoSpeech_congruency/videos/falling_clip.mp4
264.7354 	EXP 	audioStimuli: sampleRate = 44100
264.7488 	EXP 	audioGoCue: sampleRate = 44100
264.7588 	EXP 	actionCue: autoDraw = False
264.7588 	EXP 	iti: autoDraw = False
264.7588 	EXP 	textStart: autoDraw = False
264.7588 	EXP 	movieGesture: autoDraw = False
264.7588 	EXP 	instructionImage: autoDraw = False
264.7588 	EXP 	actionCue: autoDraw = False
264.7588 	EXP 	instructionImage: image = 'images/speak.png'
264.7588 	EXP 	actionCue: fillColor = <psychopy.colors.Color: green, alpha=1.0>
264.7588 	EXP 	actionCue: borderColor = <psychopy.colors.Color: green, alpha=1.0>
264.7588 	EXP 	iti: autoDraw = True
266.5791 	EXP 	iti: autoDraw = False
266.5791 	EXP 	textStart: autoDraw = True
267.5773 	INFO 	Movie playback /Users/sara-sofiagorriz/Documents/UPF Barcelona/Interactive Systems/cospeech-gesture/CoSpeech_congruency/videos/falling_clip.mp4 started at 0.00 seconds
267.5883 	EXP 	textStart: autoDraw = False
267.5883 	EXP 	movieGesture: autoDraw = True
268.0730 	EXP 	Sound audioStimuli reached end of file
268.0894 	EXP 	Playing sound audioStimuli on speaker MacBook Pro-Lautsprecher
269.1383 	EXP 	Sound audioStimuli reached end of file
269.1465 	EXP 	Sound audioStimuli reached end of file
270.5760 	INFO 	Opening movie file: /Users/sara-sofiagorriz/Documents/UPF Barcelona/Interactive Systems/cospeech-gesture/CoSpeech_congruency/videos/falling_clip.mp4
270.6734 	INFO 	Movie stopped: /Users/sara-sofiagorriz/Documents/UPF Barcelona/Interactive Systems/cospeech-gesture/CoSpeech_congruency/videos/falling_clip.mp4
270.6800 	EXP 	movieGesture: autoDraw = False
270.6800 	EXP 	instructionImage: autoDraw = True
273.0748 	EXP 	Sound audioGoCue reached end of file
273.0913 	EXP 	Playing sound audioGoCue on speaker MacBook Pro-Lautsprecher
273.0792 	EXP 	instructionImage: autoDraw = False
273.0792 	EXP 	actionCue: autoDraw = True
274.0839 	EXP 	Sound audioGoCue stopped
276.5847 	EXP 	New trial (rep=0, index=2): <Trial 2 (2 in rep 0) data={'instructionType': 'speech', 'instructionSymbol': 'images/speak.png', 'action': 'go', 'stimText': '"me"', 'stimVideo': 'videos/me_clip.mp4', 'stimAudio': 'audios/me.wav', 'movement': 'hand_wrist', 'congruency': 'congruent', 'thisN': 2, 'thisTrialN': 2, 'thisRepN': 0}>
276.5918 	INFO 	Opening movie file: /Users/sara-sofiagorriz/Documents/UPF Barcelona/Interactive Systems/cospeech-gesture/CoSpeech_congruency/videos/me_clip.mp4
276.7226 	EXP 	audioStimuli: sampleRate = 44100
276.7313 	EXP 	audioGoCue: sampleRate = 44100
276.7392 	EXP 	actionCue: autoDraw = False
276.7392 	EXP 	iti: autoDraw = False
276.7392 	EXP 	textStart: autoDraw = False
276.7392 	EXP 	movieGesture: autoDraw = False
276.7392 	EXP 	instructionImage: autoDraw = False
276.7392 	EXP 	actionCue: autoDraw = False
276.7392 	EXP 	instructionImage: image = 'images/speak.png'
276.7392 	EXP 	actionCue: fillColor = <psychopy.colors.Color: green, alpha=1.0>
276.7392 	EXP 	actionCue: borderColor = <psychopy.colors.Color: green, alpha=1.0>
276.7392 	EXP 	iti: autoDraw = True
278.5763 	EXP 	iti: autoDraw = False
278.5763 	EXP 	textStart: autoDraw = True
279.5724 	INFO 	Movie playback /Users/sara-sofiagorriz/Documents/UPF Barcelona/Interactive Systems/cospeech-gesture/CoSpeech_congruency/videos/me_clip.mp4 started at 0.00 seconds
279.5841 	EXP 	textStart: autoDraw = False
279.5841 	EXP 	movieGesture: autoDraw = True
280.0762 	EXP 	Sound audioStimuli reached end of file
280.0924 	EXP 	Playing sound audioStimuli on speaker MacBook Pro-Lautsprecher
281.1176 	EXP 	Sound audioStimuli reached end of file
281.1260 	EXP 	Sound audioStimuli reached end of file
282.5803 	INFO 	Opening movie file: /Users/sara-sofiagorriz/Documents/UPF Barcelona/Interactive Systems/cospeech-gesture/CoSpeech_congruency/videos/me_clip.mp4
282.7059 	INFO 	Movie stopped: /Users/sara-sofiagorriz/Documents/UPF Barcelona/Interactive Systems/cospeech-gesture/CoSpeech_congruency/videos/me_clip.mp4
282.7117 	EXP 	movieGesture: autoDraw = False
282.7117 	EXP 	instructionImage: autoDraw = True
285.0779 	EXP 	Sound audioGoCue reached end of file
285.0939 	EXP 	Playing sound audioGoCue on speaker MacBook Pro-Lautsprecher
285.0851 	EXP 	instructionImage: autoDraw = False
285.0851 	EXP 	actionCue: autoDraw = True
286.0900 	EXP 	Sound audioGoCue stopped
288.5817 	EXP 	New trial (rep=0, index=3): <Trial 3 (3 in rep 0) data={'instructionType': 'speech', 'instructionSymbol': 'images/speak.png', 'action': 'go', 'stimText': '"rising"', 'stimVideo': 'videos/rising_clip.mp4', 'stimAudio': 'audios/rising.wav', 'movement': 'arm', 'congruency': 'congruent', 'thisN': 3, 'thisTrialN': 3, 'thisRepN': 0}>
288.5948 	INFO 	Opening movie file: /Users/sara-sofiagorriz/Documents/UPF Barcelona/Interactive Systems/cospeech-gesture/CoSpeech_congruency/videos/rising_clip.mp4
288.7400 	EXP 	audioStimuli: sampleRate = 44100
288.7492 	EXP 	audioGoCue: sampleRate = 44100
288.7582 	EXP 	actionCue: autoDraw = False
288.7582 	EXP 	iti: autoDraw = False
288.7582 	EXP 	textStart: autoDraw = False
288.7582 	EXP 	movieGesture: autoDraw = False
288.7582 	EXP 	instructionImage: autoDraw = False
288.7582 	EXP 	actionCue: autoDraw = False
288.7582 	EXP 	instructionImage: image = 'images/speak.png'
288.7582 	EXP 	actionCue: fillColor = <psychopy.colors.Color: green, alpha=1.0>
288.7582 	EXP 	actionCue: borderColor = <psychopy.colors.Color: green, alpha=1.0>
288.7582 	EXP 	iti: autoDraw = True
290.5787 	EXP 	iti: autoDraw = False
290.5787 	EXP 	textStart: autoDraw = True
291.5749 	INFO 	Movie playback /Users/sara-sofiagorriz/Documents/UPF Barcelona/Interactive Systems/cospeech-gesture/CoSpeech_congruency/videos/rising_clip.mp4 started at 0.00 seconds
291.5825 	EXP 	textStart: autoDraw = False
291.5825 	EXP 	movieGesture: autoDraw = True
292.0715 	EXP 	Sound audioStimuli reached end of file
292.0880 	EXP 	Playing sound audioStimuli on speaker MacBook Pro-Lautsprecher
293.1337 	EXP 	Sound audioStimuli reached end of file
293.1419 	EXP 	Sound audioStimuli reached end of file
294.2830 	INFO 	Opening movie file: /Users/sara-sofiagorriz/Documents/UPF Barcelona/Interactive Systems/cospeech-gesture/CoSpeech_congruency/videos/rising_clip.mp4
294.4204 	INFO 	Movie stopped: /Users/sara-sofiagorriz/Documents/UPF Barcelona/Interactive Systems/cospeech-gesture/CoSpeech_congruency/videos/rising_clip.mp4
294.4249 	EXP 	movieGesture: autoDraw = False
294.5770 	EXP 	instructionImage: autoDraw = True
297.0812 	EXP 	Sound audioGoCue reached end of file
297.0956 	EXP 	Playing sound audioGoCue on speaker MacBook Pro-Lautsprecher
297.0876 	EXP 	instructionImage: autoDraw = False
297.0876 	EXP 	actionCue: autoDraw = True
298.0826 	EXP 	Sound audioGoCue stopped
300.5929 	EXP 	New trial (rep=0, index=4): <Trial 4 (4 in rep 0) data={'instructionType': 'speech_gesture', 'instructionSymbol': 'images/speak_gesture1.png', 'action': 'go', 'stimText': '"falling"', 'stimVideo': 'videos/falling_clip.mp4', 'stimAudio': 'audios/falling.wav', 'movement': 'arm', 'congruency': 'congruent', 'thisN': 4, 'thisTrialN': 4, 'thisRepN': 0}>
300.6099 	INFO 	Opening movie file: /Users/sara-sofiagorriz/Documents/UPF Barcelona/Interactive Systems/cospeech-gesture/CoSpeech_congruency/videos/falling_clip.mp4
300.7264 	EXP 	audioStimuli: sampleRate = 44100
300.7561 	EXP 	audioGoCue: sampleRate = 44100
300.7661 	EXP 	actionCue: autoDraw = False
300.7661 	EXP 	iti: autoDraw = False
300.7661 	EXP 	textStart: autoDraw = False
300.7661 	EXP 	movieGesture: autoDraw = False
300.7661 	EXP 	instructionImage: autoDraw = False
300.7661 	EXP 	actionCue: autoDraw = False
300.7661 	EXP 	instructionImage: image = 'images/speak_gesture1.png'
300.7661 	EXP 	actionCue: fillColor = <psychopy.colors.Color: green, alpha=1.0>
300.7661 	EXP 	actionCue: borderColor = <psychopy.colors.Color: green, alpha=1.0>
300.7661 	EXP 	iti: autoDraw = True
302.5740 	EXP 	iti: autoDraw = False
302.5740 	EXP 	textStart: autoDraw = True
303.5690 	INFO 	Movie playback /Users/sara-sofiagorriz/Documents/UPF Barcelona/Interactive Systems/cospeech-gesture/CoSpeech_congruency/videos/falling_clip.mp4 started at 0.00 seconds
303.5799 	EXP 	textStart: autoDraw = False
303.5799 	EXP 	movieGesture: autoDraw = True
304.0711 	EXP 	Sound audioStimuli reached end of file
304.0875 	EXP 	Playing sound audioStimuli on speaker MacBook Pro-Lautsprecher
305.1342 	EXP 	Sound audioStimuli reached end of file
305.1425 	EXP 	Sound audioStimuli reached end of file
306.5834 	INFO 	Opening movie file: /Users/sara-sofiagorriz/Documents/UPF Barcelona/Interactive Systems/cospeech-gesture/CoSpeech_congruency/videos/falling_clip.mp4
306.6920 	INFO 	Movie stopped: /Users/sara-sofiagorriz/Documents/UPF Barcelona/Interactive Systems/cospeech-gesture/CoSpeech_congruency/videos/falling_clip.mp4
306.6970 	EXP 	movieGesture: autoDraw = False
306.6970 	EXP 	instructionImage: autoDraw = True
309.0681 	EXP 	Sound audioGoCue reached end of file
309.0845 	EXP 	Playing sound audioGoCue on speaker MacBook Pro-Lautsprecher
309.0775 	EXP 	instructionImage: autoDraw = False
309.0775 	EXP 	actionCue: autoDraw = True
310.0721 	EXP 	Sound audioGoCue stopped
312.5870 	EXP 	New trial (rep=0, index=5): <Trial 5 (5 in rep 0) data={'instructionType': 'gesture', 'instructionSymbol': 'images/hand.png', 'action': 'go', 'stimText': '"falling"', 'stimVideo': 'videos/rising_clip.mp4', 'stimAudio': 'audios/falling.wav', 'movement': 'arm', 'congruency': 'incongruent', 'thisN': 5, 'thisTrialN': 5, 'thisRepN': 0}>
312.5980 	INFO 	Opening movie file: /Users/sara-sofiagorriz/Documents/UPF Barcelona/Interactive Systems/cospeech-gesture/CoSpeech_congruency/videos/rising_clip.mp4
312.7414 	EXP 	audioStimuli: sampleRate = 44100
312.7517 	EXP 	audioGoCue: sampleRate = 44100
312.7601 	EXP 	actionCue: autoDraw = False
312.7601 	EXP 	iti: autoDraw = False
312.7601 	EXP 	textStart: autoDraw = False
312.7601 	EXP 	movieGesture: autoDraw = False
312.7601 	EXP 	instructionImage: autoDraw = False
312.7601 	EXP 	actionCue: autoDraw = False
312.7601 	EXP 	instructionImage: image = 'images/hand.png'
312.7601 	EXP 	actionCue: fillColor = <psychopy.colors.Color: green, alpha=1.0>
312.7601 	EXP 	actionCue: borderColor = <psychopy.colors.Color: green, alpha=1.0>
312.7601 	EXP 	iti: autoDraw = True
314.5845 	EXP 	iti: autoDraw = False
314.5845 	EXP 	textStart: autoDraw = True
315.5724 	INFO 	Movie playback /Users/sara-sofiagorriz/Documents/UPF Barcelona/Interactive Systems/cospeech-gesture/CoSpeech_congruency/videos/rising_clip.mp4 started at 0.00 seconds
315.5791 	EXP 	textStart: autoDraw = False
315.5791 	EXP 	movieGesture: autoDraw = True
316.0756 	EXP 	Sound audioStimuli reached end of file
316.0920 	EXP 	Playing sound audioStimuli on speaker MacBook Pro-Lautsprecher
317.1378 	EXP 	Sound audioStimuli reached end of file
317.1458 	EXP 	Sound audioStimuli reached end of file
318.2789 	INFO 	Opening movie file: /Users/sara-sofiagorriz/Documents/UPF Barcelona/Interactive Systems/cospeech-gesture/CoSpeech_congruency/videos/rising_clip.mp4
318.4237 	INFO 	Movie stopped: /Users/sara-sofiagorriz/Documents/UPF Barcelona/Interactive Systems/cospeech-gesture/CoSpeech_congruency/videos/rising_clip.mp4
318.4283 	EXP 	movieGesture: autoDraw = False
318.5733 	EXP 	instructionImage: autoDraw = True
321.0692 	EXP 	Sound audioGoCue reached end of file
321.0856 	EXP 	Playing sound audioGoCue on speaker MacBook Pro-Lautsprecher
321.0734 	EXP 	instructionImage: autoDraw = False
321.0734 	EXP 	actionCue: autoDraw = True
322.0734 	EXP 	Sound audioGoCue stopped
324.5883 	EXP 	New trial (rep=0, index=6): <Trial 6 (6 in rep 0) data={'instructionType': 'gesture', 'instructionSymbol': 'images/hand.png', 'action': 'nogo', 'stimText': '"me"', 'stimVideo': 'videos/me_clip.mp4', 'stimAudio': 'audios/me.wav', 'movement': 'hand_wrist', 'congruency': 'congruent', 'thisN': 6, 'thisTrialN': 6, 'thisRepN': 0}>
324.5923 	INFO 	Opening movie file: /Users/sara-sofiagorriz/Documents/UPF Barcelona/Interactive Systems/cospeech-gesture/CoSpeech_congruency/videos/me_clip.mp4
324.7429 	EXP 	audioStimuli: sampleRate = 44100
324.7526 	EXP 	audioGoCue: sampleRate = 44100
324.7608 	EXP 	actionCue: autoDraw = False
324.7608 	EXP 	iti: autoDraw = False
324.7608 	EXP 	textStart: autoDraw = False
324.7608 	EXP 	movieGesture: autoDraw = False
324.7608 	EXP 	instructionImage: autoDraw = False
324.7608 	EXP 	actionCue: autoDraw = False
324.7608 	EXP 	instructionImage: image = 'images/hand.png'
324.7608 	EXP 	actionCue: fillColor = <psychopy.colors.Color: red, alpha=1.0>
324.7608 	EXP 	actionCue: borderColor = <psychopy.colors.Color: red, alpha=1.0>
324.7608 	EXP 	iti: autoDraw = True
326.5790 	EXP 	iti: autoDraw = False
326.5790 	EXP 	textStart: autoDraw = True
327.5683 	INFO 	Movie playback /Users/sara-sofiagorriz/Documents/UPF Barcelona/Interactive Systems/cospeech-gesture/CoSpeech_congruency/videos/me_clip.mp4 started at 0.00 seconds
327.5756 	EXP 	textStart: autoDraw = False
327.5756 	EXP 	movieGesture: autoDraw = True
328.0717 	EXP 	Sound audioStimuli reached end of file
328.0881 	EXP 	Playing sound audioStimuli on speaker MacBook Pro-Lautsprecher
329.1136 	EXP 	Sound audioStimuli reached end of file
329.1218 	EXP 	Sound audioStimuli reached end of file
330.5770 	INFO 	Opening movie file: /Users/sara-sofiagorriz/Documents/UPF Barcelona/Interactive Systems/cospeech-gesture/CoSpeech_congruency/videos/me_clip.mp4
330.7192 	INFO 	Movie stopped: /Users/sara-sofiagorriz/Documents/UPF Barcelona/Interactive Systems/cospeech-gesture/CoSpeech_congruency/videos/me_clip.mp4
330.7244 	EXP 	movieGesture: autoDraw = False
330.7244 	EXP 	instructionImage: autoDraw = True
333.0801 	EXP 	Sound audioGoCue reached end of file
333.0954 	EXP 	Playing sound audioGoCue on speaker MacBook Pro-Lautsprecher
333.0877 	EXP 	instructionImage: autoDraw = False
333.0877 	EXP 	actionCue: autoDraw = True
334.0870 	EXP 	Sound audioGoCue stopped
336.5878 	EXP 	New trial (rep=0, index=7): <Trial 7 (7 in rep 0) data={'instructionType': 'speech_gesture', 'instructionSymbol': 'images/speak_gesture1.png', 'action': 'go', 'stimText': '"rising"', 'stimVideo': 'videos/rising_clip.mp4', 'stimAudio': 'audios/rising.wav', 'movement': 'arm', 'congruency': 'congruent', 'thisN': 7, 'thisTrialN': 7, 'thisRepN': 0}>
336.5976 	INFO 	Opening movie file: /Users/sara-sofiagorriz/Documents/UPF Barcelona/Interactive Systems/cospeech-gesture/CoSpeech_congruency/videos/rising_clip.mp4
336.7511 	EXP 	audioStimuli: sampleRate = 44100
336.7750 	EXP 	audioGoCue: sampleRate = 44100
336.7845 	EXP 	actionCue: autoDraw = False
336.7845 	EXP 	iti: autoDraw = False
336.7845 	EXP 	textStart: autoDraw = False
336.7845 	EXP 	movieGesture: autoDraw = False
336.7845 	EXP 	instructionImage: autoDraw = False
336.7845 	EXP 	actionCue: autoDraw = False
336.7845 	EXP 	instructionImage: image = 'images/speak_gesture1.png'
336.7845 	EXP 	actionCue: fillColor = <psychopy.colors.Color: green, alpha=1.0>
336.7845 	EXP 	actionCue: borderColor = <psychopy.colors.Color: green, alpha=1.0>
336.7845 	EXP 	iti: autoDraw = True
338.5846 	EXP 	iti: autoDraw = False
338.5846 	EXP 	textStart: autoDraw = True
339.5752 	INFO 	Movie playback /Users/sara-sofiagorriz/Documents/UPF Barcelona/Interactive Systems/cospeech-gesture/CoSpeech_congruency/videos/rising_clip.mp4 started at 0.00 seconds
339.5843 	EXP 	textStart: autoDraw = False
339.5843 	EXP 	movieGesture: autoDraw = True
340.0756 	EXP 	Sound audioStimuli reached end of file
340.0921 	EXP 	Playing sound audioStimuli on speaker MacBook Pro-Lautsprecher
341.1378 	EXP 	Sound audioStimuli reached end of file
341.1457 	EXP 	Sound audioStimuli reached end of file
342.2801 	INFO 	Opening movie file: /Users/sara-sofiagorriz/Documents/UPF Barcelona/Interactive Systems/cospeech-gesture/CoSpeech_congruency/videos/rising_clip.mp4
342.4198 	INFO 	Movie stopped: /Users/sara-sofiagorriz/Documents/UPF Barcelona/Interactive Systems/cospeech-gesture/CoSpeech_congruency/videos/rising_clip.mp4
342.4244 	EXP 	movieGesture: autoDraw = False
342.5835 	EXP 	instructionImage: autoDraw = True
345.0736 	EXP 	Sound audioGoCue reached end of file
345.0898 	EXP 	Playing sound audioGoCue on speaker MacBook Pro-Lautsprecher
345.0801 	EXP 	instructionImage: autoDraw = False
345.0801 	EXP 	actionCue: autoDraw = True
346.0804 	EXP 	Sound audioGoCue stopped
348.5848 	EXP 	New trial (rep=0, index=8): <Trial 8 (8 in rep 0) data={'instructionType': 'gesture', 'instructionSymbol': 'images/hand.png', 'action': 'go', 'stimText': '"me"', 'stimVideo': 'videos/you_clip.mp4', 'stimAudio': 'audios/me.wav', 'movement': 'hand_wrist', 'congruency': 'incongruent', 'thisN': 8, 'thisTrialN': 8, 'thisRepN': 0}>
348.5925 	INFO 	Opening movie file: /Users/sara-sofiagorriz/Documents/UPF Barcelona/Interactive Systems/cospeech-gesture/CoSpeech_congruency/videos/you_clip.mp4
348.7236 	EXP 	audioStimuli: sampleRate = 44100
348.7331 	EXP 	audioGoCue: sampleRate = 44100
348.7411 	EXP 	actionCue: autoDraw = False
348.7411 	EXP 	iti: autoDraw = False
348.7411 	EXP 	textStart: autoDraw = False
348.7411 	EXP 	movieGesture: autoDraw = False
348.7411 	EXP 	instructionImage: autoDraw = False
348.7411 	EXP 	actionCue: autoDraw = False
348.7411 	EXP 	instructionImage: image = 'images/hand.png'
348.7411 	EXP 	actionCue: fillColor = <psychopy.colors.Color: green, alpha=1.0>
348.7411 	EXP 	actionCue: borderColor = <psychopy.colors.Color: green, alpha=1.0>
348.7411 	EXP 	iti: autoDraw = True
350.5748 	EXP 	iti: autoDraw = False
350.5748 	EXP 	textStart: autoDraw = True
351.5814 	INFO 	Movie playback /Users/sara-sofiagorriz/Documents/UPF Barcelona/Interactive Systems/cospeech-gesture/CoSpeech_congruency/videos/you_clip.mp4 started at 0.00 seconds
351.5888 	EXP 	textStart: autoDraw = False
351.5888 	EXP 	movieGesture: autoDraw = True
352.0740 	EXP 	Sound audioStimuli reached end of file
352.0904 	EXP 	Playing sound audioStimuli on speaker MacBook Pro-Lautsprecher
353.1146 	EXP 	Sound audioStimuli reached end of file
353.1225 	EXP 	Sound audioStimuli reached end of file
354.5543 	INFO 	Opening movie file: /Users/sara-sofiagorriz/Documents/UPF Barcelona/Interactive Systems/cospeech-gesture/CoSpeech_congruency/videos/you_clip.mp4
354.6940 	INFO 	Movie stopped: /Users/sara-sofiagorriz/Documents/UPF Barcelona/Interactive Systems/cospeech-gesture/CoSpeech_congruency/videos/you_clip.mp4
354.6986 	EXP 	movieGesture: autoDraw = False
354.7022 	EXP 	instructionImage: autoDraw = True
357.0696 	EXP 	Sound audioGoCue reached end of file
357.0856 	EXP 	Playing sound audioGoCue on speaker MacBook Pro-Lautsprecher
357.0770 	EXP 	instructionImage: autoDraw = False
357.0770 	EXP 	actionCue: autoDraw = True
358.0777 	EXP 	Sound audioGoCue stopped
360.5820 	EXP 	New trial (rep=0, index=9): <Trial 9 (9 in rep 0) data={'instructionType': 'speech_gesture', 'instructionSymbol': 'images/speak_gesture1.png', 'action': 'go', 'stimText': '"falling"', 'stimVideo': 'videos/falling_clip.mp4', 'stimAudio': 'audios/falling.wav', 'movement': 'arm', 'congruency': 'congruent', 'thisN': 9, 'thisTrialN': 9, 'thisRepN': 0}>
360.5895 	INFO 	Opening movie file: /Users/sara-sofiagorriz/Documents/UPF Barcelona/Interactive Systems/cospeech-gesture/CoSpeech_congruency/videos/falling_clip.mp4
360.6712 	EXP 	audioStimuli: sampleRate = 44100
360.6929 	EXP 	audioGoCue: sampleRate = 44100
360.7009 	EXP 	actionCue: autoDraw = False
360.7009 	EXP 	iti: autoDraw = False
360.7009 	EXP 	textStart: autoDraw = False
360.7009 	EXP 	movieGesture: autoDraw = False
360.7009 	EXP 	instructionImage: autoDraw = False
360.7009 	EXP 	actionCue: autoDraw = False
360.7009 	EXP 	instructionImage: image = 'images/speak_gesture1.png'
360.7009 	EXP 	actionCue: fillColor = <psychopy.colors.Color: green, alpha=1.0>
360.7009 	EXP 	actionCue: borderColor = <psychopy.colors.Color: green, alpha=1.0>
360.7009 	EXP 	iti: autoDraw = True
362.5739 	EXP 	iti: autoDraw = False
362.5739 	EXP 	textStart: autoDraw = True
363.5833 	INFO 	Movie playback /Users/sara-sofiagorriz/Documents/UPF Barcelona/Interactive Systems/cospeech-gesture/CoSpeech_congruency/videos/falling_clip.mp4 started at 0.00 seconds
363.5922 	EXP 	textStart: autoDraw = False
363.5922 	EXP 	movieGesture: autoDraw = True
364.0675 	EXP 	Sound audioStimuli reached end of file
364.0840 	EXP 	Playing sound audioStimuli on speaker MacBook Pro-Lautsprecher
365.1296 	EXP 	Sound audioStimuli reached end of file
365.1377 	EXP 	Sound audioStimuli reached end of file
366.5785 	INFO 	Opening movie file: /Users/sara-sofiagorriz/Documents/UPF Barcelona/Interactive Systems/cospeech-gesture/CoSpeech_congruency/videos/falling_clip.mp4
366.6782 	INFO 	Movie stopped: /Users/sara-sofiagorriz/Documents/UPF Barcelona/Interactive Systems/cospeech-gesture/CoSpeech_congruency/videos/falling_clip.mp4
366.6838 	EXP 	movieGesture: autoDraw = False
366.6838 	EXP 	instructionImage: autoDraw = True
369.0697 	EXP 	Sound audioGoCue reached end of file
369.0861 	EXP 	Playing sound audioGoCue on speaker MacBook Pro-Lautsprecher
369.0737 	EXP 	instructionImage: autoDraw = False
369.0737 	EXP 	actionCue: autoDraw = True
370.0777 	EXP 	Sound audioGoCue stopped
372.5837 	EXP 	New trial (rep=0, index=10): <Trial 10 (10 in rep 0) data={'instructionType': 'gesture', 'instructionSymbol': 'images/hand.png', 'action': 'go', 'stimText': '"me"', 'stimVideo': 'videos/me_clip.mp4', 'stimAudio': 'audios/me.wav', 'movement': 'hand_wrist', 'congruency': 'congruent', 'thisN': 10, 'thisTrialN': 10, 'thisRepN': 0}>
372.5951 	INFO 	Opening movie file: /Users/sara-sofiagorriz/Documents/UPF Barcelona/Interactive Systems/cospeech-gesture/CoSpeech_congruency/videos/me_clip.mp4
372.7353 	EXP 	audioStimuli: sampleRate = 44100
372.7450 	EXP 	audioGoCue: sampleRate = 44100
372.7549 	EXP 	actionCue: autoDraw = False
372.7549 	EXP 	iti: autoDraw = False
372.7549 	EXP 	textStart: autoDraw = False
372.7549 	EXP 	movieGesture: autoDraw = False
372.7549 	EXP 	instructionImage: autoDraw = False
372.7549 	EXP 	actionCue: autoDraw = False
372.7549 	EXP 	instructionImage: image = 'images/hand.png'
372.7549 	EXP 	actionCue: fillColor = <psychopy.colors.Color: green, alpha=1.0>
372.7549 	EXP 	actionCue: borderColor = <psychopy.colors.Color: green, alpha=1.0>
372.7549 	EXP 	iti: autoDraw = True
374.5856 	EXP 	iti: autoDraw = False
374.5856 	EXP 	textStart: autoDraw = True
375.5737 	INFO 	Movie playback /Users/sara-sofiagorriz/Documents/UPF Barcelona/Interactive Systems/cospeech-gesture/CoSpeech_congruency/videos/me_clip.mp4 started at 0.00 seconds
375.5824 	EXP 	textStart: autoDraw = False
375.5824 	EXP 	movieGesture: autoDraw = True
376.0675 	EXP 	Sound audioStimuli reached end of file
376.0840 	EXP 	Playing sound audioStimuli on speaker MacBook Pro-Lautsprecher
377.1090 	EXP 	Sound audioStimuli reached end of file
377.1175 	EXP 	Sound audioStimuli reached end of file
378.5706 	INFO 	Opening movie file: /Users/sara-sofiagorriz/Documents/UPF Barcelona/Interactive Systems/cospeech-gesture/CoSpeech_congruency/videos/me_clip.mp4
378.6989 	INFO 	Movie stopped: /Users/sara-sofiagorriz/Documents/UPF Barcelona/Interactive Systems/cospeech-gesture/CoSpeech_congruency/videos/me_clip.mp4
378.7037 	EXP 	movieGesture: autoDraw = False
378.7037 	EXP 	instructionImage: autoDraw = True
381.0696 	EXP 	Sound audioGoCue reached end of file
381.0858 	EXP 	Playing sound audioGoCue on speaker MacBook Pro-Lautsprecher
381.0773 	EXP 	instructionImage: autoDraw = False
381.0773 	EXP 	actionCue: autoDraw = True
382.0740 	EXP 	Sound audioGoCue stopped
384.5910 	EXP 	New trial (rep=0, index=11): <Trial 11 (11 in rep 0) data={'instructionType': 'gesture', 'instructionSymbol': 'images/hand.png', 'action': 'go', 'stimText': '"you"', 'stimVideo': 'videos/you_clip.mp4', 'stimAudio': 'audios/you.wav', 'movement': 'hand_wrist', 'congruency': 'congruent', 'thisN': 11, 'thisTrialN': 11, 'thisRepN': 0}>
384.6053 	INFO 	Opening movie file: /Users/sara-sofiagorriz/Documents/UPF Barcelona/Interactive Systems/cospeech-gesture/CoSpeech_congruency/videos/you_clip.mp4
384.7536 	EXP 	audioStimuli: sampleRate = 44100
384.7674 	EXP 	audioGoCue: sampleRate = 44100
384.7775 	EXP 	actionCue: autoDraw = False
384.7775 	EXP 	iti: autoDraw = False
384.7775 	EXP 	textStart: autoDraw = False
384.7775 	EXP 	movieGesture: autoDraw = False
384.7775 	EXP 	instructionImage: autoDraw = False
384.7775 	EXP 	actionCue: autoDraw = False
384.7775 	EXP 	instructionImage: image = 'images/hand.png'
384.7775 	EXP 	actionCue: fillColor = <psychopy.colors.Color: green, alpha=1.0>
384.7775 	EXP 	actionCue: borderColor = <psychopy.colors.Color: green, alpha=1.0>
384.7775 	EXP 	iti: autoDraw = True
386.5842 	EXP 	iti: autoDraw = False
386.5842 	EXP 	textStart: autoDraw = True
387.5821 	INFO 	Movie playback /Users/sara-sofiagorriz/Documents/UPF Barcelona/Interactive Systems/cospeech-gesture/CoSpeech_congruency/videos/you_clip.mp4 started at 0.00 seconds
387.5911 	EXP 	textStart: autoDraw = False
387.5911 	EXP 	movieGesture: autoDraw = True
388.0758 	EXP 	Sound audioStimuli reached end of file
388.0921 	EXP 	Playing sound audioStimuli on speaker MacBook Pro-Lautsprecher
389.1379 	EXP 	Sound audioStimuli reached end of file
389.1457 	EXP 	Sound audioStimuli reached end of file
390.5439 	INFO 	Opening movie file: /Users/sara-sofiagorriz/Documents/UPF Barcelona/Interactive Systems/cospeech-gesture/CoSpeech_congruency/videos/you_clip.mp4
390.6565 	INFO 	Movie stopped: /Users/sara-sofiagorriz/Documents/UPF Barcelona/Interactive Systems/cospeech-gesture/CoSpeech_congruency/videos/you_clip.mp4
390.6610 	EXP 	movieGesture: autoDraw = False
390.6645 	EXP 	instructionImage: autoDraw = True
393.0707 	EXP 	Sound audioGoCue reached end of file
393.0868 	EXP 	Playing sound audioGoCue on speaker MacBook Pro-Lautsprecher
393.0783 	EXP 	instructionImage: autoDraw = False
393.0783 	EXP 	actionCue: autoDraw = True
394.0833 	EXP 	Sound audioGoCue stopped
396.5846 	EXP 	New trial (rep=0, index=12): <Trial 12 (12 in rep 0) data={'instructionType': 'speech_gesture', 'instructionSymbol': 'images/speak_gesture1.png', 'action': 'go', 'stimText': '"you"', 'stimVideo': 'videos/you_clip.mp4', 'stimAudio': 'audios/you.wav', 'movement': 'hand_wrist', 'congruency': 'congruent', 'thisN': 12, 'thisTrialN': 12, 'thisRepN': 0}>
396.5918 	INFO 	Opening movie file: /Users/sara-sofiagorriz/Documents/UPF Barcelona/Interactive Systems/cospeech-gesture/CoSpeech_congruency/videos/you_clip.mp4
396.7428 	EXP 	audioStimuli: sampleRate = 44100
396.7656 	EXP 	audioGoCue: sampleRate = 44100
396.7739 	EXP 	actionCue: autoDraw = False
396.7739 	EXP 	iti: autoDraw = False
396.7739 	EXP 	textStart: autoDraw = False
396.7739 	EXP 	movieGesture: autoDraw = False
396.7739 	EXP 	instructionImage: autoDraw = False
396.7739 	EXP 	actionCue: autoDraw = False
396.7739 	EXP 	instructionImage: image = 'images/speak_gesture1.png'
396.7739 	EXP 	actionCue: fillColor = <psychopy.colors.Color: green, alpha=1.0>
396.7739 	EXP 	actionCue: borderColor = <psychopy.colors.Color: green, alpha=1.0>
396.7739 	EXP 	iti: autoDraw = True
398.5824 	EXP 	iti: autoDraw = False
398.5824 	EXP 	textStart: autoDraw = True
399.5687 	INFO 	Movie playback /Users/sara-sofiagorriz/Documents/UPF Barcelona/Interactive Systems/cospeech-gesture/CoSpeech_congruency/videos/you_clip.mp4 started at 0.00 seconds
399.5800 	EXP 	textStart: autoDraw = False
399.5800 	EXP 	movieGesture: autoDraw = True
400.0757 	EXP 	Sound audioStimuli reached end of file
400.0922 	EXP 	Playing sound audioStimuli on speaker MacBook Pro-Lautsprecher
401.1379 	EXP 	Sound audioStimuli reached end of file
401.1458 	EXP 	Sound audioStimuli reached end of file
402.5367 	INFO 	Opening movie file: /Users/sara-sofiagorriz/Documents/UPF Barcelona/Interactive Systems/cospeech-gesture/CoSpeech_congruency/videos/you_clip.mp4
402.6511 	INFO 	Movie stopped: /Users/sara-sofiagorriz/Documents/UPF Barcelona/Interactive Systems/cospeech-gesture/CoSpeech_congruency/videos/you_clip.mp4
402.6549 	EXP 	movieGesture: autoDraw = False
402.6586 	EXP 	instructionImage: autoDraw = True
405.0683 	EXP 	Sound audioGoCue reached end of file
405.0843 	EXP 	Playing sound audioGoCue on speaker MacBook Pro-Lautsprecher
405.0749 	EXP 	instructionImage: autoDraw = False
405.0749 	EXP 	actionCue: autoDraw = True
406.0713 	EXP 	Sound audioGoCue stopped
408.5914 	EXP 	New trial (rep=0, index=13): <Trial 13 (13 in rep 0) data={'instructionType': 'speech_gesture', 'instructionSymbol': 'images/speak_gesture1.png', 'action': 'go', 'stimText': '"falling"', 'stimVideo': 'videos/falling_clip.mp4', 'stimAudio': 'audios/falling.wav', 'movement': 'arm', 'congruency': 'congruent', 'thisN': 13, 'thisTrialN': 13, 'thisRepN': 0}>
408.5986 	INFO 	Opening movie file: /Users/sara-sofiagorriz/Documents/UPF Barcelona/Interactive Systems/cospeech-gesture/CoSpeech_congruency/videos/falling_clip.mp4
408.6933 	EXP 	audioStimuli: sampleRate = 44100
408.7166 	EXP 	audioGoCue: sampleRate = 44100
408.7251 	EXP 	actionCue: autoDraw = False
408.7251 	EXP 	iti: autoDraw = False
408.7251 	EXP 	textStart: autoDraw = False
408.7251 	EXP 	movieGesture: autoDraw = False
408.7251 	EXP 	instructionImage: autoDraw = False
408.7251 	EXP 	actionCue: autoDraw = False
408.7251 	EXP 	instructionImage: image = 'images/speak_gesture1.png'
408.7251 	EXP 	actionCue: fillColor = <psychopy.colors.Color: green, alpha=1.0>
408.7251 	EXP 	actionCue: borderColor = <psychopy.colors.Color: green, alpha=1.0>
408.7251 	EXP 	iti: autoDraw = True
410.5752 	EXP 	iti: autoDraw = False
410.5752 	EXP 	textStart: autoDraw = True
411.5749 	INFO 	Movie playback /Users/sara-sofiagorriz/Documents/UPF Barcelona/Interactive Systems/cospeech-gesture/CoSpeech_congruency/videos/falling_clip.mp4 started at 0.00 seconds
411.5829 	EXP 	textStart: autoDraw = False
411.5829 	EXP 	movieGesture: autoDraw = True
412.0676 	EXP 	Sound audioStimuli reached end of file
412.0840 	EXP 	Playing sound audioStimuli on speaker MacBook Pro-Lautsprecher
413.1302 	EXP 	Sound audioStimuli reached end of file
413.1385 	EXP 	Sound audioStimuli reached end of file
414.5771 	INFO 	Opening movie file: /Users/sara-sofiagorriz/Documents/UPF Barcelona/Interactive Systems/cospeech-gesture/CoSpeech_congruency/videos/falling_clip.mp4
414.6792 	INFO 	Movie stopped: /Users/sara-sofiagorriz/Documents/UPF Barcelona/Interactive Systems/cospeech-gesture/CoSpeech_congruency/videos/falling_clip.mp4
414.6846 	EXP 	movieGesture: autoDraw = False
414.6846 	EXP 	instructionImage: autoDraw = True
417.0705 	EXP 	Sound audioGoCue reached end of file
417.0868 	EXP 	Playing sound audioGoCue on speaker MacBook Pro-Lautsprecher
417.0846 	EXP 	instructionImage: autoDraw = False
417.0846 	EXP 	actionCue: autoDraw = True
418.0834 	EXP 	Sound audioGoCue stopped
420.5949 	EXP 	New trial (rep=0, index=14): <Trial 14 (14 in rep 0) data={'instructionType': 'speech_gesture', 'instructionSymbol': 'images/speak_gesture1.png', 'action': 'nogo', 'stimText': '"falling"', 'stimVideo': 'videos/rising_clip.mp4', 'stimAudio': 'audios/falling.wav', 'movement': 'arm', 'congruency': 'incongruent', 'thisN': 14, 'thisTrialN': 14, 'thisRepN': 0}>
420.5982 	INFO 	Opening movie file: /Users/sara-sofiagorriz/Documents/UPF Barcelona/Interactive Systems/cospeech-gesture/CoSpeech_congruency/videos/rising_clip.mp4
420.7354 	EXP 	audioStimuli: sampleRate = 44100
420.7589 	EXP 	audioGoCue: sampleRate = 44100
420.7670 	EXP 	actionCue: autoDraw = False
420.7670 	EXP 	iti: autoDraw = False
420.7670 	EXP 	textStart: autoDraw = False
420.7670 	EXP 	movieGesture: autoDraw = False
420.7670 	EXP 	instructionImage: autoDraw = False
420.7670 	EXP 	actionCue: autoDraw = False
420.7670 	EXP 	instructionImage: image = 'images/speak_gesture1.png'
420.7670 	EXP 	actionCue: fillColor = <psychopy.colors.Color: red, alpha=1.0>
420.7670 	EXP 	actionCue: borderColor = <psychopy.colors.Color: red, alpha=1.0>
420.7670 	EXP 	iti: autoDraw = True
422.5798 	EXP 	iti: autoDraw = False
422.5798 	EXP 	textStart: autoDraw = True
423.5697 	INFO 	Movie playback /Users/sara-sofiagorriz/Documents/UPF Barcelona/Interactive Systems/cospeech-gesture/CoSpeech_congruency/videos/rising_clip.mp4 started at 0.00 seconds
423.5775 	EXP 	textStart: autoDraw = False
423.5775 	EXP 	movieGesture: autoDraw = True
424.0675 	EXP 	Sound audioStimuli reached end of file
424.0839 	EXP 	Playing sound audioStimuli on speaker MacBook Pro-Lautsprecher
425.1307 	EXP 	Sound audioStimuli reached end of file
425.1387 	EXP 	Sound audioStimuli reached end of file
426.2744 	INFO 	Opening movie file: /Users/sara-sofiagorriz/Documents/UPF Barcelona/Interactive Systems/cospeech-gesture/CoSpeech_congruency/videos/rising_clip.mp4
426.4069 	INFO 	Movie stopped: /Users/sara-sofiagorriz/Documents/UPF Barcelona/Interactive Systems/cospeech-gesture/CoSpeech_congruency/videos/rising_clip.mp4
426.4116 	EXP 	movieGesture: autoDraw = False
426.5780 	EXP 	instructionImage: autoDraw = True
429.0697 	EXP 	Sound audioGoCue reached end of file
429.0859 	EXP 	Playing sound audioGoCue on speaker MacBook Pro-Lautsprecher
429.0779 	EXP 	instructionImage: autoDraw = False
429.0779 	EXP 	actionCue: autoDraw = True
430.0834 	EXP 	Sound audioGoCue stopped
432.5918 	EXP 	New trial (rep=0, index=15): <Trial 15 (15 in rep 0) data={'instructionType': 'gesture', 'instructionSymbol': 'images/hand.png', 'action': 'go', 'stimText': '"you"', 'stimVideo': 'videos/you_clip.mp4', 'stimAudio': 'audios/you.wav', 'movement': 'hand_wrist', 'congruency': 'congruent', 'thisN': 15, 'thisTrialN': 15, 'thisRepN': 0}>
432.6035 	INFO 	Opening movie file: /Users/sara-sofiagorriz/Documents/UPF Barcelona/Interactive Systems/cospeech-gesture/CoSpeech_congruency/videos/you_clip.mp4
432.7436 	EXP 	audioStimuli: sampleRate = 44100
432.7544 	EXP 	audioGoCue: sampleRate = 44100
432.7629 	EXP 	actionCue: autoDraw = False
432.7629 	EXP 	iti: autoDraw = False
432.7629 	EXP 	textStart: autoDraw = False
432.7629 	EXP 	movieGesture: autoDraw = False
432.7629 	EXP 	instructionImage: autoDraw = False
432.7629 	EXP 	actionCue: autoDraw = False
432.7629 	EXP 	instructionImage: image = 'images/hand.png'
432.7629 	EXP 	actionCue: fillColor = <psychopy.colors.Color: green, alpha=1.0>
432.7629 	EXP 	actionCue: borderColor = <psychopy.colors.Color: green, alpha=1.0>
432.7629 	EXP 	iti: autoDraw = True
434.5785 	EXP 	iti: autoDraw = False
434.5785 	EXP 	textStart: autoDraw = True
435.5723 	INFO 	Movie playback /Users/sara-sofiagorriz/Documents/UPF Barcelona/Interactive Systems/cospeech-gesture/CoSpeech_congruency/videos/you_clip.mp4 started at 0.00 seconds
435.5775 	EXP 	textStart: autoDraw = False
435.5775 	EXP 	movieGesture: autoDraw = True
436.0674 	EXP 	Sound audioStimuli reached end of file
436.0839 	EXP 	Playing sound audioStimuli on speaker MacBook Pro-Lautsprecher
437.1297 	EXP 	Sound audioStimuli reached end of file
437.1374 	EXP 	Sound audioStimuli reached end of file
438.5424 	INFO 	Opening movie file: /Users/sara-sofiagorriz/Documents/UPF Barcelona/Interactive Systems/cospeech-gesture/CoSpeech_congruency/videos/you_clip.mp4
438.6818 	INFO 	Movie stopped: /Users/sara-sofiagorriz/Documents/UPF Barcelona/Interactive Systems/cospeech-gesture/CoSpeech_congruency/videos/you_clip.mp4
438.6864 	EXP 	movieGesture: autoDraw = False
438.6896 	EXP 	instructionImage: autoDraw = True
441.0714 	EXP 	Sound audioGoCue reached end of file
441.0879 	EXP 	Playing sound audioGoCue on speaker MacBook Pro-Lautsprecher
441.0862 	EXP 	instructionImage: autoDraw = False
441.0862 	EXP 	actionCue: autoDraw = True
442.0807 	EXP 	Sound audioGoCue stopped
444.5849 	EXP 	New trial (rep=0, index=16): <Trial 16 (16 in rep 0) data={'instructionType': 'speech', 'instructionSymbol': 'images/speak.png', 'action': 'nogo', 'stimText': '"rising"', 'stimVideo': 'videos/rising_clip.mp4', 'stimAudio': 'audios/rising.wav', 'movement': 'arm', 'congruency': 'congruent', 'thisN': 16, 'thisTrialN': 16, 'thisRepN': 0}>
444.5966 	INFO 	Opening movie file: /Users/sara-sofiagorriz/Documents/UPF Barcelona/Interactive Systems/cospeech-gesture/CoSpeech_congruency/videos/rising_clip.mp4
444.7293 	EXP 	audioStimuli: sampleRate = 44100
444.7373 	EXP 	audioGoCue: sampleRate = 44100
444.7455 	EXP 	actionCue: autoDraw = False
444.7455 	EXP 	iti: autoDraw = False
444.7455 	EXP 	textStart: autoDraw = False
444.7455 	EXP 	movieGesture: autoDraw = False
444.7455 	EXP 	instructionImage: autoDraw = False
444.7455 	EXP 	actionCue: autoDraw = False
444.7455 	EXP 	instructionImage: image = 'images/speak.png'
444.7455 	EXP 	actionCue: fillColor = <psychopy.colors.Color: red, alpha=1.0>
444.7455 	EXP 	actionCue: borderColor = <psychopy.colors.Color: red, alpha=1.0>
444.7455 	EXP 	iti: autoDraw = True
446.5784 	EXP 	iti: autoDraw = False
446.5784 	EXP 	textStart: autoDraw = True
447.5714 	INFO 	Movie playback /Users/sara-sofiagorriz/Documents/UPF Barcelona/Interactive Systems/cospeech-gesture/CoSpeech_congruency/videos/rising_clip.mp4 started at 0.00 seconds
447.5824 	EXP 	textStart: autoDraw = False
447.5824 	EXP 	movieGesture: autoDraw = True
448.0758 	EXP 	Sound audioStimuli reached end of file
448.0922 	EXP 	Playing sound audioStimuli on speaker MacBook Pro-Lautsprecher
449.1376 	EXP 	Sound audioStimuli reached end of file
449.1457 	EXP 	Sound audioStimuli reached end of file
450.2772 	INFO 	Opening movie file: /Users/sara-sofiagorriz/Documents/UPF Barcelona/Interactive Systems/cospeech-gesture/CoSpeech_congruency/videos/rising_clip.mp4
450.5467 	INFO 	Movie stopped: /Users/sara-sofiagorriz/Documents/UPF Barcelona/Interactive Systems/cospeech-gesture/CoSpeech_congruency/videos/rising_clip.mp4
450.5513 	EXP 	movieGesture: autoDraw = False
450.5709 	EXP 	instructionImage: autoDraw = True
453.0771 	EXP 	Sound audioGoCue reached end of file
453.0929 	EXP 	Playing sound audioGoCue on speaker MacBook Pro-Lautsprecher
453.0847 	EXP 	instructionImage: autoDraw = False
453.0847 	EXP 	actionCue: autoDraw = True
454.0835 	EXP 	Sound audioGoCue stopped
456.5858 	EXP 	New trial (rep=0, index=17): <Trial 17 (17 in rep 0) data={'instructionType': 'gesture', 'instructionSymbol': 'images/hand.png', 'action': 'nogo', 'stimText': '"rising"', 'stimVideo': 'videos/rising_clip.mp4', 'stimAudio': 'audios/rising.wav', 'movement': 'arm', 'congruency': 'congruent', 'thisN': 17, 'thisTrialN': 17, 'thisRepN': 0}>
456.5932 	INFO 	Opening movie file: /Users/sara-sofiagorriz/Documents/UPF Barcelona/Interactive Systems/cospeech-gesture/CoSpeech_congruency/videos/rising_clip.mp4
456.7211 	EXP 	audioStimuli: sampleRate = 44100
456.7323 	EXP 	audioGoCue: sampleRate = 44100
456.7412 	EXP 	actionCue: autoDraw = False
456.7412 	EXP 	iti: autoDraw = False
456.7412 	EXP 	textStart: autoDraw = False
456.7412 	EXP 	movieGesture: autoDraw = False
456.7412 	EXP 	instructionImage: autoDraw = False
456.7412 	EXP 	actionCue: autoDraw = False
456.7412 	EXP 	instructionImage: image = 'images/hand.png'
456.7412 	EXP 	actionCue: fillColor = <psychopy.colors.Color: red, alpha=1.0>
456.7412 	EXP 	actionCue: borderColor = <psychopy.colors.Color: red, alpha=1.0>
456.7412 	EXP 	iti: autoDraw = True
458.5760 	EXP 	iti: autoDraw = False
458.5760 	EXP 	textStart: autoDraw = True
459.5722 	INFO 	Movie playback /Users/sara-sofiagorriz/Documents/UPF Barcelona/Interactive Systems/cospeech-gesture/CoSpeech_congruency/videos/rising_clip.mp4 started at 0.00 seconds
459.5799 	EXP 	textStart: autoDraw = False
459.5799 	EXP 	movieGesture: autoDraw = True
460.0685 	EXP 	Sound audioStimuli reached end of file
460.0849 	EXP 	Playing sound audioStimuli on speaker MacBook Pro-Lautsprecher
461.1345 	EXP 	Sound audioStimuli reached end of file
461.1429 	EXP 	Sound audioStimuli reached end of file
462.2834 	INFO 	Opening movie file: /Users/sara-sofiagorriz/Documents/UPF Barcelona/Interactive Systems/cospeech-gesture/CoSpeech_congruency/videos/rising_clip.mp4
462.4239 	INFO 	Movie stopped: /Users/sara-sofiagorriz/Documents/UPF Barcelona/Interactive Systems/cospeech-gesture/CoSpeech_congruency/videos/rising_clip.mp4
462.4287 	EXP 	movieGesture: autoDraw = False
462.5817 	EXP 	instructionImage: autoDraw = True
465.0682 	EXP 	Sound audioGoCue reached end of file
465.0845 	EXP 	Playing sound audioGoCue on speaker MacBook Pro-Lautsprecher
465.0729 	EXP 	instructionImage: autoDraw = False
465.0729 	EXP 	actionCue: autoDraw = True
466.0752 	EXP 	Sound audioGoCue stopped
468.5950 	EXP 	New trial (rep=0, index=18): <Trial 18 (18 in rep 0) data={'instructionType': 'speech', 'instructionSymbol': 'images/speak.png', 'action': 'go', 'stimText': '"falling"', 'stimVideo': 'videos/falling_clip.mp4', 'stimAudio': 'audios/falling.wav', 'movement': 'arm', 'congruency': 'congruent', 'thisN': 18, 'thisTrialN': 18, 'thisRepN': 0}>
468.6031 	INFO 	Opening movie file: /Users/sara-sofiagorriz/Documents/UPF Barcelona/Interactive Systems/cospeech-gesture/CoSpeech_congruency/videos/falling_clip.mp4
468.7081 	EXP 	audioStimuli: sampleRate = 44100
468.7165 	EXP 	audioGoCue: sampleRate = 44100
468.7249 	EXP 	actionCue: autoDraw = False
468.7249 	EXP 	iti: autoDraw = False
468.7249 	EXP 	textStart: autoDraw = False
468.7249 	EXP 	movieGesture: autoDraw = False
468.7249 	EXP 	instructionImage: autoDraw = False
468.7249 	EXP 	actionCue: autoDraw = False
468.7249 	EXP 	instructionImage: image = 'images/speak.png'
468.7249 	EXP 	actionCue: fillColor = <psychopy.colors.Color: green, alpha=1.0>
468.7249 	EXP 	actionCue: borderColor = <psychopy.colors.Color: green, alpha=1.0>
468.7249 	EXP 	iti: autoDraw = True
470.5836 	EXP 	iti: autoDraw = False
470.5836 	EXP 	textStart: autoDraw = True
471.5746 	INFO 	Movie playback /Users/sara-sofiagorriz/Documents/UPF Barcelona/Interactive Systems/cospeech-gesture/CoSpeech_congruency/videos/falling_clip.mp4 started at 0.00 seconds
471.5828 	EXP 	textStart: autoDraw = False
471.5828 	EXP 	movieGesture: autoDraw = True
472.0739 	EXP 	Sound audioStimuli reached end of file
472.0903 	EXP 	Playing sound audioStimuli on speaker MacBook Pro-Lautsprecher
473.1392 	EXP 	Sound audioStimuli reached end of file
473.1471 	EXP 	Sound audioStimuli reached end of file
474.5808 	INFO 	Opening movie file: /Users/sara-sofiagorriz/Documents/UPF Barcelona/Interactive Systems/cospeech-gesture/CoSpeech_congruency/videos/falling_clip.mp4
474.6723 	INFO 	Movie stopped: /Users/sara-sofiagorriz/Documents/UPF Barcelona/Interactive Systems/cospeech-gesture/CoSpeech_congruency/videos/falling_clip.mp4
474.6776 	EXP 	movieGesture: autoDraw = False
474.6776 	EXP 	instructionImage: autoDraw = True
477.0685 	EXP 	Sound audioGoCue reached end of file
477.0844 	EXP 	Playing sound audioGoCue on speaker MacBook Pro-Lautsprecher
477.0755 	EXP 	instructionImage: autoDraw = False
477.0755 	EXP 	actionCue: autoDraw = True
478.0802 	EXP 	Sound audioGoCue stopped
480.5932 	EXP 	New trial (rep=0, index=19): <Trial 19 (19 in rep 0) data={'instructionType': 'gesture', 'instructionSymbol': 'images/hand.png', 'action': 'go', 'stimText': '"rising"', 'stimVideo': 'videos/rising_clip.mp4', 'stimAudio': 'audios/rising.wav', 'movement': 'arm', 'congruency': 'congruent', 'thisN': 19, 'thisTrialN': 19, 'thisRepN': 0}>
480.6049 	INFO 	Opening movie file: /Users/sara-sofiagorriz/Documents/UPF Barcelona/Interactive Systems/cospeech-gesture/CoSpeech_congruency/videos/rising_clip.mp4
480.7483 	EXP 	audioStimuli: sampleRate = 44100
480.7623 	EXP 	audioGoCue: sampleRate = 44100
480.7737 	EXP 	actionCue: autoDraw = False
480.7737 	EXP 	iti: autoDraw = False
480.7737 	EXP 	textStart: autoDraw = False
480.7737 	EXP 	movieGesture: autoDraw = False
480.7737 	EXP 	instructionImage: autoDraw = False
480.7737 	EXP 	actionCue: autoDraw = False
480.7737 	EXP 	instructionImage: image = 'images/hand.png'
480.7737 	EXP 	actionCue: fillColor = <psychopy.colors.Color: green, alpha=1.0>
480.7737 	EXP 	actionCue: borderColor = <psychopy.colors.Color: green, alpha=1.0>
480.7737 	EXP 	iti: autoDraw = True
482.5799 	EXP 	iti: autoDraw = False
482.5799 	EXP 	textStart: autoDraw = True
483.5714 	INFO 	Movie playback /Users/sara-sofiagorriz/Documents/UPF Barcelona/Interactive Systems/cospeech-gesture/CoSpeech_congruency/videos/rising_clip.mp4 started at 0.00 seconds
483.5811 	EXP 	textStart: autoDraw = False
483.5811 	EXP 	movieGesture: autoDraw = True
484.0717 	EXP 	Sound audioStimuli reached end of file
484.0880 	EXP 	Playing sound audioStimuli on speaker MacBook Pro-Lautsprecher
485.1336 	EXP 	Sound audioStimuli reached end of file
485.1412 	EXP 	Sound audioStimuli reached end of file
486.2830 	INFO 	Opening movie file: /Users/sara-sofiagorriz/Documents/UPF Barcelona/Interactive Systems/cospeech-gesture/CoSpeech_congruency/videos/rising_clip.mp4
486.4253 	INFO 	Movie stopped: /Users/sara-sofiagorriz/Documents/UPF Barcelona/Interactive Systems/cospeech-gesture/CoSpeech_congruency/videos/rising_clip.mp4
486.4298 	EXP 	movieGesture: autoDraw = False
486.5783 	EXP 	instructionImage: autoDraw = True
489.0708 	EXP 	Sound audioGoCue reached end of file
489.0873 	EXP 	Playing sound audioGoCue on speaker MacBook Pro-Lautsprecher
489.0843 	EXP 	instructionImage: autoDraw = False
489.0843 	EXP 	actionCue: autoDraw = True
490.0782 	EXP 	Sound audioGoCue stopped
492.5898 	EXP 	New trial (rep=0, index=20): <Trial 20 (20 in rep 0) data={'instructionType': 'gesture', 'instructionSymbol': 'images/hand.png', 'action': 'go', 'stimText': '"rising"', 'stimVideo': 'videos/rising_clip.mp4', 'stimAudio': 'audios/rising.wav', 'movement': 'arm', 'congruency': 'congruent', 'thisN': 20, 'thisTrialN': 20, 'thisRepN': 0}>
492.6009 	INFO 	Opening movie file: /Users/sara-sofiagorriz/Documents/UPF Barcelona/Interactive Systems/cospeech-gesture/CoSpeech_congruency/videos/rising_clip.mp4
492.7375 	EXP 	audioStimuli: sampleRate = 44100
492.7460 	EXP 	audioGoCue: sampleRate = 44100
492.7542 	EXP 	actionCue: autoDraw = False
492.7542 	EXP 	iti: autoDraw = False
492.7542 	EXP 	textStart: autoDraw = False
492.7542 	EXP 	movieGesture: autoDraw = False
492.7542 	EXP 	instructionImage: autoDraw = False
492.7542 	EXP 	actionCue: autoDraw = False
492.7542 	EXP 	instructionImage: image = 'images/hand.png'
492.7542 	EXP 	actionCue: fillColor = <psychopy.colors.Color: green, alpha=1.0>
492.7542 	EXP 	actionCue: borderColor = <psychopy.colors.Color: green, alpha=1.0>
492.7542 	EXP 	iti: autoDraw = True
494.5788 	EXP 	iti: autoDraw = False
494.5788 	EXP 	textStart: autoDraw = True
495.5773 	INFO 	Movie playback /Users/sara-sofiagorriz/Documents/UPF Barcelona/Interactive Systems/cospeech-gesture/CoSpeech_congruency/videos/rising_clip.mp4 started at 0.00 seconds
495.5827 	EXP 	textStart: autoDraw = False
495.5827 	EXP 	movieGesture: autoDraw = True
496.0714 	EXP 	Sound audioStimuli reached end of file
496.0879 	EXP 	Playing sound audioStimuli on speaker MacBook Pro-Lautsprecher
497.1336 	EXP 	Sound audioStimuli reached end of file
497.1415 	EXP 	Sound audioStimuli reached end of file
498.2897 	INFO 	Opening movie file: /Users/sara-sofiagorriz/Documents/UPF Barcelona/Interactive Systems/cospeech-gesture/CoSpeech_congruency/videos/rising_clip.mp4
498.4290 	INFO 	Movie stopped: /Users/sara-sofiagorriz/Documents/UPF Barcelona/Interactive Systems/cospeech-gesture/CoSpeech_congruency/videos/rising_clip.mp4
498.4331 	EXP 	movieGesture: autoDraw = False
498.5785 	EXP 	instructionImage: autoDraw = True
501.0718 	EXP 	Sound audioGoCue reached end of file
501.0877 	EXP 	Playing sound audioGoCue on speaker MacBook Pro-Lautsprecher
501.0781 	EXP 	instructionImage: autoDraw = False
501.0781 	EXP 	actionCue: autoDraw = True
502.0804 	EXP 	Sound audioGoCue stopped
504.5884 	EXP 	New trial (rep=0, index=21): <Trial 21 (21 in rep 0) data={'instructionType': 'gesture', 'instructionSymbol': 'images/hand.png', 'action': 'go', 'stimText': '"me"', 'stimVideo': 'videos/me_clip.mp4', 'stimAudio': 'audios/me.wav', 'movement': 'hand_wrist', 'congruency': 'congruent', 'thisN': 21, 'thisTrialN': 21, 'thisRepN': 0}>
504.5967 	INFO 	Opening movie file: /Users/sara-sofiagorriz/Documents/UPF Barcelona/Interactive Systems/cospeech-gesture/CoSpeech_congruency/videos/me_clip.mp4
504.7208 	EXP 	audioStimuli: sampleRate = 44100
504.7310 	EXP 	audioGoCue: sampleRate = 44100
504.7405 	EXP 	actionCue: autoDraw = False
504.7405 	EXP 	iti: autoDraw = False
504.7405 	EXP 	textStart: autoDraw = False
504.7405 	EXP 	movieGesture: autoDraw = False
504.7405 	EXP 	instructionImage: autoDraw = False
504.7405 	EXP 	actionCue: autoDraw = False
504.7405 	EXP 	instructionImage: image = 'images/hand.png'
504.7405 	EXP 	actionCue: fillColor = <psychopy.colors.Color: green, alpha=1.0>
504.7405 	EXP 	actionCue: borderColor = <psychopy.colors.Color: green, alpha=1.0>
504.7405 	EXP 	iti: autoDraw = True
506.5726 	EXP 	iti: autoDraw = False
506.5726 	EXP 	textStart: autoDraw = True
507.5722 	INFO 	Movie playback /Users/sara-sofiagorriz/Documents/UPF Barcelona/Interactive Systems/cospeech-gesture/CoSpeech_congruency/videos/me_clip.mp4 started at 0.00 seconds
507.5795 	EXP 	textStart: autoDraw = False
507.5795 	EXP 	movieGesture: autoDraw = True
508.0717 	EXP 	Sound audioStimuli reached end of file
508.0881 	EXP 	Playing sound audioStimuli on speaker MacBook Pro-Lautsprecher
509.1137 	EXP 	Sound audioStimuli reached end of file
509.1220 	EXP 	Sound audioStimuli reached end of file
510.5815 	INFO 	Opening movie file: /Users/sara-sofiagorriz/Documents/UPF Barcelona/Interactive Systems/cospeech-gesture/CoSpeech_congruency/videos/me_clip.mp4
510.7149 	INFO 	Movie stopped: /Users/sara-sofiagorriz/Documents/UPF Barcelona/Interactive Systems/cospeech-gesture/CoSpeech_congruency/videos/me_clip.mp4
510.7201 	EXP 	movieGesture: autoDraw = False
510.7201 	EXP 	instructionImage: autoDraw = True
513.0707 	EXP 	Sound audioGoCue reached end of file
513.0868 	EXP 	Playing sound audioGoCue on speaker MacBook Pro-Lautsprecher
513.0784 	EXP 	instructionImage: autoDraw = False
513.0784 	EXP 	actionCue: autoDraw = True
514.0825 	EXP 	Sound audioGoCue stopped
516.5888 	EXP 	New trial (rep=0, index=22): <Trial 22 (22 in rep 0) data={'instructionType': 'gesture', 'instructionSymbol': 'images/hand.png', 'action': 'go', 'stimText': '"rising"', 'stimVideo': 'videos/rising_clip.mp4', 'stimAudio': 'audios/rising.wav', 'movement': 'arm', 'congruency': 'congruent', 'thisN': 22, 'thisTrialN': 22, 'thisRepN': 0}>
516.5983 	INFO 	Opening movie file: /Users/sara-sofiagorriz/Documents/UPF Barcelona/Interactive Systems/cospeech-gesture/CoSpeech_congruency/videos/rising_clip.mp4
516.7311 	EXP 	audioStimuli: sampleRate = 44100
516.7395 	EXP 	audioGoCue: sampleRate = 44100
516.7473 	EXP 	actionCue: autoDraw = False
516.7473 	EXP 	iti: autoDraw = False
516.7473 	EXP 	textStart: autoDraw = False
516.7473 	EXP 	movieGesture: autoDraw = False
516.7473 	EXP 	instructionImage: autoDraw = False
516.7473 	EXP 	actionCue: autoDraw = False
516.7473 	EXP 	instructionImage: image = 'images/hand.png'
516.7473 	EXP 	actionCue: fillColor = <psychopy.colors.Color: green, alpha=1.0>
516.7473 	EXP 	actionCue: borderColor = <psychopy.colors.Color: green, alpha=1.0>
516.7473 	EXP 	iti: autoDraw = True
518.5858 	EXP 	iti: autoDraw = False
518.5858 	EXP 	textStart: autoDraw = True
519.5785 	INFO 	Movie playback /Users/sara-sofiagorriz/Documents/UPF Barcelona/Interactive Systems/cospeech-gesture/CoSpeech_congruency/videos/rising_clip.mp4 started at 0.00 seconds
519.5872 	EXP 	textStart: autoDraw = False
519.5872 	EXP 	movieGesture: autoDraw = True
520.0716 	EXP 	Sound audioStimuli reached end of file
520.0880 	EXP 	Playing sound audioStimuli on speaker MacBook Pro-Lautsprecher
521.1338 	EXP 	Sound audioStimuli reached end of file
521.1418 	EXP 	Sound audioStimuli reached end of file
522.2911 	INFO 	Opening movie file: /Users/sara-sofiagorriz/Documents/UPF Barcelona/Interactive Systems/cospeech-gesture/CoSpeech_congruency/videos/rising_clip.mp4
522.4241 	INFO 	Movie stopped: /Users/sara-sofiagorriz/Documents/UPF Barcelona/Interactive Systems/cospeech-gesture/CoSpeech_congruency/videos/rising_clip.mp4
522.4286 	EXP 	movieGesture: autoDraw = False
522.5729 	EXP 	instructionImage: autoDraw = True
525.0790 	EXP 	Sound audioGoCue reached end of file
525.0952 	EXP 	Playing sound audioGoCue on speaker MacBook Pro-Lautsprecher
525.0864 	EXP 	instructionImage: autoDraw = False
525.0864 	EXP 	actionCue: autoDraw = True
526.0823 	EXP 	Sound audioGoCue stopped
528.5989 	EXP 	New trial (rep=0, index=23): <Trial 23 (23 in rep 0) data={'instructionType': 'gesture', 'instructionSymbol': 'images/hand.png', 'action': 'go', 'stimText': '"falling"', 'stimVideo': 'videos/falling_clip.mp4', 'stimAudio': 'audios/falling.wav', 'movement': 'arm', 'congruency': 'congruent', 'thisN': 23, 'thisTrialN': 23, 'thisRepN': 0}>
528.6114 	INFO 	Opening movie file: /Users/sara-sofiagorriz/Documents/UPF Barcelona/Interactive Systems/cospeech-gesture/CoSpeech_congruency/videos/falling_clip.mp4
528.7157 	EXP 	audioStimuli: sampleRate = 44100
528.7230 	EXP 	audioGoCue: sampleRate = 44100
528.7309 	EXP 	actionCue: autoDraw = False
528.7309 	EXP 	iti: autoDraw = False
528.7309 	EXP 	textStart: autoDraw = False
528.7309 	EXP 	movieGesture: autoDraw = False
528.7309 	EXP 	instructionImage: autoDraw = False
528.7309 	EXP 	actionCue: autoDraw = False
528.7309 	EXP 	instructionImage: image = 'images/hand.png'
528.7309 	EXP 	actionCue: fillColor = <psychopy.colors.Color: green, alpha=1.0>
528.7309 	EXP 	actionCue: borderColor = <psychopy.colors.Color: green, alpha=1.0>
528.7309 	EXP 	iti: autoDraw = True
530.5752 	EXP 	iti: autoDraw = False
530.5752 	EXP 	textStart: autoDraw = True
531.5735 	INFO 	Movie playback /Users/sara-sofiagorriz/Documents/UPF Barcelona/Interactive Systems/cospeech-gesture/CoSpeech_congruency/videos/falling_clip.mp4 started at 0.00 seconds
531.5806 	EXP 	textStart: autoDraw = False
531.5806 	EXP 	movieGesture: autoDraw = True
532.0748 	EXP 	Sound audioStimuli reached end of file
532.0913 	EXP 	Playing sound audioStimuli on speaker MacBook Pro-Lautsprecher
533.1368 	EXP 	Sound audioStimuli reached end of file
533.1447 	EXP 	Sound audioStimuli reached end of file
534.5820 	INFO 	Opening movie file: /Users/sara-sofiagorriz/Documents/UPF Barcelona/Interactive Systems/cospeech-gesture/CoSpeech_congruency/videos/falling_clip.mp4
534.6965 	INFO 	Movie stopped: /Users/sara-sofiagorriz/Documents/UPF Barcelona/Interactive Systems/cospeech-gesture/CoSpeech_congruency/videos/falling_clip.mp4
534.7040 	EXP 	movieGesture: autoDraw = False
534.7040 	EXP 	instructionImage: autoDraw = True
537.0693 	EXP 	Sound audioGoCue reached end of file
537.0853 	EXP 	Playing sound audioGoCue on speaker MacBook Pro-Lautsprecher
537.0767 	EXP 	instructionImage: autoDraw = False
537.0767 	EXP 	actionCue: autoDraw = True
538.0797 	EXP 	Sound audioGoCue stopped
540.5853 	EXP 	New trial (rep=0, index=24): <Trial 24 (24 in rep 0) data={'instructionType': 'speech_gesture', 'instructionSymbol': 'images/speak_gesture1.png', 'action': 'go', 'stimText': '"you"', 'stimVideo': 'videos/me_clip.mp4', 'stimAudio': 'audios/you.wav', 'movement': 'hand_wrist', 'congruency': 'incongruent', 'thisN': 24, 'thisTrialN': 24, 'thisRepN': 0}>
540.5927 	INFO 	Opening movie file: /Users/sara-sofiagorriz/Documents/UPF Barcelona/Interactive Systems/cospeech-gesture/CoSpeech_congruency/videos/me_clip.mp4
540.7636 	EXP 	audioStimuli: sampleRate = 44100
540.7884 	EXP 	audioGoCue: sampleRate = 44100
540.7991 	EXP 	actionCue: autoDraw = False
540.7991 	EXP 	iti: autoDraw = False
540.7991 	EXP 	textStart: autoDraw = False
540.7991 	EXP 	movieGesture: autoDraw = False
540.7991 	EXP 	instructionImage: autoDraw = False
540.7991 	EXP 	actionCue: autoDraw = False
540.7991 	EXP 	instructionImage: image = 'images/speak_gesture1.png'
540.7991 	EXP 	actionCue: fillColor = <psychopy.colors.Color: green, alpha=1.0>
540.7991 	EXP 	actionCue: borderColor = <psychopy.colors.Color: green, alpha=1.0>
540.7991 	EXP 	iti: autoDraw = True
542.5750 	EXP 	iti: autoDraw = False
542.5750 	EXP 	textStart: autoDraw = True
543.5727 	INFO 	Movie playback /Users/sara-sofiagorriz/Documents/UPF Barcelona/Interactive Systems/cospeech-gesture/CoSpeech_congruency/videos/me_clip.mp4 started at 0.00 seconds
543.5837 	EXP 	textStart: autoDraw = False
543.5837 	EXP 	movieGesture: autoDraw = True
544.0719 	EXP 	Sound audioStimuli reached end of file
544.0883 	EXP 	Playing sound audioStimuli on speaker MacBook Pro-Lautsprecher
545.1342 	EXP 	Sound audioStimuli reached end of file
545.1420 	EXP 	Sound audioStimuli reached end of file
546.5816 	INFO 	Opening movie file: /Users/sara-sofiagorriz/Documents/UPF Barcelona/Interactive Systems/cospeech-gesture/CoSpeech_congruency/videos/me_clip.mp4
546.7161 	INFO 	Movie stopped: /Users/sara-sofiagorriz/Documents/UPF Barcelona/Interactive Systems/cospeech-gesture/CoSpeech_congruency/videos/me_clip.mp4
546.7219 	EXP 	movieGesture: autoDraw = False
546.7219 	EXP 	instructionImage: autoDraw = True
549.0675 	EXP 	Sound audioGoCue reached end of file
549.0839 	EXP 	Playing sound audioGoCue on speaker MacBook Pro-Lautsprecher
549.0786 	EXP 	instructionImage: autoDraw = False
549.0786 	EXP 	actionCue: autoDraw = True
550.0732 	EXP 	Sound audioGoCue stopped
552.5854 	EXP 	New trial (rep=0, index=25): <Trial 25 (25 in rep 0) data={'instructionType': 'gesture', 'instructionSymbol': 'images/hand.png', 'action': 'go', 'stimText': '"me"', 'stimVideo': 'videos/you_clip.mp4', 'stimAudio': 'audios/me.wav', 'movement': 'hand_wrist', 'congruency': 'incongruent', 'thisN': 25, 'thisTrialN': 25, 'thisRepN': 0}>
552.5988 	INFO 	Opening movie file: /Users/sara-sofiagorriz/Documents/UPF Barcelona/Interactive Systems/cospeech-gesture/CoSpeech_congruency/videos/you_clip.mp4
552.7376 	EXP 	audioStimuli: sampleRate = 44100
552.7474 	EXP 	audioGoCue: sampleRate = 44100
552.7554 	EXP 	actionCue: autoDraw = False
552.7554 	EXP 	iti: autoDraw = False
552.7554 	EXP 	textStart: autoDraw = False
552.7554 	EXP 	movieGesture: autoDraw = False
552.7554 	EXP 	instructionImage: autoDraw = False
552.7554 	EXP 	actionCue: autoDraw = False
552.7554 	EXP 	instructionImage: image = 'images/hand.png'
552.7554 	EXP 	actionCue: fillColor = <psychopy.colors.Color: green, alpha=1.0>
552.7554 	EXP 	actionCue: borderColor = <psychopy.colors.Color: green, alpha=1.0>
552.7554 	EXP 	iti: autoDraw = True
554.5823 	EXP 	iti: autoDraw = False
554.5823 	EXP 	textStart: autoDraw = True
555.5698 	INFO 	Movie playback /Users/sara-sofiagorriz/Documents/UPF Barcelona/Interactive Systems/cospeech-gesture/CoSpeech_congruency/videos/you_clip.mp4 started at 0.00 seconds
555.5776 	EXP 	textStart: autoDraw = False
555.5776 	EXP 	movieGesture: autoDraw = True
556.0677 	EXP 	Sound audioStimuli reached end of file
556.0842 	EXP 	Playing sound audioStimuli on speaker MacBook Pro-Lautsprecher
557.1127 	EXP 	Sound audioStimuli reached end of file
557.1214 	EXP 	Sound audioStimuli reached end of file
558.5481 	INFO 	Opening movie file: /Users/sara-sofiagorriz/Documents/UPF Barcelona/Interactive Systems/cospeech-gesture/CoSpeech_congruency/videos/you_clip.mp4
558.6884 	INFO 	Movie stopped: /Users/sara-sofiagorriz/Documents/UPF Barcelona/Interactive Systems/cospeech-gesture/CoSpeech_congruency/videos/you_clip.mp4
558.6930 	EXP 	movieGesture: autoDraw = False
558.6974 	EXP 	instructionImage: autoDraw = True
561.0710 	EXP 	Sound audioGoCue reached end of file
561.0874 	EXP 	Playing sound audioGoCue on speaker MacBook Pro-Lautsprecher
561.0819 	EXP 	instructionImage: autoDraw = False
561.0819 	EXP 	actionCue: autoDraw = True
562.0761 	EXP 	Sound audioGoCue stopped
564.5753 	EXP 	New trial (rep=0, index=0): <Trial 0 (0 in rep 0) data={'thisN': 0, 'thisTrialN': 0, 'thisRepN': 0}>
564.5814 	EXP 	actionCue: autoDraw = False
564.5814 	EXP 	iti: autoDraw = False
564.5814 	EXP 	textStart: autoDraw = False
564.5814 	EXP 	movieGesture: autoDraw = False
564.5814 	EXP 	instructionImage: autoDraw = False
564.5814 	EXP 	actionCue: autoDraw = False
564.5814 	EXP 	textOneThird: autoDraw = True
579.5817 	EXP 	New trial (rep=0, index=26): <Trial 26 (26 in rep 0) data={'instructionType': 'speech', 'instructionSymbol': 'images/speak.png', 'action': 'go', 'stimText': '"me"', 'stimVideo': 'videos/you_clip.mp4', 'stimAudio': 'audios/me.wav', 'movement': 'hand_wrist', 'congruency': 'incongruent', 'thisN': 26, 'thisTrialN': 26, 'thisRepN': 0}>
579.5882 	INFO 	Opening movie file: /Users/sara-sofiagorriz/Documents/UPF Barcelona/Interactive Systems/cospeech-gesture/CoSpeech_congruency/videos/you_clip.mp4
579.7305 	EXP 	audioStimuli: sampleRate = 44100
579.7423 	EXP 	audioGoCue: sampleRate = 44100
579.7509 	EXP 	textOneThird: autoDraw = False
579.7509 	EXP 	textOneThird: autoDraw = False
579.7509 	EXP 	instructionImage: image = 'images/speak.png'
579.7509 	EXP 	actionCue: fillColor = <psychopy.colors.Color: green, alpha=1.0>
579.7509 	EXP 	actionCue: borderColor = <psychopy.colors.Color: green, alpha=1.0>
579.7509 	EXP 	iti: autoDraw = True
581.5854 	EXP 	iti: autoDraw = False
581.5854 	EXP 	textStart: autoDraw = True
582.5684 	INFO 	Movie playback /Users/sara-sofiagorriz/Documents/UPF Barcelona/Interactive Systems/cospeech-gesture/CoSpeech_congruency/videos/you_clip.mp4 started at 0.00 seconds
582.5750 	EXP 	textStart: autoDraw = False
582.5750 	EXP 	movieGesture: autoDraw = True
583.0731 	EXP 	Sound audioStimuli reached end of file
583.0894 	EXP 	Playing sound audioStimuli on speaker MacBook Pro-Lautsprecher
584.1136 	EXP 	Sound audioStimuli reached end of file
584.1219 	EXP 	Sound audioStimuli reached end of file
585.5390 	INFO 	Opening movie file: /Users/sara-sofiagorriz/Documents/UPF Barcelona/Interactive Systems/cospeech-gesture/CoSpeech_congruency/videos/you_clip.mp4
585.6879 	INFO 	Movie stopped: /Users/sara-sofiagorriz/Documents/UPF Barcelona/Interactive Systems/cospeech-gesture/CoSpeech_congruency/videos/you_clip.mp4
585.6917 	EXP 	movieGesture: autoDraw = False
585.6957 	EXP 	instructionImage: autoDraw = True
588.0829 	EXP 	Sound audioGoCue reached end of file
588.0990 	EXP 	Playing sound audioGoCue on speaker MacBook Pro-Lautsprecher
588.0901 	EXP 	instructionImage: autoDraw = False
588.0901 	EXP 	actionCue: autoDraw = True
589.0864 	EXP 	Sound audioGoCue stopped
591.5987 	EXP 	New trial (rep=0, index=27): <Trial 27 (27 in rep 0) data={'instructionType': 'speech_gesture', 'instructionSymbol': 'images/speak_gesture1.png', 'action': 'nogo', 'stimText': '"me"', 'stimVideo': 'videos/me_clip.mp4', 'stimAudio': 'audios/me.wav', 'movement': 'hand_wrist', 'congruency': 'congruent', 'thisN': 27, 'thisTrialN': 27, 'thisRepN': 0}>
591.6109 	INFO 	Opening movie file: /Users/sara-sofiagorriz/Documents/UPF Barcelona/Interactive Systems/cospeech-gesture/CoSpeech_congruency/videos/me_clip.mp4
591.7406 	EXP 	audioStimuli: sampleRate = 44100
591.7715 	EXP 	audioGoCue: sampleRate = 44100
591.7800 	EXP 	actionCue: autoDraw = False
591.7800 	EXP 	iti: autoDraw = False
591.7800 	EXP 	textStart: autoDraw = False
591.7800 	EXP 	movieGesture: autoDraw = False
591.7800 	EXP 	instructionImage: autoDraw = False
591.7800 	EXP 	actionCue: autoDraw = False
591.7800 	EXP 	instructionImage: image = 'images/speak_gesture1.png'
591.7800 	EXP 	actionCue: fillColor = <psychopy.colors.Color: red, alpha=1.0>
591.7800 	EXP 	actionCue: borderColor = <psychopy.colors.Color: red, alpha=1.0>
591.7800 	EXP 	iti: autoDraw = True
593.5799 	EXP 	iti: autoDraw = False
593.5799 	EXP 	textStart: autoDraw = True
594.5694 	INFO 	Movie playback /Users/sara-sofiagorriz/Documents/UPF Barcelona/Interactive Systems/cospeech-gesture/CoSpeech_congruency/videos/me_clip.mp4 started at 0.00 seconds
594.5748 	EXP 	textStart: autoDraw = False
594.5748 	EXP 	movieGesture: autoDraw = True
595.0716 	EXP 	Sound audioStimuli reached end of file
595.0880 	EXP 	Playing sound audioStimuli on speaker MacBook Pro-Lautsprecher
596.1133 	EXP 	Sound audioStimuli reached end of file
596.1216 	EXP 	Sound audioStimuli reached end of file
597.5765 	INFO 	Opening movie file: /Users/sara-sofiagorriz/Documents/UPF Barcelona/Interactive Systems/cospeech-gesture/CoSpeech_congruency/videos/me_clip.mp4
597.6793 	INFO 	Movie stopped: /Users/sara-sofiagorriz/Documents/UPF Barcelona/Interactive Systems/cospeech-gesture/CoSpeech_congruency/videos/me_clip.mp4
597.6842 	EXP 	movieGesture: autoDraw = False
597.6842 	EXP 	instructionImage: autoDraw = True
600.0675 	EXP 	Sound audioGoCue reached end of file
600.0841 	EXP 	Playing sound audioGoCue on speaker MacBook Pro-Lautsprecher
600.0807 	EXP 	instructionImage: autoDraw = False
600.0807 	EXP 	actionCue: autoDraw = True
601.0732 	EXP 	Sound audioGoCue stopped
603.5884 	EXP 	New trial (rep=0, index=28): <Trial 28 (28 in rep 0) data={'instructionType': 'speech', 'instructionSymbol': 'images/speak.png', 'action': 'go', 'stimText': '"falling"', 'stimVideo': 'videos/falling_clip.mp4', 'stimAudio': 'audios/falling.wav', 'movement': 'arm', 'congruency': 'congruent', 'thisN': 28, 'thisTrialN': 28, 'thisRepN': 0}>
603.5979 	INFO 	Opening movie file: /Users/sara-sofiagorriz/Documents/UPF Barcelona/Interactive Systems/cospeech-gesture/CoSpeech_congruency/videos/falling_clip.mp4
603.6916 	EXP 	audioStimuli: sampleRate = 44100
603.7002 	EXP 	audioGoCue: sampleRate = 44100
603.7081 	EXP 	actionCue: autoDraw = False
603.7081 	EXP 	iti: autoDraw = False
603.7081 	EXP 	textStart: autoDraw = False
603.7081 	EXP 	movieGesture: autoDraw = False
603.7081 	EXP 	instructionImage: autoDraw = False
603.7081 	EXP 	actionCue: autoDraw = False
603.7081 	EXP 	instructionImage: image = 'images/speak.png'
603.7081 	EXP 	actionCue: fillColor = <psychopy.colors.Color: green, alpha=1.0>
603.7081 	EXP 	actionCue: borderColor = <psychopy.colors.Color: green, alpha=1.0>
603.7081 	EXP 	iti: autoDraw = True
605.5758 	EXP 	iti: autoDraw = False
605.5758 	EXP 	textStart: autoDraw = True
606.5716 	INFO 	Movie playback /Users/sara-sofiagorriz/Documents/UPF Barcelona/Interactive Systems/cospeech-gesture/CoSpeech_congruency/videos/falling_clip.mp4 started at 0.00 seconds
606.5788 	EXP 	textStart: autoDraw = False
606.5788 	EXP 	movieGesture: autoDraw = True
607.0755 	EXP 	Sound audioStimuli reached end of file
607.0920 	EXP 	Playing sound audioStimuli on speaker MacBook Pro-Lautsprecher
608.1377 	EXP 	Sound audioStimuli reached end of file
608.1457 	EXP 	Sound audioStimuli reached end of file
609.5836 	INFO 	Opening movie file: /Users/sara-sofiagorriz/Documents/UPF Barcelona/Interactive Systems/cospeech-gesture/CoSpeech_congruency/videos/falling_clip.mp4
609.6699 	INFO 	Movie stopped: /Users/sara-sofiagorriz/Documents/UPF Barcelona/Interactive Systems/cospeech-gesture/CoSpeech_congruency/videos/falling_clip.mp4
609.6750 	EXP 	movieGesture: autoDraw = False
609.6750 	EXP 	instructionImage: autoDraw = True
612.0737 	EXP 	Sound audioGoCue reached end of file
612.0899 	EXP 	Playing sound audioGoCue on speaker MacBook Pro-Lautsprecher
612.0794 	EXP 	instructionImage: autoDraw = False
612.0794 	EXP 	actionCue: autoDraw = True
613.0783 	EXP 	Sound audioGoCue stopped
615.5922 	EXP 	New trial (rep=0, index=29): <Trial 29 (29 in rep 0) data={'instructionType': 'speech_gesture', 'instructionSymbol': 'images/speak_gesture1.png', 'action': 'go', 'stimText': '"rising"', 'stimVideo': 'videos/falling_clip.mp4', 'stimAudio': 'audios/rising.wav', 'movement': 'arm', 'congruency': 'incongruent', 'thisN': 29, 'thisTrialN': 29, 'thisRepN': 0}>
615.6043 	INFO 	Opening movie file: /Users/sara-sofiagorriz/Documents/UPF Barcelona/Interactive Systems/cospeech-gesture/CoSpeech_congruency/videos/falling_clip.mp4
615.6912 	EXP 	audioStimuli: sampleRate = 44100
615.7117 	EXP 	audioGoCue: sampleRate = 44100
615.7196 	EXP 	actionCue: autoDraw = False
615.7196 	EXP 	iti: autoDraw = False
615.7196 	EXP 	textStart: autoDraw = False
615.7196 	EXP 	movieGesture: autoDraw = False
615.7196 	EXP 	instructionImage: autoDraw = False
615.7196 	EXP 	actionCue: autoDraw = False
615.7196 	EXP 	instructionImage: image = 'images/speak_gesture1.png'
615.7196 	EXP 	actionCue: fillColor = <psychopy.colors.Color: green, alpha=1.0>
615.7196 	EXP 	actionCue: borderColor = <psychopy.colors.Color: green, alpha=1.0>
615.7196 	EXP 	iti: autoDraw = True
617.5803 	EXP 	iti: autoDraw = False
617.5803 	EXP 	textStart: autoDraw = True
618.5703 	INFO 	Movie playback /Users/sara-sofiagorriz/Documents/UPF Barcelona/Interactive Systems/cospeech-gesture/CoSpeech_congruency/videos/falling_clip.mp4 started at 0.00 seconds
618.5828 	EXP 	textStart: autoDraw = False
618.5828 	EXP 	movieGesture: autoDraw = True
619.0715 	EXP 	Sound audioStimuli reached end of file
619.0879 	EXP 	Playing sound audioStimuli on speaker MacBook Pro-Lautsprecher
620.1336 	EXP 	Sound audioStimuli reached end of file
620.1416 	EXP 	Sound audioStimuli reached end of file
621.5770 	INFO 	Opening movie file: /Users/sara-sofiagorriz/Documents/UPF Barcelona/Interactive Systems/cospeech-gesture/CoSpeech_congruency/videos/falling_clip.mp4
621.6687 	INFO 	Movie stopped: /Users/sara-sofiagorriz/Documents/UPF Barcelona/Interactive Systems/cospeech-gesture/CoSpeech_congruency/videos/falling_clip.mp4
621.6744 	EXP 	movieGesture: autoDraw = False
621.6744 	EXP 	instructionImage: autoDraw = True
624.0690 	EXP 	Sound audioGoCue reached end of file
624.0851 	EXP 	Playing sound audioGoCue on speaker MacBook Pro-Lautsprecher
624.0755 	EXP 	instructionImage: autoDraw = False
624.0755 	EXP 	actionCue: autoDraw = True
625.0762 	EXP 	Sound audioGoCue stopped
627.5884 	EXP 	New trial (rep=0, index=30): <Trial 30 (30 in rep 0) data={'instructionType': 'speech', 'instructionSymbol': 'images/speak.png', 'action': 'go', 'stimText': '"rising"', 'stimVideo': 'videos/falling_clip.mp4', 'stimAudio': 'audios/rising.wav', 'movement': 'arm', 'congruency': 'incongruent', 'thisN': 30, 'thisTrialN': 30, 'thisRepN': 0}>
627.6020 	INFO 	Opening movie file: /Users/sara-sofiagorriz/Documents/UPF Barcelona/Interactive Systems/cospeech-gesture/CoSpeech_congruency/videos/falling_clip.mp4
627.7081 	EXP 	audioStimuli: sampleRate = 44100
627.7169 	EXP 	audioGoCue: sampleRate = 44100
627.7249 	EXP 	actionCue: autoDraw = False
627.7249 	EXP 	iti: autoDraw = False
627.7249 	EXP 	textStart: autoDraw = False
627.7249 	EXP 	movieGesture: autoDraw = False
627.7249 	EXP 	instructionImage: autoDraw = False
627.7249 	EXP 	actionCue: autoDraw = False
627.7249 	EXP 	instructionImage: image = 'images/speak.png'
627.7249 	EXP 	actionCue: fillColor = <psychopy.colors.Color: green, alpha=1.0>
627.7249 	EXP 	actionCue: borderColor = <psychopy.colors.Color: green, alpha=1.0>
627.7249 	EXP 	iti: autoDraw = True
629.5780 	EXP 	iti: autoDraw = False
629.5780 	EXP 	textStart: autoDraw = True
630.5742 	INFO 	Movie playback /Users/sara-sofiagorriz/Documents/UPF Barcelona/Interactive Systems/cospeech-gesture/CoSpeech_congruency/videos/falling_clip.mp4 started at 0.00 seconds
630.5805 	EXP 	textStart: autoDraw = False
630.5805 	EXP 	movieGesture: autoDraw = True
631.0764 	EXP 	Sound audioStimuli reached end of file
631.0928 	EXP 	Playing sound audioStimuli on speaker MacBook Pro-Lautsprecher
632.1383 	EXP 	Sound audioStimuli reached end of file
632.1462 	EXP 	Sound audioStimuli reached end of file
633.5790 	INFO 	Opening movie file: /Users/sara-sofiagorriz/Documents/UPF Barcelona/Interactive Systems/cospeech-gesture/CoSpeech_congruency/videos/falling_clip.mp4
633.6902 	INFO 	Movie stopped: /Users/sara-sofiagorriz/Documents/UPF Barcelona/Interactive Systems/cospeech-gesture/CoSpeech_congruency/videos/falling_clip.mp4
633.6955 	EXP 	movieGesture: autoDraw = False
633.6955 	EXP 	instructionImage: autoDraw = True
636.0782 	EXP 	Sound audioGoCue reached end of file
636.0942 	EXP 	Playing sound audioGoCue on speaker MacBook Pro-Lautsprecher
636.0858 	EXP 	instructionImage: autoDraw = False
636.0858 	EXP 	actionCue: autoDraw = True
637.0841 	EXP 	Sound audioGoCue stopped
639.5943 	EXP 	New trial (rep=0, index=31): <Trial 31 (31 in rep 0) data={'instructionType': 'speech', 'instructionSymbol': 'images/speak.png', 'action': 'go', 'stimText': '"you"', 'stimVideo': 'videos/me_clip.mp4', 'stimAudio': 'audios/you.wav', 'movement': 'hand_wrist', 'congruency': 'incongruent', 'thisN': 31, 'thisTrialN': 31, 'thisRepN': 0}>
639.6029 	INFO 	Opening movie file: /Users/sara-sofiagorriz/Documents/UPF Barcelona/Interactive Systems/cospeech-gesture/CoSpeech_congruency/videos/me_clip.mp4
639.7422 	EXP 	audioStimuli: sampleRate = 44100
639.7512 	EXP 	audioGoCue: sampleRate = 44100
639.7607 	EXP 	actionCue: autoDraw = False
639.7607 	EXP 	iti: autoDraw = False
639.7607 	EXP 	textStart: autoDraw = False
639.7607 	EXP 	movieGesture: autoDraw = False
639.7607 	EXP 	instructionImage: autoDraw = False
639.7607 	EXP 	actionCue: autoDraw = False
639.7607 	EXP 	instructionImage: image = 'images/speak.png'
639.7607 	EXP 	actionCue: fillColor = <psychopy.colors.Color: green, alpha=1.0>
639.7607 	EXP 	actionCue: borderColor = <psychopy.colors.Color: green, alpha=1.0>
639.7607 	EXP 	iti: autoDraw = True
641.5785 	EXP 	iti: autoDraw = False
641.5785 	EXP 	textStart: autoDraw = True
642.5695 	INFO 	Movie playback /Users/sara-sofiagorriz/Documents/UPF Barcelona/Interactive Systems/cospeech-gesture/CoSpeech_congruency/videos/me_clip.mp4 started at 0.00 seconds
642.5749 	EXP 	textStart: autoDraw = False
642.5749 	EXP 	movieGesture: autoDraw = True
643.0719 	EXP 	Sound audioStimuli reached end of file
643.0883 	EXP 	Playing sound audioStimuli on speaker MacBook Pro-Lautsprecher
644.1341 	EXP 	Sound audioStimuli reached end of file
644.1420 	EXP 	Sound audioStimuli reached end of file
645.5726 	INFO 	Opening movie file: /Users/sara-sofiagorriz/Documents/UPF Barcelona/Interactive Systems/cospeech-gesture/CoSpeech_congruency/videos/me_clip.mp4
645.7063 	INFO 	Movie stopped: /Users/sara-sofiagorriz/Documents/UPF Barcelona/Interactive Systems/cospeech-gesture/CoSpeech_congruency/videos/me_clip.mp4
645.7114 	EXP 	movieGesture: autoDraw = False
645.7114 	EXP 	instructionImage: autoDraw = True
648.0686 	EXP 	Sound audioGoCue reached end of file
648.0843 	EXP 	Playing sound audioGoCue on speaker MacBook Pro-Lautsprecher
648.0759 	EXP 	instructionImage: autoDraw = False
648.0759 	EXP 	actionCue: autoDraw = True
649.0737 	EXP 	Sound audioGoCue stopped
651.5887 	EXP 	New trial (rep=0, index=32): <Trial 32 (32 in rep 0) data={'instructionType': 'speech', 'instructionSymbol': 'images/speak.png', 'action': 'go', 'stimText': '"falling"', 'stimVideo': 'videos/rising_clip.mp4', 'stimAudio': 'audios/falling.wav', 'movement': 'arm', 'congruency': 'incongruent', 'thisN': 32, 'thisTrialN': 32, 'thisRepN': 0}>
651.5961 	INFO 	Opening movie file: /Users/sara-sofiagorriz/Documents/UPF Barcelona/Interactive Systems/cospeech-gesture/CoSpeech_congruency/videos/rising_clip.mp4
652.0657 	EXP 	audioStimuli: sampleRate = 44100
652.0806 	EXP 	audioGoCue: sampleRate = 44100
652.0931 	EXP 	actionCue: autoDraw = False
652.0931 	EXP 	iti: autoDraw = False
652.0931 	EXP 	textStart: autoDraw = False
652.0931 	EXP 	movieGesture: autoDraw = False
652.0931 	EXP 	instructionImage: autoDraw = False
652.0931 	EXP 	actionCue: autoDraw = False
652.0931 	EXP 	instructionImage: image = 'images/speak.png'
652.0931 	EXP 	actionCue: fillColor = <psychopy.colors.Color: green, alpha=1.0>
652.0931 	EXP 	actionCue: borderColor = <psychopy.colors.Color: green, alpha=1.0>
652.0931 	EXP 	iti: autoDraw = True
653.5824 	EXP 	iti: autoDraw = False
653.5824 	EXP 	textStart: autoDraw = True
654.5685 	INFO 	Movie playback /Users/sara-sofiagorriz/Documents/UPF Barcelona/Interactive Systems/cospeech-gesture/CoSpeech_congruency/videos/rising_clip.mp4 started at 0.00 seconds
654.5778 	EXP 	textStart: autoDraw = False
654.5778 	EXP 	movieGesture: autoDraw = True
655.0694 	EXP 	Sound audioStimuli reached end of file
655.0857 	EXP 	Playing sound audioStimuli on speaker MacBook Pro-Lautsprecher
656.1311 	EXP 	Sound audioStimuli reached end of file
656.1390 	EXP 	Sound audioStimuli reached end of file
657.2812 	INFO 	Opening movie file: /Users/sara-sofiagorriz/Documents/UPF Barcelona/Interactive Systems/cospeech-gesture/CoSpeech_congruency/videos/rising_clip.mp4
657.4258 	INFO 	Movie stopped: /Users/sara-sofiagorriz/Documents/UPF Barcelona/Interactive Systems/cospeech-gesture/CoSpeech_congruency/videos/rising_clip.mp4
657.4303 	EXP 	movieGesture: autoDraw = False
657.5765 	EXP 	instructionImage: autoDraw = True
660.0705 	EXP 	Sound audioGoCue reached end of file
660.0870 	EXP 	Playing sound audioGoCue on speaker MacBook Pro-Lautsprecher
660.0754 	EXP 	instructionImage: autoDraw = False
660.0754 	EXP 	actionCue: autoDraw = True
661.0762 	EXP 	Sound audioGoCue stopped
663.5888 	EXP 	New trial (rep=0, index=33): <Trial 33 (33 in rep 0) data={'instructionType': 'speech', 'instructionSymbol': 'images/speak.png', 'action': 'go', 'stimText': '"me"', 'stimVideo': 'videos/you_clip.mp4', 'stimAudio': 'audios/me.wav', 'movement': 'hand_wrist', 'congruency': 'incongruent', 'thisN': 33, 'thisTrialN': 33, 'thisRepN': 0}>
663.5945 	INFO 	Opening movie file: /Users/sara-sofiagorriz/Documents/UPF Barcelona/Interactive Systems/cospeech-gesture/CoSpeech_congruency/videos/you_clip.mp4
663.7284 	EXP 	audioStimuli: sampleRate = 44100
663.7359 	EXP 	audioGoCue: sampleRate = 44100
663.7440 	EXP 	actionCue: autoDraw = False
663.7440 	EXP 	iti: autoDraw = False
663.7440 	EXP 	textStart: autoDraw = False
663.7440 	EXP 	movieGesture: autoDraw = False
663.7440 	EXP 	instructionImage: autoDraw = False
663.7440 	EXP 	actionCue: autoDraw = False
663.7440 	EXP 	instructionImage: image = 'images/speak.png'
663.7440 	EXP 	actionCue: fillColor = <psychopy.colors.Color: green, alpha=1.0>
663.7440 	EXP 	actionCue: borderColor = <psychopy.colors.Color: green, alpha=1.0>
663.7440 	EXP 	iti: autoDraw = True
665.5812 	EXP 	iti: autoDraw = False
665.5812 	EXP 	textStart: autoDraw = True
666.5755 	INFO 	Movie playback /Users/sara-sofiagorriz/Documents/UPF Barcelona/Interactive Systems/cospeech-gesture/CoSpeech_congruency/videos/you_clip.mp4 started at 0.00 seconds
666.5894 	EXP 	textStart: autoDraw = False
666.5894 	EXP 	movieGesture: autoDraw = True
667.0718 	EXP 	Sound audioStimuli reached end of file
667.0882 	EXP 	Playing sound audioStimuli on speaker MacBook Pro-Lautsprecher
668.1137 	EXP 	Sound audioStimuli reached end of file
668.1222 	EXP 	Sound audioStimuli reached end of file
669.5531 	INFO 	Opening movie file: /Users/sara-sofiagorriz/Documents/UPF Barcelona/Interactive Systems/cospeech-gesture/CoSpeech_congruency/videos/you_clip.mp4
669.6979 	INFO 	Movie stopped: /Users/sara-sofiagorriz/Documents/UPF Barcelona/Interactive Systems/cospeech-gesture/CoSpeech_congruency/videos/you_clip.mp4
669.7024 	EXP 	movieGesture: autoDraw = False
669.7067 	EXP 	instructionImage: autoDraw = True
672.0679 	EXP 	Sound audioGoCue reached end of file
672.0842 	EXP 	Playing sound audioGoCue on speaker MacBook Pro-Lautsprecher
672.0720 	EXP 	instructionImage: autoDraw = False
672.0720 	EXP 	actionCue: autoDraw = True
673.0716 	EXP 	Sound audioGoCue stopped
675.5883 	EXP 	New trial (rep=0, index=34): <Trial 34 (34 in rep 0) data={'instructionType': 'speech', 'instructionSymbol': 'images/speak.png', 'action': 'go', 'stimText': '"me"', 'stimVideo': 'videos/me_clip.mp4', 'stimAudio': 'audios/me.wav', 'movement': 'hand_wrist', 'congruency': 'congruent', 'thisN': 34, 'thisTrialN': 34, 'thisRepN': 0}>
675.5955 	INFO 	Opening movie file: /Users/sara-sofiagorriz/Documents/UPF Barcelona/Interactive Systems/cospeech-gesture/CoSpeech_congruency/videos/me_clip.mp4
675.7356 	EXP 	audioStimuli: sampleRate = 44100
675.7433 	EXP 	audioGoCue: sampleRate = 44100
675.7512 	EXP 	actionCue: autoDraw = False
675.7512 	EXP 	iti: autoDraw = False
675.7512 	EXP 	textStart: autoDraw = False
675.7512 	EXP 	movieGesture: autoDraw = False
675.7512 	EXP 	instructionImage: autoDraw = False
675.7512 	EXP 	actionCue: autoDraw = False
675.7512 	EXP 	instructionImage: image = 'images/speak.png'
675.7512 	EXP 	actionCue: fillColor = <psychopy.colors.Color: green, alpha=1.0>
675.7512 	EXP 	actionCue: borderColor = <psychopy.colors.Color: green, alpha=1.0>
675.7512 	EXP 	iti: autoDraw = True
677.5816 	EXP 	iti: autoDraw = False
677.5816 	EXP 	textStart: autoDraw = True
678.5773 	INFO 	Movie playback /Users/sara-sofiagorriz/Documents/UPF Barcelona/Interactive Systems/cospeech-gesture/CoSpeech_congruency/videos/me_clip.mp4 started at 0.00 seconds
678.5842 	EXP 	textStart: autoDraw = False
678.5842 	EXP 	movieGesture: autoDraw = True
679.0719 	EXP 	Sound audioStimuli reached end of file
679.0882 	EXP 	Playing sound audioStimuli on speaker MacBook Pro-Lautsprecher
680.1137 	EXP 	Sound audioStimuli reached end of file
680.1221 	EXP 	Sound audioStimuli reached end of file
681.5776 	INFO 	Opening movie file: /Users/sara-sofiagorriz/Documents/UPF Barcelona/Interactive Systems/cospeech-gesture/CoSpeech_congruency/videos/me_clip.mp4
681.7058 	INFO 	Movie stopped: /Users/sara-sofiagorriz/Documents/UPF Barcelona/Interactive Systems/cospeech-gesture/CoSpeech_congruency/videos/me_clip.mp4
681.7109 	EXP 	movieGesture: autoDraw = False
681.7109 	EXP 	instructionImage: autoDraw = True
684.0749 	EXP 	Sound audioGoCue reached end of file
684.0911 	EXP 	Playing sound audioGoCue on speaker MacBook Pro-Lautsprecher
684.0815 	EXP 	instructionImage: autoDraw = False
684.0815 	EXP 	actionCue: autoDraw = True
685.0878 	EXP 	Sound audioGoCue stopped
687.5860 	EXP 	New trial (rep=0, index=35): <Trial 35 (35 in rep 0) data={'instructionType': 'gesture', 'instructionSymbol': 'images/hand.png', 'action': 'go', 'stimText': '"you"', 'stimVideo': 'videos/me_clip.mp4', 'stimAudio': 'audios/you.wav', 'movement': 'hand_wrist', 'congruency': 'incongruent', 'thisN': 35, 'thisTrialN': 35, 'thisRepN': 0}>
687.5978 	INFO 	Opening movie file: /Users/sara-sofiagorriz/Documents/UPF Barcelona/Interactive Systems/cospeech-gesture/CoSpeech_congruency/videos/me_clip.mp4
687.7376 	EXP 	audioStimuli: sampleRate = 44100
687.7469 	EXP 	audioGoCue: sampleRate = 44100
687.7554 	EXP 	actionCue: autoDraw = False
687.7554 	EXP 	iti: autoDraw = False
687.7554 	EXP 	textStart: autoDraw = False
687.7554 	EXP 	movieGesture: autoDraw = False
687.7554 	EXP 	instructionImage: autoDraw = False
687.7554 	EXP 	actionCue: autoDraw = False
687.7554 	EXP 	instructionImage: image = 'images/hand.png'
687.7554 	EXP 	actionCue: fillColor = <psychopy.colors.Color: green, alpha=1.0>
687.7554 	EXP 	actionCue: borderColor = <psychopy.colors.Color: green, alpha=1.0>
687.7554 	EXP 	iti: autoDraw = True
689.5757 	EXP 	iti: autoDraw = False
689.5757 	EXP 	textStart: autoDraw = True
690.5701 	INFO 	Movie playback /Users/sara-sofiagorriz/Documents/UPF Barcelona/Interactive Systems/cospeech-gesture/CoSpeech_congruency/videos/me_clip.mp4 started at 0.00 seconds
690.5795 	EXP 	textStart: autoDraw = False
690.5795 	EXP 	movieGesture: autoDraw = True
691.0678 	EXP 	Sound audioStimuli reached end of file
691.0841 	EXP 	Playing sound audioStimuli on speaker MacBook Pro-Lautsprecher
692.1298 	EXP 	Sound audioStimuli reached end of file
692.1377 	EXP 	Sound audioStimuli reached end of file
693.5720 	INFO 	Opening movie file: /Users/sara-sofiagorriz/Documents/UPF Barcelona/Interactive Systems/cospeech-gesture/CoSpeech_congruency/videos/me_clip.mp4
693.7129 	INFO 	Movie stopped: /Users/sara-sofiagorriz/Documents/UPF Barcelona/Interactive Systems/cospeech-gesture/CoSpeech_congruency/videos/me_clip.mp4
693.7224 	EXP 	movieGesture: autoDraw = False
693.7224 	EXP 	instructionImage: autoDraw = True
696.0803 	EXP 	Sound audioGoCue reached end of file
696.0964 	EXP 	Playing sound audioGoCue on speaker MacBook Pro-Lautsprecher
696.0846 	EXP 	instructionImage: autoDraw = False
696.0846 	EXP 	actionCue: autoDraw = True
697.0863 	EXP 	Sound audioGoCue stopped
699.5951 	EXP 	New trial (rep=0, index=36): <Trial 36 (36 in rep 0) data={'instructionType': 'speech_gesture', 'instructionSymbol': 'images/speak_gesture1.png', 'action': 'go', 'stimText': '"you"', 'stimVideo': 'videos/you_clip.mp4', 'stimAudio': 'audios/you.wav', 'movement': 'hand_wrist', 'congruency': 'congruent', 'thisN': 36, 'thisTrialN': 36, 'thisRepN': 0}>
699.6077 	INFO 	Opening movie file: /Users/sara-sofiagorriz/Documents/UPF Barcelona/Interactive Systems/cospeech-gesture/CoSpeech_congruency/videos/you_clip.mp4
699.7454 	EXP 	audioStimuli: sampleRate = 44100
699.7698 	EXP 	audioGoCue: sampleRate = 44100
699.7789 	EXP 	actionCue: autoDraw = False
699.7789 	EXP 	iti: autoDraw = False
699.7789 	EXP 	textStart: autoDraw = False
699.7789 	EXP 	movieGesture: autoDraw = False
699.7789 	EXP 	instructionImage: autoDraw = False
699.7789 	EXP 	actionCue: autoDraw = False
699.7789 	EXP 	instructionImage: image = 'images/speak_gesture1.png'
699.7789 	EXP 	actionCue: fillColor = <psychopy.colors.Color: green, alpha=1.0>
699.7789 	EXP 	actionCue: borderColor = <psychopy.colors.Color: green, alpha=1.0>
699.7789 	EXP 	iti: autoDraw = True
701.5791 	EXP 	iti: autoDraw = False
701.5791 	EXP 	textStart: autoDraw = True
702.5747 	INFO 	Movie playback /Users/sara-sofiagorriz/Documents/UPF Barcelona/Interactive Systems/cospeech-gesture/CoSpeech_congruency/videos/you_clip.mp4 started at 0.00 seconds
702.5812 	EXP 	textStart: autoDraw = False
702.5812 	EXP 	movieGesture: autoDraw = True
703.0725 	EXP 	Sound audioStimuli reached end of file
703.0889 	EXP 	Playing sound audioStimuli on speaker MacBook Pro-Lautsprecher
704.1347 	EXP 	Sound audioStimuli reached end of file
704.1427 	EXP 	Sound audioStimuli reached end of file
705.5492 	INFO 	Opening movie file: /Users/sara-sofiagorriz/Documents/UPF Barcelona/Interactive Systems/cospeech-gesture/CoSpeech_congruency/videos/you_clip.mp4
705.6976 	INFO 	Movie stopped: /Users/sara-sofiagorriz/Documents/UPF Barcelona/Interactive Systems/cospeech-gesture/CoSpeech_congruency/videos/you_clip.mp4
705.7022 	EXP 	movieGesture: autoDraw = False
705.7078 	EXP 	instructionImage: autoDraw = True
708.0693 	EXP 	Sound audioGoCue reached end of file
708.0848 	EXP 	Playing sound audioGoCue on speaker MacBook Pro-Lautsprecher
708.0759 	EXP 	instructionImage: autoDraw = False
708.0759 	EXP 	actionCue: autoDraw = True
709.0807 	EXP 	Sound audioGoCue stopped
711.5901 	EXP 	New trial (rep=0, index=37): <Trial 37 (37 in rep 0) data={'instructionType': 'gesture', 'instructionSymbol': 'images/hand.png', 'action': 'go', 'stimText': '"me"', 'stimVideo': 'videos/me_clip.mp4', 'stimAudio': 'audios/me.wav', 'movement': 'hand_wrist', 'congruency': 'congruent', 'thisN': 37, 'thisTrialN': 37, 'thisRepN': 0}>
711.5956 	INFO 	Opening movie file: /Users/sara-sofiagorriz/Documents/UPF Barcelona/Interactive Systems/cospeech-gesture/CoSpeech_congruency/videos/me_clip.mp4
711.7214 	EXP 	audioStimuli: sampleRate = 44100
711.7319 	EXP 	audioGoCue: sampleRate = 44100
711.7412 	EXP 	actionCue: autoDraw = False
711.7412 	EXP 	iti: autoDraw = False
711.7412 	EXP 	textStart: autoDraw = False
711.7412 	EXP 	movieGesture: autoDraw = False
711.7412 	EXP 	instructionImage: autoDraw = False
711.7412 	EXP 	actionCue: autoDraw = False
711.7412 	EXP 	instructionImage: image = 'images/hand.png'
711.7412 	EXP 	actionCue: fillColor = <psychopy.colors.Color: green, alpha=1.0>
711.7412 	EXP 	actionCue: borderColor = <psychopy.colors.Color: green, alpha=1.0>
711.7412 	EXP 	iti: autoDraw = True
713.5797 	EXP 	iti: autoDraw = False
713.5797 	EXP 	textStart: autoDraw = True
714.5728 	INFO 	Movie playback /Users/sara-sofiagorriz/Documents/UPF Barcelona/Interactive Systems/cospeech-gesture/CoSpeech_congruency/videos/me_clip.mp4 started at 0.00 seconds
714.5818 	EXP 	textStart: autoDraw = False
714.5818 	EXP 	movieGesture: autoDraw = True
715.0724 	EXP 	Sound audioStimuli reached end of file
715.0888 	EXP 	Playing sound audioStimuli on speaker MacBook Pro-Lautsprecher
716.1137 	EXP 	Sound audioStimuli reached end of file
716.1221 	EXP 	Sound audioStimuli reached end of file
717.5821 	INFO 	Opening movie file: /Users/sara-sofiagorriz/Documents/UPF Barcelona/Interactive Systems/cospeech-gesture/CoSpeech_congruency/videos/me_clip.mp4
717.6934 	INFO 	Movie stopped: /Users/sara-sofiagorriz/Documents/UPF Barcelona/Interactive Systems/cospeech-gesture/CoSpeech_congruency/videos/me_clip.mp4
717.6987 	EXP 	movieGesture: autoDraw = False
717.6987 	EXP 	instructionImage: autoDraw = True
720.0683 	EXP 	Sound audioGoCue reached end of file
720.0849 	EXP 	Playing sound audioGoCue on speaker MacBook Pro-Lautsprecher
720.0832 	EXP 	instructionImage: autoDraw = False
720.0832 	EXP 	actionCue: autoDraw = True
721.0749 	EXP 	Sound audioGoCue stopped
723.5934 	EXP 	New trial (rep=0, index=38): <Trial 38 (38 in rep 0) data={'instructionType': 'speech', 'instructionSymbol': 'images/speak.png', 'action': 'go', 'stimText': '"falling"', 'stimVideo': 'videos/rising_clip.mp4', 'stimAudio': 'audios/falling.wav', 'movement': 'arm', 'congruency': 'incongruent', 'thisN': 38, 'thisTrialN': 38, 'thisRepN': 0}>
723.6042 	INFO 	Opening movie file: /Users/sara-sofiagorriz/Documents/UPF Barcelona/Interactive Systems/cospeech-gesture/CoSpeech_congruency/videos/rising_clip.mp4
723.7469 	EXP 	audioStimuli: sampleRate = 44100
723.7547 	EXP 	audioGoCue: sampleRate = 44100
723.7631 	EXP 	actionCue: autoDraw = False
723.7631 	EXP 	iti: autoDraw = False
723.7631 	EXP 	textStart: autoDraw = False
723.7631 	EXP 	movieGesture: autoDraw = False
723.7631 	EXP 	instructionImage: autoDraw = False
723.7631 	EXP 	actionCue: autoDraw = False
723.7631 	EXP 	instructionImage: image = 'images/speak.png'
723.7631 	EXP 	actionCue: fillColor = <psychopy.colors.Color: green, alpha=1.0>
723.7631 	EXP 	actionCue: borderColor = <psychopy.colors.Color: green, alpha=1.0>
723.7631 	EXP 	iti: autoDraw = True
725.5786 	EXP 	iti: autoDraw = False
725.5786 	EXP 	textStart: autoDraw = True
726.5716 	INFO 	Movie playback /Users/sara-sofiagorriz/Documents/UPF Barcelona/Interactive Systems/cospeech-gesture/CoSpeech_congruency/videos/rising_clip.mp4 started at 0.00 seconds
726.5838 	EXP 	textStart: autoDraw = False
726.5838 	EXP 	movieGesture: autoDraw = True
727.0691 	EXP 	Sound audioStimuli reached end of file
727.0854 	EXP 	Playing sound audioStimuli on speaker MacBook Pro-Lautsprecher
728.1343 	EXP 	Sound audioStimuli reached end of file
728.1425 	EXP 	Sound audioStimuli reached end of file
729.2751 	INFO 	Opening movie file: /Users/sara-sofiagorriz/Documents/UPF Barcelona/Interactive Systems/cospeech-gesture/CoSpeech_congruency/videos/rising_clip.mp4
729.3999 	INFO 	Movie stopped: /Users/sara-sofiagorriz/Documents/UPF Barcelona/Interactive Systems/cospeech-gesture/CoSpeech_congruency/videos/rising_clip.mp4
729.4045 	EXP 	movieGesture: autoDraw = False
729.5753 	EXP 	instructionImage: autoDraw = True
732.0729 	EXP 	Sound audioGoCue reached end of file
732.0886 	EXP 	Playing sound audioGoCue on speaker MacBook Pro-Lautsprecher
732.0816 	EXP 	instructionImage: autoDraw = False
732.0816 	EXP 	actionCue: autoDraw = True
733.0783 	EXP 	Sound audioGoCue stopped
735.5862 	EXP 	New trial (rep=0, index=39): <Trial 39 (39 in rep 0) data={'instructionType': 'speech', 'instructionSymbol': 'images/speak.png', 'action': 'go', 'stimText': '"you"', 'stimVideo': 'videos/you_clip.mp4', 'stimAudio': 'audios/you.wav', 'movement': 'hand_wrist', 'congruency': 'congruent', 'thisN': 39, 'thisTrialN': 39, 'thisRepN': 0}>
735.6013 	INFO 	Opening movie file: /Users/sara-sofiagorriz/Documents/UPF Barcelona/Interactive Systems/cospeech-gesture/CoSpeech_congruency/videos/you_clip.mp4
735.7407 	EXP 	audioStimuli: sampleRate = 44100
735.7505 	EXP 	audioGoCue: sampleRate = 44100
735.7594 	EXP 	actionCue: autoDraw = False
735.7594 	EXP 	iti: autoDraw = False
735.7594 	EXP 	textStart: autoDraw = False
735.7594 	EXP 	movieGesture: autoDraw = False
735.7594 	EXP 	instructionImage: autoDraw = False
735.7594 	EXP 	actionCue: autoDraw = False
735.7594 	EXP 	instructionImage: image = 'images/speak.png'
735.7594 	EXP 	actionCue: fillColor = <psychopy.colors.Color: green, alpha=1.0>
735.7594 	EXP 	actionCue: borderColor = <psychopy.colors.Color: green, alpha=1.0>
735.7594 	EXP 	iti: autoDraw = True
737.5805 	EXP 	iti: autoDraw = False
737.5805 	EXP 	textStart: autoDraw = True
738.5681 	INFO 	Movie playback /Users/sara-sofiagorriz/Documents/UPF Barcelona/Interactive Systems/cospeech-gesture/CoSpeech_congruency/videos/you_clip.mp4 started at 0.00 seconds
738.5765 	EXP 	textStart: autoDraw = False
738.5765 	EXP 	movieGesture: autoDraw = True
739.0755 	EXP 	Sound audioStimuli reached end of file
739.0918 	EXP 	Playing sound audioStimuli on speaker MacBook Pro-Lautsprecher
740.1376 	EXP 	Sound audioStimuli reached end of file
740.1459 	EXP 	Sound audioStimuli reached end of file
741.5409 	INFO 	Opening movie file: /Users/sara-sofiagorriz/Documents/UPF Barcelona/Interactive Systems/cospeech-gesture/CoSpeech_congruency/videos/you_clip.mp4
741.7784 	INFO 	Movie stopped: /Users/sara-sofiagorriz/Documents/UPF Barcelona/Interactive Systems/cospeech-gesture/CoSpeech_congruency/videos/you_clip.mp4
741.7829 	EXP 	movieGesture: autoDraw = False
741.7867 	EXP 	instructionImage: autoDraw = True
744.0738 	EXP 	Sound audioGoCue reached end of file
744.0899 	EXP 	Playing sound audioGoCue on speaker MacBook Pro-Lautsprecher
744.0833 	EXP 	instructionImage: autoDraw = False
744.0833 	EXP 	actionCue: autoDraw = True
745.0850 	EXP 	Sound audioGoCue stopped
747.5859 	EXP 	New trial (rep=0, index=40): <Trial 40 (40 in rep 0) data={'instructionType': 'speech_gesture', 'instructionSymbol': 'images/speak_gesture1.png', 'action': 'go', 'stimText': '"you"', 'stimVideo': 'videos/me_clip.mp4', 'stimAudio': 'audios/you.wav', 'movement': 'hand_wrist', 'congruency': 'incongruent', 'thisN': 40, 'thisTrialN': 40, 'thisRepN': 0}>
747.5928 	INFO 	Opening movie file: /Users/sara-sofiagorriz/Documents/UPF Barcelona/Interactive Systems/cospeech-gesture/CoSpeech_congruency/videos/me_clip.mp4
747.7302 	EXP 	audioStimuli: sampleRate = 44100
747.7608 	EXP 	audioGoCue: sampleRate = 44100
747.7737 	EXP 	actionCue: autoDraw = False
747.7737 	EXP 	iti: autoDraw = False
747.7737 	EXP 	textStart: autoDraw = False
747.7737 	EXP 	movieGesture: autoDraw = False
747.7737 	EXP 	instructionImage: autoDraw = False
747.7737 	EXP 	actionCue: autoDraw = False
747.7737 	EXP 	instructionImage: image = 'images/speak_gesture1.png'
747.7737 	EXP 	actionCue: fillColor = <psychopy.colors.Color: green, alpha=1.0>
747.7737 	EXP 	actionCue: borderColor = <psychopy.colors.Color: green, alpha=1.0>
747.7737 	EXP 	iti: autoDraw = True
749.5818 	EXP 	iti: autoDraw = False
749.5818 	EXP 	textStart: autoDraw = True
750.5771 	INFO 	Movie playback /Users/sara-sofiagorriz/Documents/UPF Barcelona/Interactive Systems/cospeech-gesture/CoSpeech_congruency/videos/me_clip.mp4 started at 0.00 seconds
750.5847 	EXP 	textStart: autoDraw = False
750.5847 	EXP 	movieGesture: autoDraw = True
751.0692 	EXP 	Sound audioStimuli reached end of file
751.0855 	EXP 	Playing sound audioStimuli on speaker MacBook Pro-Lautsprecher
752.1311 	EXP 	Sound audioStimuli reached end of file
752.1382 	EXP 	Sound audioStimuli reached end of file
753.5814 	INFO 	Opening movie file: /Users/sara-sofiagorriz/Documents/UPF Barcelona/Interactive Systems/cospeech-gesture/CoSpeech_congruency/videos/me_clip.mp4
753.7213 	INFO 	Movie stopped: /Users/sara-sofiagorriz/Documents/UPF Barcelona/Interactive Systems/cospeech-gesture/CoSpeech_congruency/videos/me_clip.mp4
753.7297 	EXP 	movieGesture: autoDraw = False
753.7297 	EXP 	instructionImage: autoDraw = True
756.0727 	EXP 	Sound audioGoCue reached end of file
756.0888 	EXP 	Playing sound audioGoCue on speaker MacBook Pro-Lautsprecher
756.0800 	EXP 	instructionImage: autoDraw = False
756.0800 	EXP 	actionCue: autoDraw = True
757.0820 	EXP 	Sound audioGoCue stopped
759.5850 	EXP 	New trial (rep=0, index=41): <Trial 41 (41 in rep 0) data={'instructionType': 'speech', 'instructionSymbol': 'images/speak.png', 'action': 'go', 'stimText': '"you"', 'stimVideo': 'videos/me_clip.mp4', 'stimAudio': 'audios/you.wav', 'movement': 'hand_wrist', 'congruency': 'incongruent', 'thisN': 41, 'thisTrialN': 41, 'thisRepN': 0}>
759.5906 	INFO 	Opening movie file: /Users/sara-sofiagorriz/Documents/UPF Barcelona/Interactive Systems/cospeech-gesture/CoSpeech_congruency/videos/me_clip.mp4
759.7312 	EXP 	audioStimuli: sampleRate = 44100
759.7409 	EXP 	audioGoCue: sampleRate = 44100
759.7489 	EXP 	actionCue: autoDraw = False
759.7489 	EXP 	iti: autoDraw = False
759.7489 	EXP 	textStart: autoDraw = False
759.7489 	EXP 	movieGesture: autoDraw = False
759.7489 	EXP 	instructionImage: autoDraw = False
759.7489 	EXP 	actionCue: autoDraw = False
759.7489 	EXP 	instructionImage: image = 'images/speak.png'
759.7489 	EXP 	actionCue: fillColor = <psychopy.colors.Color: green, alpha=1.0>
759.7489 	EXP 	actionCue: borderColor = <psychopy.colors.Color: green, alpha=1.0>
759.7489 	EXP 	iti: autoDraw = True
761.5784 	EXP 	iti: autoDraw = False
761.5784 	EXP 	textStart: autoDraw = True
762.5688 	INFO 	Movie playback /Users/sara-sofiagorriz/Documents/UPF Barcelona/Interactive Systems/cospeech-gesture/CoSpeech_congruency/videos/me_clip.mp4 started at 0.00 seconds
762.5766 	EXP 	textStart: autoDraw = False
762.5766 	EXP 	movieGesture: autoDraw = True
763.0680 	EXP 	Sound audioStimuli reached end of file
763.0844 	EXP 	Playing sound audioStimuli on speaker MacBook Pro-Lautsprecher
764.1300 	EXP 	Sound audioStimuli reached end of file
764.1378 	EXP 	Sound audioStimuli reached end of file
765.5741 	INFO 	Opening movie file: /Users/sara-sofiagorriz/Documents/UPF Barcelona/Interactive Systems/cospeech-gesture/CoSpeech_congruency/videos/me_clip.mp4
765.7136 	INFO 	Movie stopped: /Users/sara-sofiagorriz/Documents/UPF Barcelona/Interactive Systems/cospeech-gesture/CoSpeech_congruency/videos/me_clip.mp4
765.7185 	EXP 	movieGesture: autoDraw = False
765.7185 	EXP 	instructionImage: autoDraw = True
768.0776 	EXP 	Sound audioGoCue reached end of file
768.0940 	EXP 	Playing sound audioGoCue on speaker MacBook Pro-Lautsprecher
768.0817 	EXP 	instructionImage: autoDraw = False
768.0817 	EXP 	actionCue: autoDraw = True
769.0898 	EXP 	Sound audioGoCue stopped
771.5849 	EXP 	New trial (rep=0, index=42): <Trial 42 (42 in rep 0) data={'instructionType': 'gesture', 'instructionSymbol': 'images/hand.png', 'action': 'go', 'stimText': '"rising"', 'stimVideo': 'videos/falling_clip.mp4', 'stimAudio': 'audios/rising.wav', 'movement': 'arm', 'congruency': 'incongruent', 'thisN': 42, 'thisTrialN': 42, 'thisRepN': 0}>
771.5912 	INFO 	Opening movie file: /Users/sara-sofiagorriz/Documents/UPF Barcelona/Interactive Systems/cospeech-gesture/CoSpeech_congruency/videos/falling_clip.mp4
771.7025 	EXP 	audioStimuli: sampleRate = 44100
771.7117 	EXP 	audioGoCue: sampleRate = 44100
771.7225 	EXP 	actionCue: autoDraw = False
771.7225 	EXP 	iti: autoDraw = False
771.7225 	EXP 	textStart: autoDraw = False
771.7225 	EXP 	movieGesture: autoDraw = False
771.7225 	EXP 	instructionImage: autoDraw = False
771.7225 	EXP 	actionCue: autoDraw = False
771.7225 	EXP 	instructionImage: image = 'images/hand.png'
771.7225 	EXP 	actionCue: fillColor = <psychopy.colors.Color: green, alpha=1.0>
771.7225 	EXP 	actionCue: borderColor = <psychopy.colors.Color: green, alpha=1.0>
771.7225 	EXP 	iti: autoDraw = True
773.5801 	EXP 	iti: autoDraw = False
773.5801 	EXP 	textStart: autoDraw = True
774.5718 	INFO 	Movie playback /Users/sara-sofiagorriz/Documents/UPF Barcelona/Interactive Systems/cospeech-gesture/CoSpeech_congruency/videos/falling_clip.mp4 started at 0.00 seconds
774.5826 	EXP 	textStart: autoDraw = False
774.5826 	EXP 	movieGesture: autoDraw = True
775.0726 	EXP 	Sound audioStimuli reached end of file
775.0891 	EXP 	Playing sound audioStimuli on speaker MacBook Pro-Lautsprecher
776.1349 	EXP 	Sound audioStimuli reached end of file
776.1429 	EXP 	Sound audioStimuli reached end of file
777.5737 	INFO 	Opening movie file: /Users/sara-sofiagorriz/Documents/UPF Barcelona/Interactive Systems/cospeech-gesture/CoSpeech_congruency/videos/falling_clip.mp4
777.6744 	INFO 	Movie stopped: /Users/sara-sofiagorriz/Documents/UPF Barcelona/Interactive Systems/cospeech-gesture/CoSpeech_congruency/videos/falling_clip.mp4
777.6796 	EXP 	movieGesture: autoDraw = False
777.6796 	EXP 	instructionImage: autoDraw = True
780.0697 	EXP 	Sound audioGoCue reached end of file
780.0858 	EXP 	Playing sound audioGoCue on speaker MacBook Pro-Lautsprecher
780.0766 	EXP 	instructionImage: autoDraw = False
780.0766 	EXP 	actionCue: autoDraw = True
781.0737 	EXP 	Sound audioGoCue stopped
783.5973 	EXP 	New trial (rep=0, index=43): <Trial 43 (43 in rep 0) data={'instructionType': 'speech', 'instructionSymbol': 'images/speak.png', 'action': 'go', 'stimText': '"me"', 'stimVideo': 'videos/you_clip.mp4', 'stimAudio': 'audios/me.wav', 'movement': 'hand_wrist', 'congruency': 'incongruent', 'thisN': 43, 'thisTrialN': 43, 'thisRepN': 0}>
783.6054 	INFO 	Opening movie file: /Users/sara-sofiagorriz/Documents/UPF Barcelona/Interactive Systems/cospeech-gesture/CoSpeech_congruency/videos/you_clip.mp4
783.7544 	EXP 	audioStimuli: sampleRate = 44100
783.7616 	EXP 	audioGoCue: sampleRate = 44100
783.7700 	EXP 	actionCue: autoDraw = False
783.7700 	EXP 	iti: autoDraw = False
783.7700 	EXP 	textStart: autoDraw = False
783.7700 	EXP 	movieGesture: autoDraw = False
783.7700 	EXP 	instructionImage: autoDraw = False
783.7700 	EXP 	actionCue: autoDraw = False
783.7700 	EXP 	instructionImage: image = 'images/speak.png'
783.7700 	EXP 	actionCue: fillColor = <psychopy.colors.Color: green, alpha=1.0>
783.7700 	EXP 	actionCue: borderColor = <psychopy.colors.Color: green, alpha=1.0>
783.7700 	EXP 	iti: autoDraw = True
785.5788 	EXP 	iti: autoDraw = False
785.5788 	EXP 	textStart: autoDraw = True
786.5763 	INFO 	Movie playback /Users/sara-sofiagorriz/Documents/UPF Barcelona/Interactive Systems/cospeech-gesture/CoSpeech_congruency/videos/you_clip.mp4 started at 0.00 seconds
786.5837 	EXP 	textStart: autoDraw = False
786.5837 	EXP 	movieGesture: autoDraw = True
787.0722 	EXP 	Sound audioStimuli reached end of file
787.0887 	EXP 	Playing sound audioStimuli on speaker MacBook Pro-Lautsprecher
788.1138 	EXP 	Sound audioStimuli reached end of file
788.1221 	EXP 	Sound audioStimuli reached end of file
789.5444 	INFO 	Opening movie file: /Users/sara-sofiagorriz/Documents/UPF Barcelona/Interactive Systems/cospeech-gesture/CoSpeech_congruency/videos/you_clip.mp4
789.6847 	INFO 	Movie stopped: /Users/sara-sofiagorriz/Documents/UPF Barcelona/Interactive Systems/cospeech-gesture/CoSpeech_congruency/videos/you_clip.mp4
789.6892 	EXP 	movieGesture: autoDraw = False
789.6932 	EXP 	instructionImage: autoDraw = True
792.0729 	EXP 	Sound audioGoCue reached end of file
792.0886 	EXP 	Playing sound audioGoCue on speaker MacBook Pro-Lautsprecher
792.0801 	EXP 	instructionImage: autoDraw = False
792.0801 	EXP 	actionCue: autoDraw = True
793.0836 	EXP 	Sound audioGoCue stopped
795.5939 	EXP 	New trial (rep=0, index=44): <Trial 44 (44 in rep 0) data={'instructionType': 'speech_gesture', 'instructionSymbol': 'images/speak_gesture1.png', 'action': 'go', 'stimText': '"falling"', 'stimVideo': 'videos/rising_clip.mp4', 'stimAudio': 'audios/falling.wav', 'movement': 'arm', 'congruency': 'incongruent', 'thisN': 44, 'thisTrialN': 44, 'thisRepN': 0}>
795.6022 	INFO 	Opening movie file: /Users/sara-sofiagorriz/Documents/UPF Barcelona/Interactive Systems/cospeech-gesture/CoSpeech_congruency/videos/rising_clip.mp4
795.7404 	EXP 	audioStimuli: sampleRate = 44100
795.7676 	EXP 	audioGoCue: sampleRate = 44100
795.7757 	EXP 	actionCue: autoDraw = False
795.7757 	EXP 	iti: autoDraw = False
795.7757 	EXP 	textStart: autoDraw = False
795.7757 	EXP 	movieGesture: autoDraw = False
795.7757 	EXP 	instructionImage: autoDraw = False
795.7757 	EXP 	actionCue: autoDraw = False
795.7757 	EXP 	instructionImage: image = 'images/speak_gesture1.png'
795.7757 	EXP 	actionCue: fillColor = <psychopy.colors.Color: green, alpha=1.0>
795.7757 	EXP 	actionCue: borderColor = <psychopy.colors.Color: green, alpha=1.0>
795.7757 	EXP 	iti: autoDraw = True
797.5755 	EXP 	iti: autoDraw = False
797.5755 	EXP 	textStart: autoDraw = True
798.5713 	INFO 	Movie playback /Users/sara-sofiagorriz/Documents/UPF Barcelona/Interactive Systems/cospeech-gesture/CoSpeech_congruency/videos/rising_clip.mp4 started at 0.00 seconds
798.5791 	EXP 	textStart: autoDraw = False
798.5791 	EXP 	movieGesture: autoDraw = True
799.0707 	EXP 	Sound audioStimuli reached end of file
799.0872 	EXP 	Playing sound audioStimuli on speaker MacBook Pro-Lautsprecher
800.1347 	EXP 	Sound audioStimuli reached end of file
800.1431 	EXP 	Sound audioStimuli reached end of file
801.2707 	INFO 	Opening movie file: /Users/sara-sofiagorriz/Documents/UPF Barcelona/Interactive Systems/cospeech-gesture/CoSpeech_congruency/videos/rising_clip.mp4
801.4131 	INFO 	Movie stopped: /Users/sara-sofiagorriz/Documents/UPF Barcelona/Interactive Systems/cospeech-gesture/CoSpeech_congruency/videos/rising_clip.mp4
801.4176 	EXP 	movieGesture: autoDraw = False
801.5825 	EXP 	instructionImage: autoDraw = True
804.0740 	EXP 	Sound audioGoCue reached end of file
804.0900 	EXP 	Playing sound audioGoCue on speaker MacBook Pro-Lautsprecher
804.0806 	EXP 	instructionImage: autoDraw = False
804.0806 	EXP 	actionCue: autoDraw = True
805.0846 	EXP 	Sound audioGoCue stopped
807.5879 	EXP 	New trial (rep=0, index=45): <Trial 45 (45 in rep 0) data={'instructionType': 'gesture', 'instructionSymbol': 'images/hand.png', 'action': 'go', 'stimText': '"rising"', 'stimVideo': 'videos/falling_clip.mp4', 'stimAudio': 'audios/rising.wav', 'movement': 'arm', 'congruency': 'incongruent', 'thisN': 45, 'thisTrialN': 45, 'thisRepN': 0}>
807.5985 	INFO 	Opening movie file: /Users/sara-sofiagorriz/Documents/UPF Barcelona/Interactive Systems/cospeech-gesture/CoSpeech_congruency/videos/falling_clip.mp4
807.7147 	EXP 	audioStimuli: sampleRate = 44100
807.7251 	EXP 	audioGoCue: sampleRate = 44100
807.7334 	EXP 	actionCue: autoDraw = False
807.7334 	EXP 	iti: autoDraw = False
807.7334 	EXP 	textStart: autoDraw = False
807.7334 	EXP 	movieGesture: autoDraw = False
807.7334 	EXP 	instructionImage: autoDraw = False
807.7334 	EXP 	actionCue: autoDraw = False
807.7334 	EXP 	instructionImage: image = 'images/hand.png'
807.7334 	EXP 	actionCue: fillColor = <psychopy.colors.Color: green, alpha=1.0>
807.7334 	EXP 	actionCue: borderColor = <psychopy.colors.Color: green, alpha=1.0>
807.7334 	EXP 	iti: autoDraw = True
809.5853 	EXP 	iti: autoDraw = False
809.5853 	EXP 	textStart: autoDraw = True
810.5686 	INFO 	Movie playback /Users/sara-sofiagorriz/Documents/UPF Barcelona/Interactive Systems/cospeech-gesture/CoSpeech_congruency/videos/falling_clip.mp4 started at 0.00 seconds
810.5778 	EXP 	textStart: autoDraw = False
810.5778 	EXP 	movieGesture: autoDraw = True
811.0721 	EXP 	Sound audioStimuli reached end of file
811.0885 	EXP 	Playing sound audioStimuli on speaker MacBook Pro-Lautsprecher
812.1344 	EXP 	Sound audioStimuli reached end of file
812.1423 	EXP 	Sound audioStimuli reached end of file
813.5805 	INFO 	Opening movie file: /Users/sara-sofiagorriz/Documents/UPF Barcelona/Interactive Systems/cospeech-gesture/CoSpeech_congruency/videos/falling_clip.mp4
813.6881 	INFO 	Movie stopped: /Users/sara-sofiagorriz/Documents/UPF Barcelona/Interactive Systems/cospeech-gesture/CoSpeech_congruency/videos/falling_clip.mp4
813.6926 	EXP 	movieGesture: autoDraw = False
813.6926 	EXP 	instructionImage: autoDraw = True
816.0684 	EXP 	Sound audioGoCue reached end of file
816.0844 	EXP 	Playing sound audioGoCue on speaker MacBook Pro-Lautsprecher
816.0750 	EXP 	instructionImage: autoDraw = False
816.0750 	EXP 	actionCue: autoDraw = True
817.0720 	EXP 	Sound audioGoCue stopped
819.5826 	EXP 	New trial (rep=0, index=46): <Trial 46 (46 in rep 0) data={'instructionType': 'speech', 'instructionSymbol': 'images/speak.png', 'action': 'go', 'stimText': '"you"', 'stimVideo': 'videos/you_clip.mp4', 'stimAudio': 'audios/you.wav', 'movement': 'hand_wrist', 'congruency': 'congruent', 'thisN': 46, 'thisTrialN': 46, 'thisRepN': 0}>
819.5910 	INFO 	Opening movie file: /Users/sara-sofiagorriz/Documents/UPF Barcelona/Interactive Systems/cospeech-gesture/CoSpeech_congruency/videos/you_clip.mp4
819.7446 	EXP 	audioStimuli: sampleRate = 44100
819.7542 	EXP 	audioGoCue: sampleRate = 44100
819.7622 	EXP 	actionCue: autoDraw = False
819.7622 	EXP 	iti: autoDraw = False
819.7622 	EXP 	textStart: autoDraw = False
819.7622 	EXP 	movieGesture: autoDraw = False
819.7622 	EXP 	instructionImage: autoDraw = False
819.7622 	EXP 	actionCue: autoDraw = False
819.7622 	EXP 	instructionImage: image = 'images/speak.png'
819.7622 	EXP 	actionCue: fillColor = <psychopy.colors.Color: green, alpha=1.0>
819.7622 	EXP 	actionCue: borderColor = <psychopy.colors.Color: green, alpha=1.0>
819.7622 	EXP 	iti: autoDraw = True
821.5799 	EXP 	iti: autoDraw = False
821.5799 	EXP 	textStart: autoDraw = True
822.5725 	INFO 	Movie playback /Users/sara-sofiagorriz/Documents/UPF Barcelona/Interactive Systems/cospeech-gesture/CoSpeech_congruency/videos/you_clip.mp4 started at 0.00 seconds
822.5829 	EXP 	textStart: autoDraw = False
822.5829 	EXP 	movieGesture: autoDraw = True
823.0721 	EXP 	Sound audioStimuli reached end of file
823.0886 	EXP 	Playing sound audioStimuli on speaker MacBook Pro-Lautsprecher
824.1344 	EXP 	Sound audioStimuli reached end of file
824.1423 	EXP 	Sound audioStimuli reached end of file
825.5481 	INFO 	Opening movie file: /Users/sara-sofiagorriz/Documents/UPF Barcelona/Interactive Systems/cospeech-gesture/CoSpeech_congruency/videos/you_clip.mp4
825.7045 	INFO 	Movie stopped: /Users/sara-sofiagorriz/Documents/UPF Barcelona/Interactive Systems/cospeech-gesture/CoSpeech_congruency/videos/you_clip.mp4
825.7085 	EXP 	movieGesture: autoDraw = False
825.7119 	EXP 	instructionImage: autoDraw = True
828.0713 	EXP 	Sound audioGoCue reached end of file
828.0874 	EXP 	Playing sound audioGoCue on speaker MacBook Pro-Lautsprecher
828.0777 	EXP 	instructionImage: autoDraw = False
828.0777 	EXP 	actionCue: autoDraw = True
829.0844 	EXP 	Sound audioGoCue stopped
831.5942 	EXP 	New trial (rep=0, index=47): <Trial 47 (47 in rep 0) data={'instructionType': 'gesture', 'instructionSymbol': 'images/hand.png', 'action': 'go', 'stimText': '"you"', 'stimVideo': 'videos/you_clip.mp4', 'stimAudio': 'audios/you.wav', 'movement': 'hand_wrist', 'congruency': 'congruent', 'thisN': 47, 'thisTrialN': 47, 'thisRepN': 0}>
831.5998 	INFO 	Opening movie file: /Users/sara-sofiagorriz/Documents/UPF Barcelona/Interactive Systems/cospeech-gesture/CoSpeech_congruency/videos/you_clip.mp4
832.0985 	EXP 	audioStimuli: sampleRate = 44100
832.1112 	EXP 	audioGoCue: sampleRate = 44100
832.1210 	EXP 	actionCue: autoDraw = False
832.1210 	EXP 	iti: autoDraw = False
832.1210 	EXP 	textStart: autoDraw = False
832.1210 	EXP 	movieGesture: autoDraw = False
832.1210 	EXP 	instructionImage: autoDraw = False
832.1210 	EXP 	actionCue: autoDraw = False
832.1210 	EXP 	instructionImage: image = 'images/hand.png'
832.1210 	EXP 	actionCue: fillColor = <psychopy.colors.Color: green, alpha=1.0>
832.1210 	EXP 	actionCue: borderColor = <psychopy.colors.Color: green, alpha=1.0>
832.1210 	EXP 	iti: autoDraw = True
833.5754 	EXP 	iti: autoDraw = False
833.5754 	EXP 	textStart: autoDraw = True
834.5741 	INFO 	Movie playback /Users/sara-sofiagorriz/Documents/UPF Barcelona/Interactive Systems/cospeech-gesture/CoSpeech_congruency/videos/you_clip.mp4 started at 0.00 seconds
834.5846 	EXP 	textStart: autoDraw = False
834.5846 	EXP 	movieGesture: autoDraw = True
835.0681 	EXP 	Sound audioStimuli reached end of file
835.0845 	EXP 	Playing sound audioStimuli on speaker MacBook Pro-Lautsprecher
836.1303 	EXP 	Sound audioStimuli reached end of file
836.1383 	EXP 	Sound audioStimuli reached end of file
837.5458 	INFO 	Opening movie file: /Users/sara-sofiagorriz/Documents/UPF Barcelona/Interactive Systems/cospeech-gesture/CoSpeech_congruency/videos/you_clip.mp4
837.6728 	INFO 	Movie stopped: /Users/sara-sofiagorriz/Documents/UPF Barcelona/Interactive Systems/cospeech-gesture/CoSpeech_congruency/videos/you_clip.mp4
837.6773 	EXP 	movieGesture: autoDraw = False
837.6808 	EXP 	instructionImage: autoDraw = True
840.0724 	EXP 	Sound audioGoCue reached end of file
840.0881 	EXP 	Playing sound audioGoCue on speaker MacBook Pro-Lautsprecher
840.0791 	EXP 	instructionImage: autoDraw = False
840.0791 	EXP 	actionCue: autoDraw = True
841.0844 	EXP 	Sound audioGoCue stopped
843.5969 	EXP 	New trial (rep=0, index=48): <Trial 48 (48 in rep 0) data={'instructionType': 'gesture', 'instructionSymbol': 'images/hand.png', 'action': 'go', 'stimText': '"me"', 'stimVideo': 'videos/you_clip.mp4', 'stimAudio': 'audios/me.wav', 'movement': 'hand_wrist', 'congruency': 'incongruent', 'thisN': 48, 'thisTrialN': 48, 'thisRepN': 0}>
843.6012 	INFO 	Opening movie file: /Users/sara-sofiagorriz/Documents/UPF Barcelona/Interactive Systems/cospeech-gesture/CoSpeech_congruency/videos/you_clip.mp4
843.7334 	EXP 	audioStimuli: sampleRate = 44100
843.7424 	EXP 	audioGoCue: sampleRate = 44100
843.7508 	EXP 	actionCue: autoDraw = False
843.7508 	EXP 	iti: autoDraw = False
843.7508 	EXP 	textStart: autoDraw = False
843.7508 	EXP 	movieGesture: autoDraw = False
843.7508 	EXP 	instructionImage: autoDraw = False
843.7508 	EXP 	actionCue: autoDraw = False
843.7508 	EXP 	instructionImage: image = 'images/hand.png'
843.7508 	EXP 	actionCue: fillColor = <psychopy.colors.Color: green, alpha=1.0>
843.7508 	EXP 	actionCue: borderColor = <psychopy.colors.Color: green, alpha=1.0>
843.7508 	EXP 	iti: autoDraw = True
845.5816 	EXP 	iti: autoDraw = False
845.5816 	EXP 	textStart: autoDraw = True
846.5688 	INFO 	Movie playback /Users/sara-sofiagorriz/Documents/UPF Barcelona/Interactive Systems/cospeech-gesture/CoSpeech_congruency/videos/you_clip.mp4 started at 0.00 seconds
846.5759 	EXP 	textStart: autoDraw = False
846.5759 	EXP 	movieGesture: autoDraw = True
847.0722 	EXP 	Sound audioStimuli reached end of file
847.0886 	EXP 	Playing sound audioStimuli on speaker MacBook Pro-Lautsprecher
848.1140 	EXP 	Sound audioStimuli reached end of file
848.1222 	EXP 	Sound audioStimuli reached end of file
849.5334 	INFO 	Opening movie file: /Users/sara-sofiagorriz/Documents/UPF Barcelona/Interactive Systems/cospeech-gesture/CoSpeech_congruency/videos/you_clip.mp4
849.6893 	INFO 	Movie stopped: /Users/sara-sofiagorriz/Documents/UPF Barcelona/Interactive Systems/cospeech-gesture/CoSpeech_congruency/videos/you_clip.mp4
849.6967 	EXP 	movieGesture: autoDraw = False
849.7016 	EXP 	instructionImage: autoDraw = True
852.0691 	EXP 	Sound audioGoCue reached end of file
852.0851 	EXP 	Playing sound audioGoCue on speaker MacBook Pro-Lautsprecher
852.0740 	EXP 	instructionImage: autoDraw = False
852.0740 	EXP 	actionCue: autoDraw = True
853.0750 	EXP 	Sound audioGoCue stopped
855.5916 	EXP 	New trial (rep=0, index=49): <Trial 49 (49 in rep 0) data={'instructionType': 'speech_gesture', 'instructionSymbol': 'images/speak_gesture1.png', 'action': 'go', 'stimText': '"rising"', 'stimVideo': 'videos/rising_clip.mp4', 'stimAudio': 'audios/rising.wav', 'movement': 'arm', 'congruency': 'congruent', 'thisN': 49, 'thisTrialN': 49, 'thisRepN': 0}>
855.5955 	INFO 	Opening movie file: /Users/sara-sofiagorriz/Documents/UPF Barcelona/Interactive Systems/cospeech-gesture/CoSpeech_congruency/videos/rising_clip.mp4
855.7469 	EXP 	audioStimuli: sampleRate = 44100
855.7700 	EXP 	audioGoCue: sampleRate = 44100
855.7781 	EXP 	actionCue: autoDraw = False
855.7781 	EXP 	iti: autoDraw = False
855.7781 	EXP 	textStart: autoDraw = False
855.7781 	EXP 	movieGesture: autoDraw = False
855.7781 	EXP 	instructionImage: autoDraw = False
855.7781 	EXP 	actionCue: autoDraw = False
855.7781 	EXP 	instructionImage: image = 'images/speak_gesture1.png'
855.7781 	EXP 	actionCue: fillColor = <psychopy.colors.Color: green, alpha=1.0>
855.7781 	EXP 	actionCue: borderColor = <psychopy.colors.Color: green, alpha=1.0>
855.7781 	EXP 	iti: autoDraw = True
857.5794 	EXP 	iti: autoDraw = False
857.5794 	EXP 	textStart: autoDraw = True
858.5684 	INFO 	Movie playback /Users/sara-sofiagorriz/Documents/UPF Barcelona/Interactive Systems/cospeech-gesture/CoSpeech_congruency/videos/rising_clip.mp4 started at 0.00 seconds
858.5762 	EXP 	textStart: autoDraw = False
858.5762 	EXP 	movieGesture: autoDraw = True
859.0683 	EXP 	Sound audioStimuli reached end of file
859.0847 	EXP 	Playing sound audioStimuli on speaker MacBook Pro-Lautsprecher
860.1305 	EXP 	Sound audioStimuli reached end of file
860.1385 	EXP 	Sound audioStimuli reached end of file
861.2731 	INFO 	Opening movie file: /Users/sara-sofiagorriz/Documents/UPF Barcelona/Interactive Systems/cospeech-gesture/CoSpeech_congruency/videos/rising_clip.mp4
861.4091 	INFO 	Movie stopped: /Users/sara-sofiagorriz/Documents/UPF Barcelona/Interactive Systems/cospeech-gesture/CoSpeech_congruency/videos/rising_clip.mp4
861.4130 	EXP 	movieGesture: autoDraw = False
861.5840 	EXP 	instructionImage: autoDraw = True
864.0676 	EXP 	Sound audioGoCue reached end of file
864.0840 	EXP 	Playing sound audioGoCue on speaker MacBook Pro-Lautsprecher
864.0786 	EXP 	instructionImage: autoDraw = False
864.0786 	EXP 	actionCue: autoDraw = True
865.0750 	EXP 	Sound audioGoCue stopped
867.5885 	EXP 	New trial (rep=0, index=50): <Trial 50 (50 in rep 0) data={'instructionType': 'speech', 'instructionSymbol': 'images/speak.png', 'action': 'go', 'stimText': '"you"', 'stimVideo': 'videos/you_clip.mp4', 'stimAudio': 'audios/you.wav', 'movement': 'hand_wrist', 'congruency': 'congruent', 'thisN': 50, 'thisTrialN': 50, 'thisRepN': 0}>
867.5986 	INFO 	Opening movie file: /Users/sara-sofiagorriz/Documents/UPF Barcelona/Interactive Systems/cospeech-gesture/CoSpeech_congruency/videos/you_clip.mp4
867.7323 	EXP 	audioStimuli: sampleRate = 44100
867.7429 	EXP 	audioGoCue: sampleRate = 44100
867.7527 	EXP 	actionCue: autoDraw = False
867.7527 	EXP 	iti: autoDraw = False
867.7527 	EXP 	textStart: autoDraw = False
867.7527 	EXP 	movieGesture: autoDraw = False
867.7527 	EXP 	instructionImage: autoDraw = False
867.7527 	EXP 	actionCue: autoDraw = False
867.7527 	EXP 	instructionImage: image = 'images/speak.png'
867.7527 	EXP 	actionCue: fillColor = <psychopy.colors.Color: green, alpha=1.0>
867.7527 	EXP 	actionCue: borderColor = <psychopy.colors.Color: green, alpha=1.0>
867.7527 	EXP 	iti: autoDraw = True
869.5815 	EXP 	iti: autoDraw = False
869.5815 	EXP 	textStart: autoDraw = True
870.5680 	INFO 	Movie playback /Users/sara-sofiagorriz/Documents/UPF Barcelona/Interactive Systems/cospeech-gesture/CoSpeech_congruency/videos/you_clip.mp4 started at 0.00 seconds
870.5841 	EXP 	textStart: autoDraw = False
870.5841 	EXP 	movieGesture: autoDraw = True
871.0681 	EXP 	Sound audioStimuli reached end of file
871.0843 	EXP 	Playing sound audioStimuli on speaker MacBook Pro-Lautsprecher
872.1301 	EXP 	Sound audioStimuli reached end of file
872.1379 	EXP 	Sound audioStimuli reached end of file
873.5373 	INFO 	Opening movie file: /Users/sara-sofiagorriz/Documents/UPF Barcelona/Interactive Systems/cospeech-gesture/CoSpeech_congruency/videos/you_clip.mp4
873.6606 	INFO 	Movie stopped: /Users/sara-sofiagorriz/Documents/UPF Barcelona/Interactive Systems/cospeech-gesture/CoSpeech_congruency/videos/you_clip.mp4
873.6652 	EXP 	movieGesture: autoDraw = False
873.6695 	EXP 	instructionImage: autoDraw = True
876.0753 	EXP 	Sound audioGoCue reached end of file
876.0915 	EXP 	Playing sound audioGoCue on speaker MacBook Pro-Lautsprecher
876.0832 	EXP 	instructionImage: autoDraw = False
876.0832 	EXP 	actionCue: autoDraw = True
877.0840 	EXP 	Sound audioGoCue stopped
879.5903 	EXP 	New trial (rep=0, index=51): <Trial 51 (51 in rep 0) data={'instructionType': 'gesture', 'instructionSymbol': 'images/hand.png', 'action': 'go', 'stimText': '"rising"', 'stimVideo': 'videos/falling_clip.mp4', 'stimAudio': 'audios/rising.wav', 'movement': 'arm', 'congruency': 'incongruent', 'thisN': 51, 'thisTrialN': 51, 'thisRepN': 0}>
879.6042 	INFO 	Opening movie file: /Users/sara-sofiagorriz/Documents/UPF Barcelona/Interactive Systems/cospeech-gesture/CoSpeech_congruency/videos/falling_clip.mp4
879.7020 	EXP 	audioStimuli: sampleRate = 44100
879.7099 	EXP 	audioGoCue: sampleRate = 44100
879.7178 	EXP 	actionCue: autoDraw = False
879.7178 	EXP 	iti: autoDraw = False
879.7178 	EXP 	textStart: autoDraw = False
879.7178 	EXP 	movieGesture: autoDraw = False
879.7178 	EXP 	instructionImage: autoDraw = False
879.7178 	EXP 	actionCue: autoDraw = False
879.7178 	EXP 	instructionImage: image = 'images/hand.png'
879.7178 	EXP 	actionCue: fillColor = <psychopy.colors.Color: green, alpha=1.0>
879.7178 	EXP 	actionCue: borderColor = <psychopy.colors.Color: green, alpha=1.0>
879.7178 	EXP 	iti: autoDraw = True
881.5754 	EXP 	iti: autoDraw = False
881.5754 	EXP 	textStart: autoDraw = True
882.5753 	INFO 	Movie playback /Users/sara-sofiagorriz/Documents/UPF Barcelona/Interactive Systems/cospeech-gesture/CoSpeech_congruency/videos/falling_clip.mp4 started at 0.00 seconds
882.5841 	EXP 	textStart: autoDraw = False
882.5841 	EXP 	movieGesture: autoDraw = True
883.0678 	EXP 	Sound audioStimuli reached end of file
883.0842 	EXP 	Playing sound audioStimuli on speaker MacBook Pro-Lautsprecher
884.1300 	EXP 	Sound audioStimuli reached end of file
884.1381 	EXP 	Sound audioStimuli reached end of file
885.5701 	INFO 	Opening movie file: /Users/sara-sofiagorriz/Documents/UPF Barcelona/Interactive Systems/cospeech-gesture/CoSpeech_congruency/videos/falling_clip.mp4
885.9809 	INFO 	Movie stopped: /Users/sara-sofiagorriz/Documents/UPF Barcelona/Interactive Systems/cospeech-gesture/CoSpeech_congruency/videos/falling_clip.mp4
885.9865 	EXP 	movieGesture: autoDraw = False
885.9865 	EXP 	instructionImage: autoDraw = True
888.0801 	EXP 	Sound audioGoCue reached end of file
888.0961 	EXP 	Playing sound audioGoCue on speaker MacBook Pro-Lautsprecher
888.0878 	EXP 	instructionImage: autoDraw = False
888.0878 	EXP 	actionCue: autoDraw = True
889.0834 	EXP 	Sound audioGoCue stopped
891.5839 	EXP 	New trial (rep=0, index=0): <Trial 0 (0 in rep 0) data={'thisN': 0, 'thisTrialN': 0, 'thisRepN': 0}>
891.5888 	EXP 	actionCue: autoDraw = False
891.5888 	EXP 	iti: autoDraw = False
891.5888 	EXP 	textStart: autoDraw = False
891.5888 	EXP 	movieGesture: autoDraw = False
891.5888 	EXP 	instructionImage: autoDraw = False
891.5888 	EXP 	actionCue: autoDraw = False
891.5888 	EXP 	textTwothirds: autoDraw = True
906.5789 	EXP 	New trial (rep=0, index=52): <Trial 52 (52 in rep 0) data={'instructionType': 'speech_gesture', 'instructionSymbol': 'images/speak_gesture1.png', 'action': 'go', 'stimText': '"rising"', 'stimVideo': 'videos/falling_clip.mp4', 'stimAudio': 'audios/rising.wav', 'movement': 'arm', 'congruency': 'incongruent', 'thisN': 52, 'thisTrialN': 52, 'thisRepN': 0}>
906.5860 	INFO 	Opening movie file: /Users/sara-sofiagorriz/Documents/UPF Barcelona/Interactive Systems/cospeech-gesture/CoSpeech_congruency/videos/falling_clip.mp4
906.6922 	EXP 	audioStimuli: sampleRate = 44100
906.7248 	EXP 	audioGoCue: sampleRate = 44100
906.7340 	EXP 	textTwothirds: autoDraw = False
906.7340 	EXP 	textTwothirds: autoDraw = False
906.7340 	EXP 	instructionImage: image = 'images/speak_gesture1.png'
906.7340 	EXP 	actionCue: fillColor = <psychopy.colors.Color: green, alpha=1.0>
906.7340 	EXP 	actionCue: borderColor = <psychopy.colors.Color: green, alpha=1.0>
906.7340 	EXP 	iti: autoDraw = True
908.5798 	EXP 	iti: autoDraw = False
908.5798 	EXP 	textStart: autoDraw = True
909.5700 	INFO 	Movie playback /Users/sara-sofiagorriz/Documents/UPF Barcelona/Interactive Systems/cospeech-gesture/CoSpeech_congruency/videos/falling_clip.mp4 started at 0.00 seconds
909.5792 	EXP 	textStart: autoDraw = False
909.5792 	EXP 	movieGesture: autoDraw = True
910.0712 	EXP 	Sound audioStimuli reached end of file
910.0875 	EXP 	Playing sound audioStimuli on speaker MacBook Pro-Lautsprecher
911.1332 	EXP 	Sound audioStimuli reached end of file
911.1412 	EXP 	Sound audioStimuli reached end of file
912.5800 	INFO 	Opening movie file: /Users/sara-sofiagorriz/Documents/UPF Barcelona/Interactive Systems/cospeech-gesture/CoSpeech_congruency/videos/falling_clip.mp4
912.6843 	INFO 	Movie stopped: /Users/sara-sofiagorriz/Documents/UPF Barcelona/Interactive Systems/cospeech-gesture/CoSpeech_congruency/videos/falling_clip.mp4
912.6900 	EXP 	movieGesture: autoDraw = False
912.6900 	EXP 	instructionImage: autoDraw = True
915.0710 	EXP 	Sound audioGoCue reached end of file
915.0874 	EXP 	Playing sound audioGoCue on speaker MacBook Pro-Lautsprecher
915.0752 	EXP 	instructionImage: autoDraw = False
915.0752 	EXP 	actionCue: autoDraw = True
916.0795 	EXP 	Sound audioGoCue stopped
918.5782 	EXP 	New trial (rep=0, index=0): <Trial 0 (0 in rep 0) data={'thisN': 0, 'thisTrialN': 0, 'thisRepN': 0}>
918.5823 	EXP 	actionCue: autoDraw = False
918.5823 	EXP 	iti: autoDraw = False
918.5823 	EXP 	textStart: autoDraw = False
918.5823 	EXP 	movieGesture: autoDraw = False
918.5823 	EXP 	instructionImage: autoDraw = False
918.5823 	EXP 	actionCue: autoDraw = False
918.5823 	EXP 	textTwothirds: autoDraw = True
933.5800 	EXP 	New trial (rep=0, index=53): <Trial 53 (53 in rep 0) data={'instructionType': 'speech', 'instructionSymbol': 'images/speak.png', 'action': 'go', 'stimText': '"falling"', 'stimVideo': 'videos/rising_clip.mp4', 'stimAudio': 'audios/falling.wav', 'movement': 'arm', 'congruency': 'incongruent', 'thisN': 53, 'thisTrialN': 53, 'thisRepN': 0}>
933.5886 	INFO 	Opening movie file: /Users/sara-sofiagorriz/Documents/UPF Barcelona/Interactive Systems/cospeech-gesture/CoSpeech_congruency/videos/rising_clip.mp4
933.7450 	EXP 	audioStimuli: sampleRate = 44100
933.7600 	EXP 	audioGoCue: sampleRate = 44100
933.7705 	EXP 	textTwothirds: autoDraw = False
933.7705 	EXP 	textTwothirds: autoDraw = False
933.7705 	EXP 	instructionImage: image = 'images/speak.png'
933.7705 	EXP 	actionCue: fillColor = <psychopy.colors.Color: green, alpha=1.0>
933.7705 	EXP 	actionCue: borderColor = <psychopy.colors.Color: green, alpha=1.0>
933.7705 	EXP 	iti: autoDraw = True
935.1088 	EXP 	Device response: <KeyPress from None: t=935.0955881659902, value=escape, duration=None>
935.1959 	DATA 	Keypress: escape
935.2030 	EXP 	Device response: <KeyPress from None: t=935.0955881659902, value=escape, duration=0.07281754100404214>
935.2031 	EXP 	exp_cospeech_congruency: status = STOPPED
935.2055 	EXP 	iti: autoDraw = False
935.2056 	EXP 	exp_cospeech_congruency: status = STOPPED
935.2418 	INFO 	saved data to '/Users/sara-sofiagorriz/Documents/UPF Barcelona/Interactive Systems/cospeech-gesture/CoSpeech_congruency/data/245562_exp_cospeech_congruency_2025-12-23_22h49.14.425.csv'
935.2460 	INFO 	saved data to /Users/sara-sofiagorriz/Documents/UPF Barcelona/Interactive Systems/cospeech-gesture/CoSpeech_congruency/data/245562_exp_cospeech_congruency_2025-12-23_22h49.14.425.psydat
936.3036 	WARNING 	Stopping key buffers but this could be dangerous ifother keyboards rely on the same.
936.3038 	WARNING 	Stopping key buffers but this could be dangerous ifother keyboards rely on the same.
936.3038 	WARNING 	Stopping key buffers but this could be dangerous ifother keyboards rely on the same.
936.3038 	WARNING 	Stopping key buffers but this could be dangerous ifother keyboards rely on the same.
936.3038 	WARNING 	Stopping key buffers but this could be dangerous ifother keyboards rely on the same.
936.3038 	WARNING 	Stopping key buffers but this could be dangerous ifother keyboards rely on the same.
936.3038 	WARNING 	Stopping key buffers but this could be dangerous ifother keyboards rely on the same.
936.3038 	WARNING 	Stopping key buffers but this could be dangerous ifother keyboards rely on the same.
936.3038 	WARNING 	Stopping key buffers but this could be dangerous ifother keyboards rely on the same.
